ISO-10303-21;
HEADER;
FILE_DESCRIPTION(('Open CASCADE Model'),'2;1');
FILE_NAME('Open CASCADE Shape Model','2026-10-07T13:43:43',('Author'),(
    'Open CASCADE'),'Open CASCADE STEP processor 7.9','Open CASCADE 7.9'
  ,'Unknown');
FILE_SCHEMA(('AUTOMOTIVE_DESIGN { 1 0 10303 214 1 1 1 1 }'));
ENDSEC;
DATA;
#1 = APPLICATION_PROTOCOL_DEFINITION('international standard',
  'automotive_design',2000,#2);
#2 = APPLICATION_CONTEXT(
  'core data for automotive mechanical design processes');
#3 = SHAPE_DEFINITION_REPRESENTATION(#4,#10);
#4 = PRODUCT_DEFINITION_SHAPE('','',#5);
#5 = PRODUCT_DEFINITION('design','',#6,#9);
#6 = PRODUCT_DEFINITION_FORMATION('','',#7);
#7 = PRODUCT('FB-JELCZ','FB-JELCZ','',(#8));
#8 = PRODUCT_CONTEXT('',#2,'mechanical');
#9 = PRODUCT_DEFINITION_CONTEXT('part definition',#2,'design');
#10 = SHAPE_REPRESENTATION('',(#11,#15,#19),#23);
#11 = AXIS2_PLACEMENT_3D('',#12,#13,#14);
#12 = CARTESIAN_POINT('',(0.,0.,0.));
#13 = DIRECTION('',(0.,0.,1.));
#14 = DIRECTION('',(1.,0.,-0.));
#15 = AXIS2_PLACEMENT_3D('',#16,#17,#18);
#16 = CARTESIAN_POINT('',(0.,0.,0.));
#17 = DIRECTION('',(0.,0.,1.));
#18 = DIRECTION('',(1.,0.,-0.));
#19 = AXIS2_PLACEMENT_3D('',#20,#21,#22);
#20 = CARTESIAN_POINT('',(0.,0.,0.));
#21 = DIRECTION('',(0.,0.,1.));
#22 = DIRECTION('',(1.,0.,-0.));
#23 = ( GEOMETRIC_REPRESENTATION_CONTEXT(3) 
GLOBAL_UNCERTAINTY_ASSIGNED_CONTEXT((#27)) GLOBAL_UNIT_ASSIGNED_CONTEXT(
(#24,#25,#26)) REPRESENTATION_CONTEXT('Context #1',
  '3D Context with UNIT and UNCERTAINTY') );
#24 = ( LENGTH_UNIT() NAMED_UNIT(*) SI_UNIT(.MILLI.,.METRE.) );
#25 = ( NAMED_UNIT(*) PLANE_ANGLE_UNIT() SI_UNIT($,.RADIAN.) );
#26 = ( NAMED_UNIT(*) SI_UNIT($,.STERADIAN.) SOLID_ANGLE_UNIT() );
#27 = UNCERTAINTY_MEASURE_WITH_UNIT(LENGTH_MEASURE(1.E-07),#24,
  'distance_accuracy_value','confusion accuracy');
#28 = PRODUCT_RELATED_PRODUCT_CATEGORY('part',$,(#7));
#29 = SHAPE_DEFINITION_REPRESENTATION(#30,#36);
#30 = PRODUCT_DEFINITION_SHAPE('','',#31);
#31 = PRODUCT_DEFINITION('design','',#32,#35);
#32 = PRODUCT_DEFINITION_FORMATION('','',#33);
#33 = PRODUCT('blue','blue','',(#34));
#34 = PRODUCT_CONTEXT('',#2,'mechanical');
#35 = PRODUCT_DEFINITION_CONTEXT('part definition',#2,'design');
#36 = SHAPE_REPRESENTATION('',(#11,#37,#757,#2491),#5785);
#37 = MANIFOLD_SOLID_BREP('',#38);
#38 = CLOSED_SHELL('',(#39,#159,#235,#311,#387,#463,#539,#615,#686,#733,
    #745));
#39 = ADVANCED_FACE('',(#40),#54,.F.);
#40 = FACE_BOUND('',#41,.F.);
#41 = EDGE_LOOP('',(#42,#77,#105,#133));
#42 = ORIENTED_EDGE('',*,*,#43,.T.);
#43 = EDGE_CURVE('',#44,#46,#48,.T.);
#44 = VERTEX_POINT('',#45);
#45 = CARTESIAN_POINT('',(70.34309623431,15.589958158996,0.));
#46 = VERTEX_POINT('',#47);
#47 = CARTESIAN_POINT('',(70.34309623431,15.589958158996,3.));
#48 = SURFACE_CURVE('',#49,(#53,#65),.PCURVE_S1.);
#49 = LINE('',#50,#51);
#50 = CARTESIAN_POINT('',(70.34309623431,15.589958158996,0.));
#51 = VECTOR('',#52,1.);
#52 = DIRECTION('',(0.,0.,1.));
#53 = PCURVE('',#54,#59);
#54 = PLANE('',#55);
#55 = AXIS2_PLACEMENT_3D('',#56,#57,#58);
#56 = CARTESIAN_POINT('',(70.34309623431,15.589958158996,0.));
#57 = DIRECTION('',(-0.613940613515,-0.789352217376,0.));
#58 = DIRECTION('',(-0.789352217376,0.613940613515,0.));
#59 = DEFINITIONAL_REPRESENTATION('',(#60),#64);
#60 = LINE('',#61,#62);
#61 = CARTESIAN_POINT('',(0.,0.));
#62 = VECTOR('',#63,1.);
#63 = DIRECTION('',(0.,-1.));
#64 = ( GEOMETRIC_REPRESENTATION_CONTEXT(2) 
PARAMETRIC_REPRESENTATION_CONTEXT() REPRESENTATION_CONTEXT('2D SPACE',''
  ) );
#65 = PCURVE('',#66,#71);
#66 = PLANE('',#67);
#67 = AXIS2_PLACEMENT_3D('',#68,#69,#70);
#68 = CARTESIAN_POINT('',(70.418410041841,9.640167364017,0.));
#69 = DIRECTION('',(-0.99991989426,-1.265721385139E-02,0.));
#70 = DIRECTION('',(-1.265721385139E-02,0.99991989426,0.));
#71 = DEFINITIONAL_REPRESENTATION('',(#72),#76);
#72 = LINE('',#73,#74);
#73 = CARTESIAN_POINT('',(5.950267445554,0.));
#74 = VECTOR('',#75,1.);
#75 = DIRECTION('',(0.,-1.));
#76 = ( GEOMETRIC_REPRESENTATION_CONTEXT(2) 
PARAMETRIC_REPRESENTATION_CONTEXT() REPRESENTATION_CONTEXT('2D SPACE',''
  ) );
#77 = ORIENTED_EDGE('',*,*,#78,.T.);
#78 = EDGE_CURVE('',#46,#79,#81,.T.);
#79 = VERTEX_POINT('',#80);
#80 = CARTESIAN_POINT('',(69.665271966527,16.117154811715,3.));
#81 = SURFACE_CURVE('',#82,(#86,#93),.PCURVE_S1.);
#82 = LINE('',#83,#84);
#83 = CARTESIAN_POINT('',(70.34309623431,15.589958158996,3.));
#84 = VECTOR('',#85,1.);
#85 = DIRECTION('',(-0.789352217376,0.613940613515,0.));
#86 = PCURVE('',#54,#87);
#87 = DEFINITIONAL_REPRESENTATION('',(#88),#92);
#88 = LINE('',#89,#90);
#89 = CARTESIAN_POINT('',(0.,-3.));
#90 = VECTOR('',#91,1.);
#91 = DIRECTION('',(1.,0.));
#92 = ( GEOMETRIC_REPRESENTATION_CONTEXT(2) 
PARAMETRIC_REPRESENTATION_CONTEXT() REPRESENTATION_CONTEXT('2D SPACE',''
  ) );
#93 = PCURVE('',#94,#99);
#94 = PLANE('',#95);
#95 = AXIS2_PLACEMENT_3D('',#96,#97,#98);
#96 = CARTESIAN_POINT('',(63.711598249234,12.554875121183,3.));
#97 = DIRECTION('',(0.,0.,1.));
#98 = DIRECTION('',(1.,0.,-0.));
#99 = DEFINITIONAL_REPRESENTATION('',(#100),#104);
#100 = LINE('',#101,#102);
#101 = CARTESIAN_POINT('',(6.631497985076,3.035083037813));
#102 = VECTOR('',#103,1.);
#103 = DIRECTION('',(-0.789352217376,0.613940613515));
#104 = ( GEOMETRIC_REPRESENTATION_CONTEXT(2) 
PARAMETRIC_REPRESENTATION_CONTEXT() REPRESENTATION_CONTEXT('2D SPACE',''
  ) );
#105 = ORIENTED_EDGE('',*,*,#106,.F.);
#106 = EDGE_CURVE('',#107,#79,#109,.T.);
#107 = VERTEX_POINT('',#108);
#108 = CARTESIAN_POINT('',(69.665271966527,16.117154811715,0.));
#109 = SURFACE_CURVE('',#110,(#114,#121),.PCURVE_S1.);
#110 = LINE('',#111,#112);
#111 = CARTESIAN_POINT('',(69.665271966527,16.117154811715,0.));
#112 = VECTOR('',#113,1.);
#113 = DIRECTION('',(0.,0.,1.));
#114 = PCURVE('',#54,#115);
#115 = DEFINITIONAL_REPRESENTATION('',(#116),#120);
#116 = LINE('',#117,#118);
#117 = CARTESIAN_POINT('',(0.858709525179,0.));
#118 = VECTOR('',#119,1.);
#119 = DIRECTION('',(0.,-1.));
#120 = ( GEOMETRIC_REPRESENTATION_CONTEXT(2) 
PARAMETRIC_REPRESENTATION_CONTEXT() REPRESENTATION_CONTEXT('2D SPACE',''
  ) );
#121 = PCURVE('',#122,#127);
#122 = PLANE('',#123);
#123 = AXIS2_PLACEMENT_3D('',#124,#125,#126);
#124 = CARTESIAN_POINT('',(69.665271966527,16.117154811715,0.));
#125 = DIRECTION('',(1.22690151264E-02,-0.999924732801,0.));
#126 = DIRECTION('',(-0.999924732801,-1.22690151264E-02,0.));
#127 = DEFINITIONAL_REPRESENTATION('',(#128),#132);
#128 = LINE('',#129,#130);
#129 = CARTESIAN_POINT('',(0.,0.));
#130 = VECTOR('',#131,1.);
#131 = DIRECTION('',(0.,-1.));
#132 = ( GEOMETRIC_REPRESENTATION_CONTEXT(2) 
PARAMETRIC_REPRESENTATION_CONTEXT() REPRESENTATION_CONTEXT('2D SPACE',''
  ) );
#133 = ORIENTED_EDGE('',*,*,#134,.F.);
#134 = EDGE_CURVE('',#44,#107,#135,.T.);
#135 = SURFACE_CURVE('',#136,(#140,#147),.PCURVE_S1.);
#136 = LINE('',#137,#138);
#137 = CARTESIAN_POINT('',(70.34309623431,15.589958158996,0.));
#138 = VECTOR('',#139,1.);
#139 = DIRECTION('',(-0.789352217376,0.613940613515,0.));
#140 = PCURVE('',#54,#141);
#141 = DEFINITIONAL_REPRESENTATION('',(#142),#146);
#142 = LINE('',#143,#144);
#143 = CARTESIAN_POINT('',(0.,0.));
#144 = VECTOR('',#145,1.);
#145 = DIRECTION('',(1.,0.));
#146 = ( GEOMETRIC_REPRESENTATION_CONTEXT(2) 
PARAMETRIC_REPRESENTATION_CONTEXT() REPRESENTATION_CONTEXT('2D SPACE',''
  ) );
#147 = PCURVE('',#148,#153);
#148 = PLANE('',#149);
#149 = AXIS2_PLACEMENT_3D('',#150,#151,#152);
#150 = CARTESIAN_POINT('',(63.711598249234,12.554875121183,0.));
#151 = DIRECTION('',(0.,0.,1.));
#152 = DIRECTION('',(1.,0.,-0.));
#153 = DEFINITIONAL_REPRESENTATION('',(#154),#158);
#154 = LINE('',#155,#156);
#155 = CARTESIAN_POINT('',(6.631497985076,3.035083037813));
#156 = VECTOR('',#157,1.);
#157 = DIRECTION('',(-0.789352217376,0.613940613515));
#158 = ( GEOMETRIC_REPRESENTATION_CONTEXT(2) 
PARAMETRIC_REPRESENTATION_CONTEXT() REPRESENTATION_CONTEXT('2D SPACE',''
  ) );
#159 = ADVANCED_FACE('',(#160),#122,.F.);
#160 = FACE_BOUND('',#161,.F.);
#161 = EDGE_LOOP('',(#162,#163,#186,#214));
#162 = ORIENTED_EDGE('',*,*,#106,.T.);
#163 = ORIENTED_EDGE('',*,*,#164,.T.);
#164 = EDGE_CURVE('',#79,#165,#167,.T.);
#165 = VERTEX_POINT('',#166);
#166 = CARTESIAN_POINT('',(57.389121338912,15.966527196653,3.));
#167 = SURFACE_CURVE('',#168,(#172,#179),.PCURVE_S1.);
#168 = LINE('',#169,#170);
#169 = CARTESIAN_POINT('',(69.665271966527,16.117154811715,3.));
#170 = VECTOR('',#171,1.);
#171 = DIRECTION('',(-0.999924732801,-1.22690151264E-02,0.));
#172 = PCURVE('',#122,#173);
#173 = DEFINITIONAL_REPRESENTATION('',(#174),#178);
#174 = LINE('',#175,#176);
#175 = CARTESIAN_POINT('',(0.,-3.));
#176 = VECTOR('',#177,1.);
#177 = DIRECTION('',(1.,0.));
#178 = ( GEOMETRIC_REPRESENTATION_CONTEXT(2) 
PARAMETRIC_REPRESENTATION_CONTEXT() REPRESENTATION_CONTEXT('2D SPACE',''
  ) );
#179 = PCURVE('',#94,#180);
#180 = DEFINITIONAL_REPRESENTATION('',(#181),#185);
#181 = LINE('',#182,#183);
#182 = CARTESIAN_POINT('',(5.953673717294,3.562279690533));
#183 = VECTOR('',#184,1.);
#184 = DIRECTION('',(-0.999924732801,-1.22690151264E-02));
#185 = ( GEOMETRIC_REPRESENTATION_CONTEXT(2) 
PARAMETRIC_REPRESENTATION_CONTEXT() REPRESENTATION_CONTEXT('2D SPACE',''
  ) );
#186 = ORIENTED_EDGE('',*,*,#187,.F.);
#187 = EDGE_CURVE('',#188,#165,#190,.T.);
#188 = VERTEX_POINT('',#189);
#189 = CARTESIAN_POINT('',(57.389121338912,15.966527196653,0.));
#190 = SURFACE_CURVE('',#191,(#195,#202),.PCURVE_S1.);
#191 = LINE('',#192,#193);
#192 = CARTESIAN_POINT('',(57.389121338912,15.966527196653,0.));
#193 = VECTOR('',#194,1.);
#194 = DIRECTION('',(0.,0.,1.));
#195 = PCURVE('',#122,#196);
#196 = DEFINITIONAL_REPRESENTATION('',(#197),#201);
#197 = LINE('',#198,#199);
#198 = CARTESIAN_POINT('',(12.277074688635,0.));
#199 = VECTOR('',#200,1.);
#200 = DIRECTION('',(0.,-1.));
#201 = ( GEOMETRIC_REPRESENTATION_CONTEXT(2) 
PARAMETRIC_REPRESENTATION_CONTEXT() REPRESENTATION_CONTEXT('2D SPACE',''
  ) );
#202 = PCURVE('',#203,#208);
#203 = PLANE('',#204);
#204 = AXIS2_PLACEMENT_3D('',#205,#206,#207);
#205 = CARTESIAN_POINT('',(57.389121338912,15.966527196653,0.));
#206 = DIRECTION('',(0.874157276122,-0.485642931179,0.));
#207 = DIRECTION('',(-0.485642931179,-0.874157276122,0.));
#208 = DEFINITIONAL_REPRESENTATION('',(#209),#213);
#209 = LINE('',#210,#211);
#210 = CARTESIAN_POINT('',(0.,0.));
#211 = VECTOR('',#212,1.);
#212 = DIRECTION('',(0.,-1.));
#213 = ( GEOMETRIC_REPRESENTATION_CONTEXT(2) 
PARAMETRIC_REPRESENTATION_CONTEXT() REPRESENTATION_CONTEXT('2D SPACE',''
  ) );
#214 = ORIENTED_EDGE('',*,*,#215,.F.);
#215 = EDGE_CURVE('',#107,#188,#216,.T.);
#216 = SURFACE_CURVE('',#217,(#221,#228),.PCURVE_S1.);
#217 = LINE('',#218,#219);
#218 = CARTESIAN_POINT('',(69.665271966527,16.117154811715,0.));
#219 = VECTOR('',#220,1.);
#220 = DIRECTION('',(-0.999924732801,-1.22690151264E-02,0.));
#221 = PCURVE('',#122,#222);
#222 = DEFINITIONAL_REPRESENTATION('',(#223),#227);
#223 = LINE('',#224,#225);
#224 = CARTESIAN_POINT('',(0.,0.));
#225 = VECTOR('',#226,1.);
#226 = DIRECTION('',(1.,0.));
#227 = ( GEOMETRIC_REPRESENTATION_CONTEXT(2) 
PARAMETRIC_REPRESENTATION_CONTEXT() REPRESENTATION_CONTEXT('2D SPACE',''
  ) );
#228 = PCURVE('',#148,#229);
#229 = DEFINITIONAL_REPRESENTATION('',(#230),#234);
#230 = LINE('',#231,#232);
#231 = CARTESIAN_POINT('',(5.953673717294,3.562279690533));
#232 = VECTOR('',#233,1.);
#233 = DIRECTION('',(-0.999924732801,-1.22690151264E-02));
#234 = ( GEOMETRIC_REPRESENTATION_CONTEXT(2) 
PARAMETRIC_REPRESENTATION_CONTEXT() REPRESENTATION_CONTEXT('2D SPACE',''
  ) );
#235 = ADVANCED_FACE('',(#236),#203,.F.);
#236 = FACE_BOUND('',#237,.F.);
#237 = EDGE_LOOP('',(#238,#239,#262,#290));
#238 = ORIENTED_EDGE('',*,*,#187,.T.);
#239 = ORIENTED_EDGE('',*,*,#240,.T.);
#240 = EDGE_CURVE('',#165,#241,#243,.T.);
#241 = VERTEX_POINT('',#242);
#242 = CARTESIAN_POINT('',(57.012552301255,15.28870292887,3.));
#243 = SURFACE_CURVE('',#244,(#248,#255),.PCURVE_S1.);
#244 = LINE('',#245,#246);
#245 = CARTESIAN_POINT('',(57.389121338912,15.966527196653,3.));
#246 = VECTOR('',#247,1.);
#247 = DIRECTION('',(-0.485642931179,-0.874157276122,0.));
#248 = PCURVE('',#203,#249);
#249 = DEFINITIONAL_REPRESENTATION('',(#250),#254);
#250 = LINE('',#251,#252);
#251 = CARTESIAN_POINT('',(0.,-3.));
#252 = VECTOR('',#253,1.);
#253 = DIRECTION('',(1.,0.));
#254 = ( GEOMETRIC_REPRESENTATION_CONTEXT(2) 
PARAMETRIC_REPRESENTATION_CONTEXT() REPRESENTATION_CONTEXT('2D SPACE',''
  ) );
#255 = PCURVE('',#94,#256);
#256 = DEFINITIONAL_REPRESENTATION('',(#257),#261);
#257 = LINE('',#258,#259);
#258 = CARTESIAN_POINT('',(-6.322476910321,3.41165207547));
#259 = VECTOR('',#260,1.);
#260 = DIRECTION('',(-0.485642931179,-0.874157276122));
#261 = ( GEOMETRIC_REPRESENTATION_CONTEXT(2) 
PARAMETRIC_REPRESENTATION_CONTEXT() REPRESENTATION_CONTEXT('2D SPACE',''
  ) );
#262 = ORIENTED_EDGE('',*,*,#263,.F.);
#263 = EDGE_CURVE('',#264,#241,#266,.T.);
#264 = VERTEX_POINT('',#265);
#265 = CARTESIAN_POINT('',(57.012552301255,15.28870292887,0.));
#266 = SURFACE_CURVE('',#267,(#271,#278),.PCURVE_S1.);
#267 = LINE('',#268,#269);
#268 = CARTESIAN_POINT('',(57.012552301255,15.28870292887,0.));
#269 = VECTOR('',#270,1.);
#270 = DIRECTION('',(0.,0.,1.));
#271 = PCURVE('',#203,#272);
#272 = DEFINITIONAL_REPRESENTATION('',(#273),#277);
#273 = LINE('',#274,#275);
#274 = CARTESIAN_POINT('',(0.775403106853,0.));
#275 = VECTOR('',#276,1.);
#276 = DIRECTION('',(0.,-1.));
#277 = ( GEOMETRIC_REPRESENTATION_CONTEXT(2) 
PARAMETRIC_REPRESENTATION_CONTEXT() REPRESENTATION_CONTEXT('2D SPACE',''
  ) );
#278 = PCURVE('',#279,#284);
#279 = PLANE('',#280);
#280 = AXIS2_PLACEMENT_3D('',#281,#282,#283);
#281 = CARTESIAN_POINT('',(57.012552301255,15.28870292887,0.));
#282 = DIRECTION('',(1.,0.,-0.));
#283 = DIRECTION('',(0.,-1.,0.));
#284 = DEFINITIONAL_REPRESENTATION('',(#285),#289);
#285 = LINE('',#286,#287);
#286 = CARTESIAN_POINT('',(0.,0.));
#287 = VECTOR('',#288,1.);
#288 = DIRECTION('',(0.,-1.));
#289 = ( GEOMETRIC_REPRESENTATION_CONTEXT(2) 
PARAMETRIC_REPRESENTATION_CONTEXT() REPRESENTATION_CONTEXT('2D SPACE',''
  ) );
#290 = ORIENTED_EDGE('',*,*,#291,.F.);
#291 = EDGE_CURVE('',#188,#264,#292,.T.);
#292 = SURFACE_CURVE('',#293,(#297,#304),.PCURVE_S1.);
#293 = LINE('',#294,#295);
#294 = CARTESIAN_POINT('',(57.389121338912,15.966527196653,0.));
#295 = VECTOR('',#296,1.);
#296 = DIRECTION('',(-0.485642931179,-0.874157276122,0.));
#297 = PCURVE('',#203,#298);
#298 = DEFINITIONAL_REPRESENTATION('',(#299),#303);
#299 = LINE('',#300,#301);
#300 = CARTESIAN_POINT('',(0.,0.));
#301 = VECTOR('',#302,1.);
#302 = DIRECTION('',(1.,0.));
#303 = ( GEOMETRIC_REPRESENTATION_CONTEXT(2) 
PARAMETRIC_REPRESENTATION_CONTEXT() REPRESENTATION_CONTEXT('2D SPACE',''
  ) );
#304 = PCURVE('',#148,#305);
#305 = DEFINITIONAL_REPRESENTATION('',(#306),#310);
#306 = LINE('',#307,#308);
#307 = CARTESIAN_POINT('',(-6.322476910321,3.41165207547));
#308 = VECTOR('',#309,1.);
#309 = DIRECTION('',(-0.485642931179,-0.874157276122));
#310 = ( GEOMETRIC_REPRESENTATION_CONTEXT(2) 
PARAMETRIC_REPRESENTATION_CONTEXT() REPRESENTATION_CONTEXT('2D SPACE',''
  ) );
#311 = ADVANCED_FACE('',(#312),#279,.F.);
#312 = FACE_BOUND('',#313,.F.);
#313 = EDGE_LOOP('',(#314,#315,#338,#366));
#314 = ORIENTED_EDGE('',*,*,#263,.T.);
#315 = ORIENTED_EDGE('',*,*,#316,.T.);
#316 = EDGE_CURVE('',#241,#317,#319,.T.);
#317 = VERTEX_POINT('',#318);
#318 = CARTESIAN_POINT('',(57.012552301255,9.640167364017,3.));
#319 = SURFACE_CURVE('',#320,(#324,#331),.PCURVE_S1.);
#320 = LINE('',#321,#322);
#321 = CARTESIAN_POINT('',(57.012552301255,15.28870292887,3.));
#322 = VECTOR('',#323,1.);
#323 = DIRECTION('',(0.,-1.,0.));
#324 = PCURVE('',#279,#325);
#325 = DEFINITIONAL_REPRESENTATION('',(#326),#330);
#326 = LINE('',#327,#328);
#327 = CARTESIAN_POINT('',(0.,-3.));
#328 = VECTOR('',#329,1.);
#329 = DIRECTION('',(1.,0.));
#330 = ( GEOMETRIC_REPRESENTATION_CONTEXT(2) 
PARAMETRIC_REPRESENTATION_CONTEXT() REPRESENTATION_CONTEXT('2D SPACE',''
  ) );
#331 = PCURVE('',#94,#332);
#332 = DEFINITIONAL_REPRESENTATION('',(#333),#337);
#333 = LINE('',#334,#335);
#334 = CARTESIAN_POINT('',(-6.699045947978,2.733827807688));
#335 = VECTOR('',#336,1.);
#336 = DIRECTION('',(0.,-1.));
#337 = ( GEOMETRIC_REPRESENTATION_CONTEXT(2) 
PARAMETRIC_REPRESENTATION_CONTEXT() REPRESENTATION_CONTEXT('2D SPACE',''
  ) );
#338 = ORIENTED_EDGE('',*,*,#339,.F.);
#339 = EDGE_CURVE('',#340,#317,#342,.T.);
#340 = VERTEX_POINT('',#341);
#341 = CARTESIAN_POINT('',(57.012552301255,9.640167364017,0.));
#342 = SURFACE_CURVE('',#343,(#347,#354),.PCURVE_S1.);
#343 = LINE('',#344,#345);
#344 = CARTESIAN_POINT('',(57.012552301255,9.640167364017,0.));
#345 = VECTOR('',#346,1.);
#346 = DIRECTION('',(0.,0.,1.));
#347 = PCURVE('',#279,#348);
#348 = DEFINITIONAL_REPRESENTATION('',(#349),#353);
#349 = LINE('',#350,#351);
#350 = CARTESIAN_POINT('',(5.648535564854,0.));
#351 = VECTOR('',#352,1.);
#352 = DIRECTION('',(0.,-1.));
#353 = ( GEOMETRIC_REPRESENTATION_CONTEXT(2) 
PARAMETRIC_REPRESENTATION_CONTEXT() REPRESENTATION_CONTEXT('2D SPACE',''
  ) );
#354 = PCURVE('',#355,#360);
#355 = PLANE('',#356);
#356 = AXIS2_PLACEMENT_3D('',#357,#358,#359);
#357 = CARTESIAN_POINT('',(57.012552301255,9.640167364017,0.));
#358 = DIRECTION('',(0.857492925713,0.514495755428,-0.));
#359 = DIRECTION('',(0.514495755428,-0.857492925713,0.));
#360 = DEFINITIONAL_REPRESENTATION('',(#361),#365);
#361 = LINE('',#362,#363);
#362 = CARTESIAN_POINT('',(0.,0.));
#363 = VECTOR('',#364,1.);
#364 = DIRECTION('',(0.,-1.));
#365 = ( GEOMETRIC_REPRESENTATION_CONTEXT(2) 
PARAMETRIC_REPRESENTATION_CONTEXT() REPRESENTATION_CONTEXT('2D SPACE',''
  ) );
#366 = ORIENTED_EDGE('',*,*,#367,.F.);
#367 = EDGE_CURVE('',#264,#340,#368,.T.);
#368 = SURFACE_CURVE('',#369,(#373,#380),.PCURVE_S1.);
#369 = LINE('',#370,#371);
#370 = CARTESIAN_POINT('',(57.012552301255,15.28870292887,0.));
#371 = VECTOR('',#372,1.);
#372 = DIRECTION('',(0.,-1.,0.));
#373 = PCURVE('',#279,#374);
#374 = DEFINITIONAL_REPRESENTATION('',(#375),#379);
#375 = LINE('',#376,#377);
#376 = CARTESIAN_POINT('',(0.,0.));
#377 = VECTOR('',#378,1.);
#378 = DIRECTION('',(1.,0.));
#379 = ( GEOMETRIC_REPRESENTATION_CONTEXT(2) 
PARAMETRIC_REPRESENTATION_CONTEXT() REPRESENTATION_CONTEXT('2D SPACE',''
  ) );
#380 = PCURVE('',#148,#381);
#381 = DEFINITIONAL_REPRESENTATION('',(#382),#386);
#382 = LINE('',#383,#384);
#383 = CARTESIAN_POINT('',(-6.699045947978,2.733827807688));
#384 = VECTOR('',#385,1.);
#385 = DIRECTION('',(0.,-1.));
#386 = ( GEOMETRIC_REPRESENTATION_CONTEXT(2) 
PARAMETRIC_REPRESENTATION_CONTEXT() REPRESENTATION_CONTEXT('2D SPACE',''
  ) );
#387 = ADVANCED_FACE('',(#388),#355,.F.);
#388 = FACE_BOUND('',#389,.F.);
#389 = EDGE_LOOP('',(#390,#391,#414,#442));
#390 = ORIENTED_EDGE('',*,*,#339,.T.);
#391 = ORIENTED_EDGE('',*,*,#392,.T.);
#392 = EDGE_CURVE('',#317,#393,#395,.T.);
#393 = VERTEX_POINT('',#394);
#394 = CARTESIAN_POINT('',(57.238493723849,9.26359832636,3.));
#395 = SURFACE_CURVE('',#396,(#400,#407),.PCURVE_S1.);
#396 = LINE('',#397,#398);
#397 = CARTESIAN_POINT('',(57.012552301255,9.640167364017,3.));
#398 = VECTOR('',#399,1.);
#399 = DIRECTION('',(0.514495755428,-0.857492925713,0.));
#400 = PCURVE('',#355,#401);
#401 = DEFINITIONAL_REPRESENTATION('',(#402),#406);
#402 = LINE('',#403,#404);
#403 = CARTESIAN_POINT('',(0.,-3.));
#404 = VECTOR('',#405,1.);
#405 = DIRECTION('',(1.,0.));
#406 = ( GEOMETRIC_REPRESENTATION_CONTEXT(2) 
PARAMETRIC_REPRESENTATION_CONTEXT() REPRESENTATION_CONTEXT('2D SPACE',''
  ) );
#407 = PCURVE('',#94,#408);
#408 = DEFINITIONAL_REPRESENTATION('',(#409),#413);
#409 = LINE('',#410,#411);
#410 = CARTESIAN_POINT('',(-6.699045947978,-2.914707757166));
#411 = VECTOR('',#412,1.);
#412 = DIRECTION('',(0.514495755428,-0.857492925713));
#413 = ( GEOMETRIC_REPRESENTATION_CONTEXT(2) 
PARAMETRIC_REPRESENTATION_CONTEXT() REPRESENTATION_CONTEXT('2D SPACE',''
  ) );
#414 = ORIENTED_EDGE('',*,*,#415,.F.);
#415 = EDGE_CURVE('',#416,#393,#418,.T.);
#416 = VERTEX_POINT('',#417);
#417 = CARTESIAN_POINT('',(57.238493723849,9.26359832636,0.));
#418 = SURFACE_CURVE('',#419,(#423,#430),.PCURVE_S1.);
#419 = LINE('',#420,#421);
#420 = CARTESIAN_POINT('',(57.238493723849,9.26359832636,0.));
#421 = VECTOR('',#422,1.);
#422 = DIRECTION('',(0.,0.,1.));
#423 = PCURVE('',#355,#424);
#424 = DEFINITIONAL_REPRESENTATION('',(#425),#429);
#425 = LINE('',#426,#427);
#426 = CARTESIAN_POINT('',(0.439151188733,0.));
#427 = VECTOR('',#428,1.);
#428 = DIRECTION('',(0.,-1.));
#429 = ( GEOMETRIC_REPRESENTATION_CONTEXT(2) 
PARAMETRIC_REPRESENTATION_CONTEXT() REPRESENTATION_CONTEXT('2D SPACE',''
  ) );
#430 = PCURVE('',#431,#436);
#431 = PLANE('',#432);
#432 = AXIS2_PLACEMENT_3D('',#433,#434,#435);
#433 = CARTESIAN_POINT('',(57.238493723849,9.26359832636,0.));
#434 = DIRECTION('',(0.224859506699,0.974391195695,-0.));
#435 = DIRECTION('',(0.974391195695,-0.224859506699,0.));
#436 = DEFINITIONAL_REPRESENTATION('',(#437),#441);
#437 = LINE('',#438,#439);
#438 = CARTESIAN_POINT('',(0.,0.));
#439 = VECTOR('',#440,1.);
#440 = DIRECTION('',(0.,-1.));
#441 = ( GEOMETRIC_REPRESENTATION_CONTEXT(2) 
PARAMETRIC_REPRESENTATION_CONTEXT() REPRESENTATION_CONTEXT('2D SPACE',''
  ) );
#442 = ORIENTED_EDGE('',*,*,#443,.F.);
#443 = EDGE_CURVE('',#340,#416,#444,.T.);
#444 = SURFACE_CURVE('',#445,(#449,#456),.PCURVE_S1.);
#445 = LINE('',#446,#447);
#446 = CARTESIAN_POINT('',(57.012552301255,9.640167364017,0.));
#447 = VECTOR('',#448,1.);
#448 = DIRECTION('',(0.514495755428,-0.857492925713,0.));
#449 = PCURVE('',#355,#450);
#450 = DEFINITIONAL_REPRESENTATION('',(#451),#455);
#451 = LINE('',#452,#453);
#452 = CARTESIAN_POINT('',(0.,0.));
#453 = VECTOR('',#454,1.);
#454 = DIRECTION('',(1.,0.));
#455 = ( GEOMETRIC_REPRESENTATION_CONTEXT(2) 
PARAMETRIC_REPRESENTATION_CONTEXT() REPRESENTATION_CONTEXT('2D SPACE',''
  ) );
#456 = PCURVE('',#148,#457);
#457 = DEFINITIONAL_REPRESENTATION('',(#458),#462);
#458 = LINE('',#459,#460);
#459 = CARTESIAN_POINT('',(-6.699045947978,-2.914707757166));
#460 = VECTOR('',#461,1.);
#461 = DIRECTION('',(0.514495755428,-0.857492925713));
#462 = ( GEOMETRIC_REPRESENTATION_CONTEXT(2) 
PARAMETRIC_REPRESENTATION_CONTEXT() REPRESENTATION_CONTEXT('2D SPACE',''
  ) );
#463 = ADVANCED_FACE('',(#464),#431,.F.);
#464 = FACE_BOUND('',#465,.F.);
#465 = EDGE_LOOP('',(#466,#467,#490,#518));
#466 = ORIENTED_EDGE('',*,*,#415,.T.);
#467 = ORIENTED_EDGE('',*,*,#468,.T.);
#468 = EDGE_CURVE('',#393,#469,#471,.T.);
#469 = VERTEX_POINT('',#470);
#470 = CARTESIAN_POINT('',(58.217573221757,9.037656903766,3.));
#471 = SURFACE_CURVE('',#472,(#476,#483),.PCURVE_S1.);
#472 = LINE('',#473,#474);
#473 = CARTESIAN_POINT('',(57.238493723849,9.26359832636,3.));
#474 = VECTOR('',#475,1.);
#475 = DIRECTION('',(0.974391195695,-0.224859506699,0.));
#476 = PCURVE('',#431,#477);
#477 = DEFINITIONAL_REPRESENTATION('',(#478),#482);
#478 = LINE('',#479,#480);
#479 = CARTESIAN_POINT('',(0.,-3.));
#480 = VECTOR('',#481,1.);
#481 = DIRECTION('',(1.,0.));
#482 = ( GEOMETRIC_REPRESENTATION_CONTEXT(2) 
PARAMETRIC_REPRESENTATION_CONTEXT() REPRESENTATION_CONTEXT('2D SPACE',''
  ) );
#483 = PCURVE('',#94,#484);
#484 = DEFINITIONAL_REPRESENTATION('',(#485),#489);
#485 = LINE('',#486,#487);
#486 = CARTESIAN_POINT('',(-6.473104525384,-3.291276794823));
#487 = VECTOR('',#488,1.);
#488 = DIRECTION('',(0.974391195695,-0.224859506699));
#489 = ( GEOMETRIC_REPRESENTATION_CONTEXT(2) 
PARAMETRIC_REPRESENTATION_CONTEXT() REPRESENTATION_CONTEXT('2D SPACE',''
  ) );
#490 = ORIENTED_EDGE('',*,*,#491,.F.);
#491 = EDGE_CURVE('',#492,#469,#494,.T.);
#492 = VERTEX_POINT('',#493);
#493 = CARTESIAN_POINT('',(58.217573221757,9.037656903766,0.));
#494 = SURFACE_CURVE('',#495,(#499,#506),.PCURVE_S1.);
#495 = LINE('',#496,#497);
#496 = CARTESIAN_POINT('',(58.217573221757,9.037656903766,0.));
#497 = VECTOR('',#498,1.);
#498 = DIRECTION('',(0.,0.,1.));
#499 = PCURVE('',#431,#500);
#500 = DEFINITIONAL_REPRESENTATION('',(#501),#505);
#501 = LINE('',#502,#503);
#502 = CARTESIAN_POINT('',(1.004811519474,0.));
#503 = VECTOR('',#504,1.);
#504 = DIRECTION('',(0.,-1.));
#505 = ( GEOMETRIC_REPRESENTATION_CONTEXT(2) 
PARAMETRIC_REPRESENTATION_CONTEXT() REPRESENTATION_CONTEXT('2D SPACE',''
  ) );
#506 = PCURVE('',#507,#512);
#507 = PLANE('',#508);
#508 = AXIS2_PLACEMENT_3D('',#509,#510,#511);
#509 = CARTESIAN_POINT('',(58.217573221757,9.037656903766,0.));
#510 = DIRECTION('',(-6.410124711151E-03,0.99997945494,0.));
#511 = DIRECTION('',(0.99997945494,6.410124711151E-03,0.));
#512 = DEFINITIONAL_REPRESENTATION('',(#513),#517);
#513 = LINE('',#514,#515);
#514 = CARTESIAN_POINT('',(0.,0.));
#515 = VECTOR('',#516,1.);
#516 = DIRECTION('',(0.,-1.));
#517 = ( GEOMETRIC_REPRESENTATION_CONTEXT(2) 
PARAMETRIC_REPRESENTATION_CONTEXT() REPRESENTATION_CONTEXT('2D SPACE',''
  ) );
#518 = ORIENTED_EDGE('',*,*,#519,.F.);
#519 = EDGE_CURVE('',#416,#492,#520,.T.);
#520 = SURFACE_CURVE('',#521,(#525,#532),.PCURVE_S1.);
#521 = LINE('',#522,#523);
#522 = CARTESIAN_POINT('',(57.238493723849,9.26359832636,0.));
#523 = VECTOR('',#524,1.);
#524 = DIRECTION('',(0.974391195695,-0.224859506699,0.));
#525 = PCURVE('',#431,#526);
#526 = DEFINITIONAL_REPRESENTATION('',(#527),#531);
#527 = LINE('',#528,#529);
#528 = CARTESIAN_POINT('',(0.,0.));
#529 = VECTOR('',#530,1.);
#530 = DIRECTION('',(1.,0.));
#531 = ( GEOMETRIC_REPRESENTATION_CONTEXT(2) 
PARAMETRIC_REPRESENTATION_CONTEXT() REPRESENTATION_CONTEXT('2D SPACE',''
  ) );
#532 = PCURVE('',#148,#533);
#533 = DEFINITIONAL_REPRESENTATION('',(#534),#538);
#534 = LINE('',#535,#536);
#535 = CARTESIAN_POINT('',(-6.473104525384,-3.291276794823));
#536 = VECTOR('',#537,1.);
#537 = DIRECTION('',(0.974391195695,-0.224859506699));
#538 = ( GEOMETRIC_REPRESENTATION_CONTEXT(2) 
PARAMETRIC_REPRESENTATION_CONTEXT() REPRESENTATION_CONTEXT('2D SPACE',''
  ) );
#539 = ADVANCED_FACE('',(#540),#507,.F.);
#540 = FACE_BOUND('',#541,.F.);
#541 = EDGE_LOOP('',(#542,#543,#566,#594));
#542 = ORIENTED_EDGE('',*,*,#491,.T.);
#543 = ORIENTED_EDGE('',*,*,#544,.T.);
#544 = EDGE_CURVE('',#469,#545,#547,.T.);
#545 = VERTEX_POINT('',#546);
#546 = CARTESIAN_POINT('',(69.966527196653,9.112970711297,3.));
#547 = SURFACE_CURVE('',#548,(#552,#559),.PCURVE_S1.);
#548 = LINE('',#549,#550);
#549 = CARTESIAN_POINT('',(58.217573221757,9.037656903766,3.));
#550 = VECTOR('',#551,1.);
#551 = DIRECTION('',(0.99997945494,6.410124711151E-03,0.));
#552 = PCURVE('',#507,#553);
#553 = DEFINITIONAL_REPRESENTATION('',(#554),#558);
#554 = LINE('',#555,#556);
#555 = CARTESIAN_POINT('',(0.,-3.));
#556 = VECTOR('',#557,1.);
#557 = DIRECTION('',(1.,0.));
#558 = ( GEOMETRIC_REPRESENTATION_CONTEXT(2) 
PARAMETRIC_REPRESENTATION_CONTEXT() REPRESENTATION_CONTEXT('2D SPACE',''
  ) );
#559 = PCURVE('',#94,#560);
#560 = DEFINITIONAL_REPRESENTATION('',(#561),#565);
#561 = LINE('',#562,#563);
#562 = CARTESIAN_POINT('',(-5.494025027476,-3.517218217417));
#563 = VECTOR('',#564,1.);
#564 = DIRECTION('',(0.99997945494,6.410124711151E-03));
#565 = ( GEOMETRIC_REPRESENTATION_CONTEXT(2) 
PARAMETRIC_REPRESENTATION_CONTEXT() REPRESENTATION_CONTEXT('2D SPACE',''
  ) );
#566 = ORIENTED_EDGE('',*,*,#567,.F.);
#567 = EDGE_CURVE('',#568,#545,#570,.T.);
#568 = VERTEX_POINT('',#569);
#569 = CARTESIAN_POINT('',(69.966527196653,9.112970711297,0.));
#570 = SURFACE_CURVE('',#571,(#575,#582),.PCURVE_S1.);
#571 = LINE('',#572,#573);
#572 = CARTESIAN_POINT('',(69.966527196653,9.112970711297,0.));
#573 = VECTOR('',#574,1.);
#574 = DIRECTION('',(0.,0.,1.));
#575 = PCURVE('',#507,#576);
#576 = DEFINITIONAL_REPRESENTATION('',(#577),#581);
#577 = LINE('',#578,#579);
#578 = CARTESIAN_POINT('',(11.749195362824,0.));
#579 = VECTOR('',#580,1.);
#580 = DIRECTION('',(0.,-1.));
#581 = ( GEOMETRIC_REPRESENTATION_CONTEXT(2) 
PARAMETRIC_REPRESENTATION_CONTEXT() REPRESENTATION_CONTEXT('2D SPACE',''
  ) );
#582 = PCURVE('',#583,#588);
#583 = PLANE('',#584);
#584 = AXIS2_PLACEMENT_3D('',#585,#586,#587);
#585 = CARTESIAN_POINT('',(69.966527196653,9.112970711297,0.));
#586 = DIRECTION('',(-0.759256602365,0.650791373456,0.));
#587 = DIRECTION('',(0.650791373456,0.759256602365,0.));
#588 = DEFINITIONAL_REPRESENTATION('',(#589),#593);
#589 = LINE('',#590,#591);
#590 = CARTESIAN_POINT('',(0.,0.));
#591 = VECTOR('',#592,1.);
#592 = DIRECTION('',(0.,-1.));
#593 = ( GEOMETRIC_REPRESENTATION_CONTEXT(2) 
PARAMETRIC_REPRESENTATION_CONTEXT() REPRESENTATION_CONTEXT('2D SPACE',''
  ) );
#594 = ORIENTED_EDGE('',*,*,#595,.F.);
#595 = EDGE_CURVE('',#492,#568,#596,.T.);
#596 = SURFACE_CURVE('',#597,(#601,#608),.PCURVE_S1.);
#597 = LINE('',#598,#599);
#598 = CARTESIAN_POINT('',(58.217573221757,9.037656903766,0.));
#599 = VECTOR('',#600,1.);
#600 = DIRECTION('',(0.99997945494,6.410124711151E-03,0.));
#601 = PCURVE('',#507,#602);
#602 = DEFINITIONAL_REPRESENTATION('',(#603),#607);
#603 = LINE('',#604,#605);
#604 = CARTESIAN_POINT('',(0.,0.));
#605 = VECTOR('',#606,1.);
#606 = DIRECTION('',(1.,0.));
#607 = ( GEOMETRIC_REPRESENTATION_CONTEXT(2) 
PARAMETRIC_REPRESENTATION_CONTEXT() REPRESENTATION_CONTEXT('2D SPACE',''
  ) );
#608 = PCURVE('',#148,#609);
#609 = DEFINITIONAL_REPRESENTATION('',(#610),#614);
#610 = LINE('',#611,#612);
#611 = CARTESIAN_POINT('',(-5.494025027476,-3.517218217417));
#612 = VECTOR('',#613,1.);
#613 = DIRECTION('',(0.99997945494,6.410124711151E-03));
#614 = ( GEOMETRIC_REPRESENTATION_CONTEXT(2) 
PARAMETRIC_REPRESENTATION_CONTEXT() REPRESENTATION_CONTEXT('2D SPACE',''
  ) );
#615 = ADVANCED_FACE('',(#616),#583,.F.);
#616 = FACE_BOUND('',#617,.F.);
#617 = EDGE_LOOP('',(#618,#619,#642,#665));
#618 = ORIENTED_EDGE('',*,*,#567,.T.);
#619 = ORIENTED_EDGE('',*,*,#620,.T.);
#620 = EDGE_CURVE('',#545,#621,#623,.T.);
#621 = VERTEX_POINT('',#622);
#622 = CARTESIAN_POINT('',(70.418410041841,9.640167364017,3.));
#623 = SURFACE_CURVE('',#624,(#628,#635),.PCURVE_S1.);
#624 = LINE('',#625,#626);
#625 = CARTESIAN_POINT('',(69.966527196653,9.112970711297,3.));
#626 = VECTOR('',#627,1.);
#627 = DIRECTION('',(0.650791373456,0.759256602365,0.));
#628 = PCURVE('',#583,#629);
#629 = DEFINITIONAL_REPRESENTATION('',(#630),#634);
#630 = LINE('',#631,#632);
#631 = CARTESIAN_POINT('',(0.,-3.));
#632 = VECTOR('',#633,1.);
#633 = DIRECTION('',(1.,0.));
#634 = ( GEOMETRIC_REPRESENTATION_CONTEXT(2) 
PARAMETRIC_REPRESENTATION_CONTEXT() REPRESENTATION_CONTEXT('2D SPACE',''
  ) );
#635 = PCURVE('',#94,#636);
#636 = DEFINITIONAL_REPRESENTATION('',(#637),#641);
#637 = LINE('',#638,#639);
#638 = CARTESIAN_POINT('',(6.254928947419,-3.441904409886));
#639 = VECTOR('',#640,1.);
#640 = DIRECTION('',(0.650791373456,0.759256602365));
#641 = ( GEOMETRIC_REPRESENTATION_CONTEXT(2) 
PARAMETRIC_REPRESENTATION_CONTEXT() REPRESENTATION_CONTEXT('2D SPACE',''
  ) );
#642 = ORIENTED_EDGE('',*,*,#643,.F.);
#643 = EDGE_CURVE('',#644,#621,#646,.T.);
#644 = VERTEX_POINT('',#645);
#645 = CARTESIAN_POINT('',(70.418410041841,9.640167364017,0.));
#646 = SURFACE_CURVE('',#647,(#651,#658),.PCURVE_S1.);
#647 = LINE('',#648,#649);
#648 = CARTESIAN_POINT('',(70.418410041841,9.640167364017,0.));
#649 = VECTOR('',#650,1.);
#650 = DIRECTION('',(0.,0.,1.));
#651 = PCURVE('',#583,#652);
#652 = DEFINITIONAL_REPRESENTATION('',(#653),#657);
#653 = LINE('',#654,#655);
#654 = CARTESIAN_POINT('',(0.694358996784,0.));
#655 = VECTOR('',#656,1.);
#656 = DIRECTION('',(0.,-1.));
#657 = ( GEOMETRIC_REPRESENTATION_CONTEXT(2) 
PARAMETRIC_REPRESENTATION_CONTEXT() REPRESENTATION_CONTEXT('2D SPACE',''
  ) );
#658 = PCURVE('',#66,#659);
#659 = DEFINITIONAL_REPRESENTATION('',(#660),#664);
#660 = LINE('',#661,#662);
#661 = CARTESIAN_POINT('',(0.,0.));
#662 = VECTOR('',#663,1.);
#663 = DIRECTION('',(0.,-1.));
#664 = ( GEOMETRIC_REPRESENTATION_CONTEXT(2) 
PARAMETRIC_REPRESENTATION_CONTEXT() REPRESENTATION_CONTEXT('2D SPACE',''
  ) );
#665 = ORIENTED_EDGE('',*,*,#666,.F.);
#666 = EDGE_CURVE('',#568,#644,#667,.T.);
#667 = SURFACE_CURVE('',#668,(#672,#679),.PCURVE_S1.);
#668 = LINE('',#669,#670);
#669 = CARTESIAN_POINT('',(69.966527196653,9.112970711297,0.));
#670 = VECTOR('',#671,1.);
#671 = DIRECTION('',(0.650791373456,0.759256602365,0.));
#672 = PCURVE('',#583,#673);
#673 = DEFINITIONAL_REPRESENTATION('',(#674),#678);
#674 = LINE('',#675,#676);
#675 = CARTESIAN_POINT('',(0.,0.));
#676 = VECTOR('',#677,1.);
#677 = DIRECTION('',(1.,0.));
#678 = ( GEOMETRIC_REPRESENTATION_CONTEXT(2) 
PARAMETRIC_REPRESENTATION_CONTEXT() REPRESENTATION_CONTEXT('2D SPACE',''
  ) );
#679 = PCURVE('',#148,#680);
#680 = DEFINITIONAL_REPRESENTATION('',(#681),#685);
#681 = LINE('',#682,#683);
#682 = CARTESIAN_POINT('',(6.254928947419,-3.441904409886));
#683 = VECTOR('',#684,1.);
#684 = DIRECTION('',(0.650791373456,0.759256602365));
#685 = ( GEOMETRIC_REPRESENTATION_CONTEXT(2) 
PARAMETRIC_REPRESENTATION_CONTEXT() REPRESENTATION_CONTEXT('2D SPACE',''
  ) );
#686 = ADVANCED_FACE('',(#687),#66,.F.);
#687 = FACE_BOUND('',#688,.F.);
#688 = EDGE_LOOP('',(#689,#690,#711,#712));
#689 = ORIENTED_EDGE('',*,*,#643,.T.);
#690 = ORIENTED_EDGE('',*,*,#691,.T.);
#691 = EDGE_CURVE('',#621,#46,#692,.T.);
#692 = SURFACE_CURVE('',#693,(#697,#704),.PCURVE_S1.);
#693 = LINE('',#694,#695);
#694 = CARTESIAN_POINT('',(70.418410041841,9.640167364017,3.));
#695 = VECTOR('',#696,1.);
#696 = DIRECTION('',(-1.265721385139E-02,0.99991989426,0.));
#697 = PCURVE('',#66,#698);
#698 = DEFINITIONAL_REPRESENTATION('',(#699),#703);
#699 = LINE('',#700,#701);
#700 = CARTESIAN_POINT('',(0.,-3.));
#701 = VECTOR('',#702,1.);
#702 = DIRECTION('',(1.,0.));
#703 = ( GEOMETRIC_REPRESENTATION_CONTEXT(2) 
PARAMETRIC_REPRESENTATION_CONTEXT() REPRESENTATION_CONTEXT('2D SPACE',''
  ) );
#704 = PCURVE('',#94,#705);
#705 = DEFINITIONAL_REPRESENTATION('',(#706),#710);
#706 = LINE('',#707,#708);
#707 = CARTESIAN_POINT('',(6.706811792607,-2.914707757166));
#708 = VECTOR('',#709,1.);
#709 = DIRECTION('',(-1.265721385139E-02,0.99991989426));
#710 = ( GEOMETRIC_REPRESENTATION_CONTEXT(2) 
PARAMETRIC_REPRESENTATION_CONTEXT() REPRESENTATION_CONTEXT('2D SPACE',''
  ) );
#711 = ORIENTED_EDGE('',*,*,#43,.F.);
#712 = ORIENTED_EDGE('',*,*,#713,.F.);
#713 = EDGE_CURVE('',#644,#44,#714,.T.);
#714 = SURFACE_CURVE('',#715,(#719,#726),.PCURVE_S1.);
#715 = LINE('',#716,#717);
#716 = CARTESIAN_POINT('',(70.418410041841,9.640167364017,0.));
#717 = VECTOR('',#718,1.);
#718 = DIRECTION('',(-1.265721385139E-02,0.99991989426,0.));
#719 = PCURVE('',#66,#720);
#720 = DEFINITIONAL_REPRESENTATION('',(#721),#725);
#721 = LINE('',#722,#723);
#722 = CARTESIAN_POINT('',(0.,0.));
#723 = VECTOR('',#724,1.);
#724 = DIRECTION('',(1.,0.));
#725 = ( GEOMETRIC_REPRESENTATION_CONTEXT(2) 
PARAMETRIC_REPRESENTATION_CONTEXT() REPRESENTATION_CONTEXT('2D SPACE',''
  ) );
#726 = PCURVE('',#148,#727);
#727 = DEFINITIONAL_REPRESENTATION('',(#728),#732);
#728 = LINE('',#729,#730);
#729 = CARTESIAN_POINT('',(6.706811792607,-2.914707757166));
#730 = VECTOR('',#731,1.);
#731 = DIRECTION('',(-1.265721385139E-02,0.99991989426));
#732 = ( GEOMETRIC_REPRESENTATION_CONTEXT(2) 
PARAMETRIC_REPRESENTATION_CONTEXT() REPRESENTATION_CONTEXT('2D SPACE',''
  ) );
#733 = ADVANCED_FACE('',(#734),#148,.F.);
#734 = FACE_BOUND('',#735,.F.);
#735 = EDGE_LOOP('',(#736,#737,#738,#739,#740,#741,#742,#743,#744));
#736 = ORIENTED_EDGE('',*,*,#134,.T.);
#737 = ORIENTED_EDGE('',*,*,#215,.T.);
#738 = ORIENTED_EDGE('',*,*,#291,.T.);
#739 = ORIENTED_EDGE('',*,*,#367,.T.);
#740 = ORIENTED_EDGE('',*,*,#443,.T.);
#741 = ORIENTED_EDGE('',*,*,#519,.T.);
#742 = ORIENTED_EDGE('',*,*,#595,.T.);
#743 = ORIENTED_EDGE('',*,*,#666,.T.);
#744 = ORIENTED_EDGE('',*,*,#713,.T.);
#745 = ADVANCED_FACE('',(#746),#94,.T.);
#746 = FACE_BOUND('',#747,.T.);
#747 = EDGE_LOOP('',(#748,#749,#750,#751,#752,#753,#754,#755,#756));
#748 = ORIENTED_EDGE('',*,*,#78,.T.);
#749 = ORIENTED_EDGE('',*,*,#164,.T.);
#750 = ORIENTED_EDGE('',*,*,#240,.T.);
#751 = ORIENTED_EDGE('',*,*,#316,.T.);
#752 = ORIENTED_EDGE('',*,*,#392,.T.);
#753 = ORIENTED_EDGE('',*,*,#468,.T.);
#754 = ORIENTED_EDGE('',*,*,#544,.T.);
#755 = ORIENTED_EDGE('',*,*,#620,.T.);
#756 = ORIENTED_EDGE('',*,*,#691,.T.);
#757 = MANIFOLD_SOLID_BREP('',#758);
#758 = CLOSED_SHELL('',(#759,#879,#955,#1031,#1107,#1183,#1259,#1335,
    #1411,#1487,#1563,#1639,#1715,#1791,#1867,#1943,#2019,#2095,#2171,
    #2247,#2323,#2394,#2441,#2466));
#759 = ADVANCED_FACE('',(#760),#774,.F.);
#760 = FACE_BOUND('',#761,.F.);
#761 = EDGE_LOOP('',(#762,#797,#825,#853));
#762 = ORIENTED_EDGE('',*,*,#763,.T.);
#763 = EDGE_CURVE('',#764,#766,#768,.T.);
#764 = VERTEX_POINT('',#765);
#765 = CARTESIAN_POINT('',(20.18410041841,35.47280334728,0.));
#766 = VERTEX_POINT('',#767);
#767 = CARTESIAN_POINT('',(20.18410041841,35.47280334728,3.));
#768 = SURFACE_CURVE('',#769,(#773,#785),.PCURVE_S1.);
#769 = LINE('',#770,#771);
#770 = CARTESIAN_POINT('',(20.18410041841,35.47280334728,0.));
#771 = VECTOR('',#772,1.);
#772 = DIRECTION('',(0.,0.,1.));
#773 = PCURVE('',#774,#779);
#774 = PLANE('',#775);
#775 = AXIS2_PLACEMENT_3D('',#776,#777,#778);
#776 = CARTESIAN_POINT('',(20.18410041841,35.47280334728,0.));
#777 = DIRECTION('',(0.,-1.,0.));
#778 = DIRECTION('',(-1.,0.,0.));
#779 = DEFINITIONAL_REPRESENTATION('',(#780),#784);
#780 = LINE('',#781,#782);
#781 = CARTESIAN_POINT('',(0.,-0.));
#782 = VECTOR('',#783,1.);
#783 = DIRECTION('',(0.,-1.));
#784 = ( GEOMETRIC_REPRESENTATION_CONTEXT(2) 
PARAMETRIC_REPRESENTATION_CONTEXT() REPRESENTATION_CONTEXT('2D SPACE',''
  ) );
#785 = PCURVE('',#786,#791);
#786 = PLANE('',#787);
#787 = AXIS2_PLACEMENT_3D('',#788,#789,#790);
#788 = CARTESIAN_POINT('',(20.71129707113,34.719665271967,0.));
#789 = DIRECTION('',(-0.819231920519,-0.573462344363,0.));
#790 = DIRECTION('',(-0.573462344363,0.819231920519,0.));
#791 = DEFINITIONAL_REPRESENTATION('',(#792),#796);
#792 = LINE('',#793,#794);
#793 = CARTESIAN_POINT('',(0.919322180264,0.));
#794 = VECTOR('',#795,1.);
#795 = DIRECTION('',(0.,-1.));
#796 = ( GEOMETRIC_REPRESENTATION_CONTEXT(2) 
PARAMETRIC_REPRESENTATION_CONTEXT() REPRESENTATION_CONTEXT('2D SPACE',''
  ) );
#797 = ORIENTED_EDGE('',*,*,#798,.T.);
#798 = EDGE_CURVE('',#766,#799,#801,.T.);
#799 = VERTEX_POINT('',#800);
#800 = CARTESIAN_POINT('',(10.92050209205,35.47280334728,3.));
#801 = SURFACE_CURVE('',#802,(#806,#813),.PCURVE_S1.);
#802 = LINE('',#803,#804);
#803 = CARTESIAN_POINT('',(20.18410041841,35.47280334728,3.));
#804 = VECTOR('',#805,1.);
#805 = DIRECTION('',(-1.,0.,0.));
#806 = PCURVE('',#774,#807);
#807 = DEFINITIONAL_REPRESENTATION('',(#808),#812);
#808 = LINE('',#809,#810);
#809 = CARTESIAN_POINT('',(0.,-3.));
#810 = VECTOR('',#811,1.);
#811 = DIRECTION('',(1.,0.));
#812 = ( GEOMETRIC_REPRESENTATION_CONTEXT(2) 
PARAMETRIC_REPRESENTATION_CONTEXT() REPRESENTATION_CONTEXT('2D SPACE',''
  ) );
#813 = PCURVE('',#814,#819);
#814 = PLANE('',#815);
#815 = AXIS2_PLACEMENT_3D('',#816,#817,#818);
#816 = CARTESIAN_POINT('',(10.285854661375,18.815057216134,3.));
#817 = DIRECTION('',(0.,0.,1.));
#818 = DIRECTION('',(1.,0.,-0.));
#819 = DEFINITIONAL_REPRESENTATION('',(#820),#824);
#820 = LINE('',#821,#822);
#821 = CARTESIAN_POINT('',(9.898245757035,16.657746131146));
#822 = VECTOR('',#823,1.);
#823 = DIRECTION('',(-1.,0.));
#824 = ( GEOMETRIC_REPRESENTATION_CONTEXT(2) 
PARAMETRIC_REPRESENTATION_CONTEXT() REPRESENTATION_CONTEXT('2D SPACE',''
  ) );
#825 = ORIENTED_EDGE('',*,*,#826,.F.);
#826 = EDGE_CURVE('',#827,#799,#829,.T.);
#827 = VERTEX_POINT('',#828);
#828 = CARTESIAN_POINT('',(10.92050209205,35.47280334728,0.));
#829 = SURFACE_CURVE('',#830,(#834,#841),.PCURVE_S1.);
#830 = LINE('',#831,#832);
#831 = CARTESIAN_POINT('',(10.92050209205,35.47280334728,0.));
#832 = VECTOR('',#833,1.);
#833 = DIRECTION('',(0.,0.,1.));
#834 = PCURVE('',#774,#835);
#835 = DEFINITIONAL_REPRESENTATION('',(#836),#840);
#836 = LINE('',#837,#838);
#837 = CARTESIAN_POINT('',(9.26359832636,0.));
#838 = VECTOR('',#839,1.);
#839 = DIRECTION('',(0.,-1.));
#840 = ( GEOMETRIC_REPRESENTATION_CONTEXT(2) 
PARAMETRIC_REPRESENTATION_CONTEXT() REPRESENTATION_CONTEXT('2D SPACE',''
  ) );
#841 = PCURVE('',#842,#847);
#842 = PLANE('',#843);
#843 = AXIS2_PLACEMENT_3D('',#844,#845,#846);
#844 = CARTESIAN_POINT('',(10.92050209205,35.47280334728,0.));
#845 = DIRECTION('',(0.141421356237,-0.989949493661,0.));
#846 = DIRECTION('',(-0.989949493661,-0.141421356237,0.));
#847 = DEFINITIONAL_REPRESENTATION('',(#848),#852);
#848 = LINE('',#849,#850);
#849 = CARTESIAN_POINT('',(0.,0.));
#850 = VECTOR('',#851,1.);
#851 = DIRECTION('',(0.,-1.));
#852 = ( GEOMETRIC_REPRESENTATION_CONTEXT(2) 
PARAMETRIC_REPRESENTATION_CONTEXT() REPRESENTATION_CONTEXT('2D SPACE',''
  ) );
#853 = ORIENTED_EDGE('',*,*,#854,.F.);
#854 = EDGE_CURVE('',#764,#827,#855,.T.);
#855 = SURFACE_CURVE('',#856,(#860,#867),.PCURVE_S1.);
#856 = LINE('',#857,#858);
#857 = CARTESIAN_POINT('',(20.18410041841,35.47280334728,0.));
#858 = VECTOR('',#859,1.);
#859 = DIRECTION('',(-1.,0.,0.));
#860 = PCURVE('',#774,#861);
#861 = DEFINITIONAL_REPRESENTATION('',(#862),#866);
#862 = LINE('',#863,#864);
#863 = CARTESIAN_POINT('',(0.,-0.));
#864 = VECTOR('',#865,1.);
#865 = DIRECTION('',(1.,0.));
#866 = ( GEOMETRIC_REPRESENTATION_CONTEXT(2) 
PARAMETRIC_REPRESENTATION_CONTEXT() REPRESENTATION_CONTEXT('2D SPACE',''
  ) );
#867 = PCURVE('',#868,#873);
#868 = PLANE('',#869);
#869 = AXIS2_PLACEMENT_3D('',#870,#871,#872);
#870 = CARTESIAN_POINT('',(10.285854661375,18.815057216134,0.));
#871 = DIRECTION('',(0.,0.,1.));
#872 = DIRECTION('',(1.,0.,-0.));
#873 = DEFINITIONAL_REPRESENTATION('',(#874),#878);
#874 = LINE('',#875,#876);
#875 = CARTESIAN_POINT('',(9.898245757035,16.657746131146));
#876 = VECTOR('',#877,1.);
#877 = DIRECTION('',(-1.,0.));
#878 = ( GEOMETRIC_REPRESENTATION_CONTEXT(2) 
PARAMETRIC_REPRESENTATION_CONTEXT() REPRESENTATION_CONTEXT('2D SPACE',''
  ) );
#879 = ADVANCED_FACE('',(#880),#842,.F.);
#880 = FACE_BOUND('',#881,.F.);
#881 = EDGE_LOOP('',(#882,#883,#906,#934));
#882 = ORIENTED_EDGE('',*,*,#826,.T.);
#883 = ORIENTED_EDGE('',*,*,#884,.T.);
#884 = EDGE_CURVE('',#799,#885,#887,.T.);
#885 = VERTEX_POINT('',#886);
#886 = CARTESIAN_POINT('',(7.230125523013,34.945606694561,3.));
#887 = SURFACE_CURVE('',#888,(#892,#899),.PCURVE_S1.);
#888 = LINE('',#889,#890);
#889 = CARTESIAN_POINT('',(10.92050209205,35.47280334728,3.));
#890 = VECTOR('',#891,1.);
#891 = DIRECTION('',(-0.989949493661,-0.141421356237,0.));
#892 = PCURVE('',#842,#893);
#893 = DEFINITIONAL_REPRESENTATION('',(#894),#898);
#894 = LINE('',#895,#896);
#895 = CARTESIAN_POINT('',(0.,-3.));
#896 = VECTOR('',#897,1.);
#897 = DIRECTION('',(1.,0.));
#898 = ( GEOMETRIC_REPRESENTATION_CONTEXT(2) 
PARAMETRIC_REPRESENTATION_CONTEXT() REPRESENTATION_CONTEXT('2D SPACE',''
  ) );
#899 = PCURVE('',#814,#900);
#900 = DEFINITIONAL_REPRESENTATION('',(#901),#905);
#901 = LINE('',#902,#903);
#902 = CARTESIAN_POINT('',(0.634647430675,16.657746131146));
#903 = VECTOR('',#904,1.);
#904 = DIRECTION('',(-0.989949493661,-0.141421356237));
#905 = ( GEOMETRIC_REPRESENTATION_CONTEXT(2) 
PARAMETRIC_REPRESENTATION_CONTEXT() REPRESENTATION_CONTEXT('2D SPACE',''
  ) );
#906 = ORIENTED_EDGE('',*,*,#907,.F.);
#907 = EDGE_CURVE('',#908,#885,#910,.T.);
#908 = VERTEX_POINT('',#909);
#909 = CARTESIAN_POINT('',(7.230125523013,34.945606694561,0.));
#910 = SURFACE_CURVE('',#911,(#915,#922),.PCURVE_S1.);
#911 = LINE('',#912,#913);
#912 = CARTESIAN_POINT('',(7.230125523013,34.945606694561,0.));
#913 = VECTOR('',#914,1.);
#914 = DIRECTION('',(0.,0.,1.));
#915 = PCURVE('',#842,#916);
#916 = DEFINITIONAL_REPRESENTATION('',(#917),#921);
#917 = LINE('',#918,#919);
#918 = CARTESIAN_POINT('',(3.727843281569,0.));
#919 = VECTOR('',#920,1.);
#920 = DIRECTION('',(0.,-1.));
#921 = ( GEOMETRIC_REPRESENTATION_CONTEXT(2) 
PARAMETRIC_REPRESENTATION_CONTEXT() REPRESENTATION_CONTEXT('2D SPACE',''
  ) );
#922 = PCURVE('',#923,#928);
#923 = PLANE('',#924);
#924 = AXIS2_PLACEMENT_3D('',#925,#926,#927);
#925 = CARTESIAN_POINT('',(7.230125523013,34.945606694561,0.));
#926 = DIRECTION('',(0.386726676251,-0.922194381829,0.));
#927 = DIRECTION('',(-0.922194381829,-0.386726676251,0.));
#928 = DEFINITIONAL_REPRESENTATION('',(#929),#933);
#929 = LINE('',#930,#931);
#930 = CARTESIAN_POINT('',(0.,0.));
#931 = VECTOR('',#932,1.);
#932 = DIRECTION('',(0.,-1.));
#933 = ( GEOMETRIC_REPRESENTATION_CONTEXT(2) 
PARAMETRIC_REPRESENTATION_CONTEXT() REPRESENTATION_CONTEXT('2D SPACE',''
  ) );
#934 = ORIENTED_EDGE('',*,*,#935,.F.);
#935 = EDGE_CURVE('',#827,#908,#936,.T.);
#936 = SURFACE_CURVE('',#937,(#941,#948),.PCURVE_S1.);
#937 = LINE('',#938,#939);
#938 = CARTESIAN_POINT('',(10.92050209205,35.47280334728,0.));
#939 = VECTOR('',#940,1.);
#940 = DIRECTION('',(-0.989949493661,-0.141421356237,0.));
#941 = PCURVE('',#842,#942);
#942 = DEFINITIONAL_REPRESENTATION('',(#943),#947);
#943 = LINE('',#944,#945);
#944 = CARTESIAN_POINT('',(0.,0.));
#945 = VECTOR('',#946,1.);
#946 = DIRECTION('',(1.,0.));
#947 = ( GEOMETRIC_REPRESENTATION_CONTEXT(2) 
PARAMETRIC_REPRESENTATION_CONTEXT() REPRESENTATION_CONTEXT('2D SPACE',''
  ) );
#948 = PCURVE('',#868,#949);
#949 = DEFINITIONAL_REPRESENTATION('',(#950),#954);
#950 = LINE('',#951,#952);
#951 = CARTESIAN_POINT('',(0.634647430675,16.657746131146));
#952 = VECTOR('',#953,1.);
#953 = DIRECTION('',(-0.989949493661,-0.141421356237));
#954 = ( GEOMETRIC_REPRESENTATION_CONTEXT(2) 
PARAMETRIC_REPRESENTATION_CONTEXT() REPRESENTATION_CONTEXT('2D SPACE',''
  ) );
#955 = ADVANCED_FACE('',(#956),#923,.F.);
#956 = FACE_BOUND('',#957,.F.);
#957 = EDGE_LOOP('',(#958,#959,#982,#1010));
#958 = ORIENTED_EDGE('',*,*,#907,.T.);
#959 = ORIENTED_EDGE('',*,*,#960,.T.);
#960 = EDGE_CURVE('',#885,#961,#963,.T.);
#961 = VERTEX_POINT('',#962);
#962 = CARTESIAN_POINT('',(4.89539748954,33.966527196653,3.));
#963 = SURFACE_CURVE('',#964,(#968,#975),.PCURVE_S1.);
#964 = LINE('',#965,#966);
#965 = CARTESIAN_POINT('',(7.230125523013,34.945606694561,3.));
#966 = VECTOR('',#967,1.);
#967 = DIRECTION('',(-0.922194381829,-0.386726676251,0.));
#968 = PCURVE('',#923,#969);
#969 = DEFINITIONAL_REPRESENTATION('',(#970),#974);
#970 = LINE('',#971,#972);
#971 = CARTESIAN_POINT('',(0.,-3.));
#972 = VECTOR('',#973,1.);
#973 = DIRECTION('',(1.,0.));
#974 = ( GEOMETRIC_REPRESENTATION_CONTEXT(2) 
PARAMETRIC_REPRESENTATION_CONTEXT() REPRESENTATION_CONTEXT('2D SPACE',''
  ) );
#975 = PCURVE('',#814,#976);
#976 = DEFINITIONAL_REPRESENTATION('',(#977),#981);
#977 = LINE('',#978,#979);
#978 = CARTESIAN_POINT('',(-3.055729138362,16.130549478426));
#979 = VECTOR('',#980,1.);
#980 = DIRECTION('',(-0.922194381829,-0.386726676251));
#981 = ( GEOMETRIC_REPRESENTATION_CONTEXT(2) 
PARAMETRIC_REPRESENTATION_CONTEXT() REPRESENTATION_CONTEXT('2D SPACE',''
  ) );
#982 = ORIENTED_EDGE('',*,*,#983,.F.);
#983 = EDGE_CURVE('',#984,#961,#986,.T.);
#984 = VERTEX_POINT('',#985);
#985 = CARTESIAN_POINT('',(4.89539748954,33.966527196653,0.));
#986 = SURFACE_CURVE('',#987,(#991,#998),.PCURVE_S1.);
#987 = LINE('',#988,#989);
#988 = CARTESIAN_POINT('',(4.89539748954,33.966527196653,0.));
#989 = VECTOR('',#990,1.);
#990 = DIRECTION('',(0.,0.,1.));
#991 = PCURVE('',#923,#992);
#992 = DEFINITIONAL_REPRESENTATION('',(#993),#997);
#993 = LINE('',#994,#995);
#994 = CARTESIAN_POINT('',(2.531709235577,0.));
#995 = VECTOR('',#996,1.);
#996 = DIRECTION('',(0.,-1.));
#997 = ( GEOMETRIC_REPRESENTATION_CONTEXT(2) 
PARAMETRIC_REPRESENTATION_CONTEXT() REPRESENTATION_CONTEXT('2D SPACE',''
  ) );
#998 = PCURVE('',#999,#1004);
#999 = PLANE('',#1000);
#1000 = AXIS2_PLACEMENT_3D('',#1001,#1002,#1003);
#1001 = CARTESIAN_POINT('',(4.89539748954,33.966527196653,0.));
#1002 = DIRECTION('',(0.69810013613,-0.71600013962,0.));
#1003 = DIRECTION('',(-0.71600013962,-0.69810013613,0.));
#1004 = DEFINITIONAL_REPRESENTATION('',(#1005),#1009);
#1005 = LINE('',#1006,#1007);
#1006 = CARTESIAN_POINT('',(0.,0.));
#1007 = VECTOR('',#1008,1.);
#1008 = DIRECTION('',(0.,-1.));
#1009 = ( GEOMETRIC_REPRESENTATION_CONTEXT(2) 
PARAMETRIC_REPRESENTATION_CONTEXT() REPRESENTATION_CONTEXT('2D SPACE',''
  ) );
#1010 = ORIENTED_EDGE('',*,*,#1011,.F.);
#1011 = EDGE_CURVE('',#908,#984,#1012,.T.);
#1012 = SURFACE_CURVE('',#1013,(#1017,#1024),.PCURVE_S1.);
#1013 = LINE('',#1014,#1015);
#1014 = CARTESIAN_POINT('',(7.230125523013,34.945606694561,0.));
#1015 = VECTOR('',#1016,1.);
#1016 = DIRECTION('',(-0.922194381829,-0.386726676251,0.));
#1017 = PCURVE('',#923,#1018);
#1018 = DEFINITIONAL_REPRESENTATION('',(#1019),#1023);
#1019 = LINE('',#1020,#1021);
#1020 = CARTESIAN_POINT('',(0.,0.));
#1021 = VECTOR('',#1022,1.);
#1022 = DIRECTION('',(1.,0.));
#1023 = ( GEOMETRIC_REPRESENTATION_CONTEXT(2) 
PARAMETRIC_REPRESENTATION_CONTEXT() REPRESENTATION_CONTEXT('2D SPACE',''
  ) );
#1024 = PCURVE('',#868,#1025);
#1025 = DEFINITIONAL_REPRESENTATION('',(#1026),#1030);
#1026 = LINE('',#1027,#1028);
#1027 = CARTESIAN_POINT('',(-3.055729138362,16.130549478426));
#1028 = VECTOR('',#1029,1.);
#1029 = DIRECTION('',(-0.922194381829,-0.386726676251));
#1030 = ( GEOMETRIC_REPRESENTATION_CONTEXT(2) 
PARAMETRIC_REPRESENTATION_CONTEXT() REPRESENTATION_CONTEXT('2D SPACE',''
  ) );
#1031 = ADVANCED_FACE('',(#1032),#999,.F.);
#1032 = FACE_BOUND('',#1033,.F.);
#1033 = EDGE_LOOP('',(#1034,#1035,#1058,#1086));
#1034 = ORIENTED_EDGE('',*,*,#983,.T.);
#1035 = ORIENTED_EDGE('',*,*,#1036,.T.);
#1036 = EDGE_CURVE('',#961,#1037,#1039,.T.);
#1037 = VERTEX_POINT('',#1038);
#1038 = CARTESIAN_POINT('',(1.882845188285,31.029288702929,3.));
#1039 = SURFACE_CURVE('',#1040,(#1044,#1051),.PCURVE_S1.);
#1040 = LINE('',#1041,#1042);
#1041 = CARTESIAN_POINT('',(4.89539748954,33.966527196653,3.));
#1042 = VECTOR('',#1043,1.);
#1043 = DIRECTION('',(-0.71600013962,-0.69810013613,0.));
#1044 = PCURVE('',#999,#1045);
#1045 = DEFINITIONAL_REPRESENTATION('',(#1046),#1050);
#1046 = LINE('',#1047,#1048);
#1047 = CARTESIAN_POINT('',(0.,-3.));
#1048 = VECTOR('',#1049,1.);
#1049 = DIRECTION('',(1.,0.));
#1050 = ( GEOMETRIC_REPRESENTATION_CONTEXT(2) 
PARAMETRIC_REPRESENTATION_CONTEXT() REPRESENTATION_CONTEXT('2D SPACE',''
  ) );
#1051 = PCURVE('',#814,#1052);
#1052 = DEFINITIONAL_REPRESENTATION('',(#1053),#1057);
#1053 = LINE('',#1054,#1055);
#1054 = CARTESIAN_POINT('',(-5.390457171835,15.151469980518));
#1055 = VECTOR('',#1056,1.);
#1056 = DIRECTION('',(-0.71600013962,-0.69810013613));
#1057 = ( GEOMETRIC_REPRESENTATION_CONTEXT(2) 
PARAMETRIC_REPRESENTATION_CONTEXT() REPRESENTATION_CONTEXT('2D SPACE',''
  ) );
#1058 = ORIENTED_EDGE('',*,*,#1059,.F.);
#1059 = EDGE_CURVE('',#1060,#1037,#1062,.T.);
#1060 = VERTEX_POINT('',#1061);
#1061 = CARTESIAN_POINT('',(1.882845188285,31.029288702929,0.));
#1062 = SURFACE_CURVE('',#1063,(#1067,#1074),.PCURVE_S1.);
#1063 = LINE('',#1064,#1065);
#1064 = CARTESIAN_POINT('',(1.882845188285,31.029288702929,0.));
#1065 = VECTOR('',#1066,1.);
#1066 = DIRECTION('',(0.,0.,1.));
#1067 = PCURVE('',#999,#1068);
#1068 = DEFINITIONAL_REPRESENTATION('',(#1069),#1073);
#1069 = LINE('',#1070,#1071);
#1070 = CARTESIAN_POINT('',(4.207474460625,0.));
#1071 = VECTOR('',#1072,1.);
#1072 = DIRECTION('',(0.,-1.));
#1073 = ( GEOMETRIC_REPRESENTATION_CONTEXT(2) 
PARAMETRIC_REPRESENTATION_CONTEXT() REPRESENTATION_CONTEXT('2D SPACE',''
  ) );
#1074 = PCURVE('',#1075,#1080);
#1075 = PLANE('',#1076);
#1076 = AXIS2_PLACEMENT_3D('',#1077,#1078,#1079);
#1077 = CARTESIAN_POINT('',(1.882845188285,31.029288702929,0.));
#1078 = DIRECTION('',(0.940265849956,-0.340441083605,0.));
#1079 = DIRECTION('',(-0.340441083605,-0.940265849956,0.));
#1080 = DEFINITIONAL_REPRESENTATION('',(#1081),#1085);
#1081 = LINE('',#1082,#1083);
#1082 = CARTESIAN_POINT('',(0.,0.));
#1083 = VECTOR('',#1084,1.);
#1084 = DIRECTION('',(0.,-1.));
#1085 = ( GEOMETRIC_REPRESENTATION_CONTEXT(2) 
PARAMETRIC_REPRESENTATION_CONTEXT() REPRESENTATION_CONTEXT('2D SPACE',''
  ) );
#1086 = ORIENTED_EDGE('',*,*,#1087,.F.);
#1087 = EDGE_CURVE('',#984,#1060,#1088,.T.);
#1088 = SURFACE_CURVE('',#1089,(#1093,#1100),.PCURVE_S1.);
#1089 = LINE('',#1090,#1091);
#1090 = CARTESIAN_POINT('',(4.89539748954,33.966527196653,0.));
#1091 = VECTOR('',#1092,1.);
#1092 = DIRECTION('',(-0.71600013962,-0.69810013613,0.));
#1093 = PCURVE('',#999,#1094);
#1094 = DEFINITIONAL_REPRESENTATION('',(#1095),#1099);
#1095 = LINE('',#1096,#1097);
#1096 = CARTESIAN_POINT('',(0.,0.));
#1097 = VECTOR('',#1098,1.);
#1098 = DIRECTION('',(1.,0.));
#1099 = ( GEOMETRIC_REPRESENTATION_CONTEXT(2) 
PARAMETRIC_REPRESENTATION_CONTEXT() REPRESENTATION_CONTEXT('2D SPACE',''
  ) );
#1100 = PCURVE('',#868,#1101);
#1101 = DEFINITIONAL_REPRESENTATION('',(#1102),#1106);
#1102 = LINE('',#1103,#1104);
#1103 = CARTESIAN_POINT('',(-5.390457171835,15.151469980518));
#1104 = VECTOR('',#1105,1.);
#1105 = DIRECTION('',(-0.71600013962,-0.69810013613));
#1106 = ( GEOMETRIC_REPRESENTATION_CONTEXT(2) 
PARAMETRIC_REPRESENTATION_CONTEXT() REPRESENTATION_CONTEXT('2D SPACE',''
  ) );
#1107 = ADVANCED_FACE('',(#1108),#1075,.F.);
#1108 = FACE_BOUND('',#1109,.F.);
#1109 = EDGE_LOOP('',(#1110,#1111,#1134,#1162));
#1110 = ORIENTED_EDGE('',*,*,#1059,.T.);
#1111 = ORIENTED_EDGE('',*,*,#1112,.T.);
#1112 = EDGE_CURVE('',#1037,#1113,#1115,.T.);
#1113 = VERTEX_POINT('',#1114);
#1114 = CARTESIAN_POINT('',(0.301255230126,26.661087866109,3.));
#1115 = SURFACE_CURVE('',#1116,(#1120,#1127),.PCURVE_S1.);
#1116 = LINE('',#1117,#1118);
#1117 = CARTESIAN_POINT('',(1.882845188285,31.029288702929,3.));
#1118 = VECTOR('',#1119,1.);
#1119 = DIRECTION('',(-0.340441083605,-0.940265849956,0.));
#1120 = PCURVE('',#1075,#1121);
#1121 = DEFINITIONAL_REPRESENTATION('',(#1122),#1126);
#1122 = LINE('',#1123,#1124);
#1123 = CARTESIAN_POINT('',(0.,-3.));
#1124 = VECTOR('',#1125,1.);
#1125 = DIRECTION('',(1.,0.));
#1126 = ( GEOMETRIC_REPRESENTATION_CONTEXT(2) 
PARAMETRIC_REPRESENTATION_CONTEXT() REPRESENTATION_CONTEXT('2D SPACE',''
  ) );
#1127 = PCURVE('',#814,#1128);
#1128 = DEFINITIONAL_REPRESENTATION('',(#1129),#1133);
#1129 = LINE('',#1130,#1131);
#1130 = CARTESIAN_POINT('',(-8.40300947309,12.214231486795));
#1131 = VECTOR('',#1132,1.);
#1132 = DIRECTION('',(-0.340441083605,-0.940265849956));
#1133 = ( GEOMETRIC_REPRESENTATION_CONTEXT(2) 
PARAMETRIC_REPRESENTATION_CONTEXT() REPRESENTATION_CONTEXT('2D SPACE',''
  ) );
#1134 = ORIENTED_EDGE('',*,*,#1135,.F.);
#1135 = EDGE_CURVE('',#1136,#1113,#1138,.T.);
#1136 = VERTEX_POINT('',#1137);
#1137 = CARTESIAN_POINT('',(0.301255230126,26.661087866109,0.));
#1138 = SURFACE_CURVE('',#1139,(#1143,#1150),.PCURVE_S1.);
#1139 = LINE('',#1140,#1141);
#1140 = CARTESIAN_POINT('',(0.301255230126,26.661087866109,0.));
#1141 = VECTOR('',#1142,1.);
#1142 = DIRECTION('',(0.,0.,1.));
#1143 = PCURVE('',#1075,#1144);
#1144 = DEFINITIONAL_REPRESENTATION('',(#1145),#1149);
#1145 = LINE('',#1146,#1147);
#1146 = CARTESIAN_POINT('',(4.645708271786,0.));
#1147 = VECTOR('',#1148,1.);
#1148 = DIRECTION('',(0.,-1.));
#1149 = ( GEOMETRIC_REPRESENTATION_CONTEXT(2) 
PARAMETRIC_REPRESENTATION_CONTEXT() REPRESENTATION_CONTEXT('2D SPACE',''
  ) );
#1150 = PCURVE('',#1151,#1156);
#1151 = PLANE('',#1152);
#1152 = AXIS2_PLACEMENT_3D('',#1153,#1154,#1155);
#1153 = CARTESIAN_POINT('',(0.301255230126,26.661087866109,0.));
#1154 = DIRECTION('',(0.990621129243,-0.136637397137,0.));
#1155 = DIRECTION('',(-0.136637397137,-0.990621129243,0.));
#1156 = DEFINITIONAL_REPRESENTATION('',(#1157),#1161);
#1157 = LINE('',#1158,#1159);
#1158 = CARTESIAN_POINT('',(0.,0.));
#1159 = VECTOR('',#1160,1.);
#1160 = DIRECTION('',(0.,-1.));
#1161 = ( GEOMETRIC_REPRESENTATION_CONTEXT(2) 
PARAMETRIC_REPRESENTATION_CONTEXT() REPRESENTATION_CONTEXT('2D SPACE',''
  ) );
#1162 = ORIENTED_EDGE('',*,*,#1163,.F.);
#1163 = EDGE_CURVE('',#1060,#1136,#1164,.T.);
#1164 = SURFACE_CURVE('',#1165,(#1169,#1176),.PCURVE_S1.);
#1165 = LINE('',#1166,#1167);
#1166 = CARTESIAN_POINT('',(1.882845188285,31.029288702929,0.));
#1167 = VECTOR('',#1168,1.);
#1168 = DIRECTION('',(-0.340441083605,-0.940265849956,0.));
#1169 = PCURVE('',#1075,#1170);
#1170 = DEFINITIONAL_REPRESENTATION('',(#1171),#1175);
#1171 = LINE('',#1172,#1173);
#1172 = CARTESIAN_POINT('',(0.,0.));
#1173 = VECTOR('',#1174,1.);
#1174 = DIRECTION('',(1.,0.));
#1175 = ( GEOMETRIC_REPRESENTATION_CONTEXT(2) 
PARAMETRIC_REPRESENTATION_CONTEXT() REPRESENTATION_CONTEXT('2D SPACE',''
  ) );
#1176 = PCURVE('',#868,#1177);
#1177 = DEFINITIONAL_REPRESENTATION('',(#1178),#1182);
#1178 = LINE('',#1179,#1180);
#1179 = CARTESIAN_POINT('',(-8.40300947309,12.214231486795));
#1180 = VECTOR('',#1181,1.);
#1181 = DIRECTION('',(-0.340441083605,-0.940265849956));
#1182 = ( GEOMETRIC_REPRESENTATION_CONTEXT(2) 
PARAMETRIC_REPRESENTATION_CONTEXT() REPRESENTATION_CONTEXT('2D SPACE',''
  ) );
#1183 = ADVANCED_FACE('',(#1184),#1151,.F.);
#1184 = FACE_BOUND('',#1185,.F.);
#1185 = EDGE_LOOP('',(#1186,#1187,#1210,#1238));
#1186 = ORIENTED_EDGE('',*,*,#1135,.T.);
#1187 = ORIENTED_EDGE('',*,*,#1188,.T.);
#1188 = EDGE_CURVE('',#1113,#1189,#1191,.T.);
#1189 = VERTEX_POINT('',#1190);
#1190 = CARTESIAN_POINT('',(0.,24.476987447699,3.));
#1191 = SURFACE_CURVE('',#1192,(#1196,#1203),.PCURVE_S1.);
#1192 = LINE('',#1193,#1194);
#1193 = CARTESIAN_POINT('',(0.301255230126,26.661087866109,3.));
#1194 = VECTOR('',#1195,1.);
#1195 = DIRECTION('',(-0.136637397137,-0.990621129243,0.));
#1196 = PCURVE('',#1151,#1197);
#1197 = DEFINITIONAL_REPRESENTATION('',(#1198),#1202);
#1198 = LINE('',#1199,#1200);
#1199 = CARTESIAN_POINT('',(0.,-3.));
#1200 = VECTOR('',#1201,1.);
#1201 = DIRECTION('',(1.,0.));
#1202 = ( GEOMETRIC_REPRESENTATION_CONTEXT(2) 
PARAMETRIC_REPRESENTATION_CONTEXT() REPRESENTATION_CONTEXT('2D SPACE',''
  ) );
#1203 = PCURVE('',#814,#1204);
#1204 = DEFINITIONAL_REPRESENTATION('',(#1205),#1209);
#1205 = LINE('',#1206,#1207);
#1206 = CARTESIAN_POINT('',(-9.984599431249,7.846030649975));
#1207 = VECTOR('',#1208,1.);
#1208 = DIRECTION('',(-0.136637397137,-0.990621129243));
#1209 = ( GEOMETRIC_REPRESENTATION_CONTEXT(2) 
PARAMETRIC_REPRESENTATION_CONTEXT() REPRESENTATION_CONTEXT('2D SPACE',''
  ) );
#1210 = ORIENTED_EDGE('',*,*,#1211,.F.);
#1211 = EDGE_CURVE('',#1212,#1189,#1214,.T.);
#1212 = VERTEX_POINT('',#1213);
#1213 = CARTESIAN_POINT('',(0.,24.476987447699,0.));
#1214 = SURFACE_CURVE('',#1215,(#1219,#1226),.PCURVE_S1.);
#1215 = LINE('',#1216,#1217);
#1216 = CARTESIAN_POINT('',(0.,24.476987447699,0.));
#1217 = VECTOR('',#1218,1.);
#1218 = DIRECTION('',(0.,0.,1.));
#1219 = PCURVE('',#1151,#1220);
#1220 = DEFINITIONAL_REPRESENTATION('',(#1221),#1225);
#1221 = LINE('',#1222,#1223);
#1222 = CARTESIAN_POINT('',(2.204778753385,0.));
#1223 = VECTOR('',#1224,1.);
#1224 = DIRECTION('',(0.,-1.));
#1225 = ( GEOMETRIC_REPRESENTATION_CONTEXT(2) 
PARAMETRIC_REPRESENTATION_CONTEXT() REPRESENTATION_CONTEXT('2D SPACE',''
  ) );
#1226 = PCURVE('',#1227,#1232);
#1227 = PLANE('',#1228);
#1228 = AXIS2_PLACEMENT_3D('',#1229,#1230,#1231);
#1229 = CARTESIAN_POINT('',(0.,24.476987447699,0.));
#1230 = DIRECTION('',(0.999956870009,9.287525108439E-03,-0.));
#1231 = DIRECTION('',(9.287525108439E-03,-0.999956870009,0.));
#1232 = DEFINITIONAL_REPRESENTATION('',(#1233),#1237);
#1233 = LINE('',#1234,#1235);
#1234 = CARTESIAN_POINT('',(0.,0.));
#1235 = VECTOR('',#1236,1.);
#1236 = DIRECTION('',(0.,-1.));
#1237 = ( GEOMETRIC_REPRESENTATION_CONTEXT(2) 
PARAMETRIC_REPRESENTATION_CONTEXT() REPRESENTATION_CONTEXT('2D SPACE',''
  ) );
#1238 = ORIENTED_EDGE('',*,*,#1239,.F.);
#1239 = EDGE_CURVE('',#1136,#1212,#1240,.T.);
#1240 = SURFACE_CURVE('',#1241,(#1245,#1252),.PCURVE_S1.);
#1241 = LINE('',#1242,#1243);
#1242 = CARTESIAN_POINT('',(0.301255230126,26.661087866109,0.));
#1243 = VECTOR('',#1244,1.);
#1244 = DIRECTION('',(-0.136637397137,-0.990621129243,0.));
#1245 = PCURVE('',#1151,#1246);
#1246 = DEFINITIONAL_REPRESENTATION('',(#1247),#1251);
#1247 = LINE('',#1248,#1249);
#1248 = CARTESIAN_POINT('',(0.,0.));
#1249 = VECTOR('',#1250,1.);
#1250 = DIRECTION('',(1.,0.));
#1251 = ( GEOMETRIC_REPRESENTATION_CONTEXT(2) 
PARAMETRIC_REPRESENTATION_CONTEXT() REPRESENTATION_CONTEXT('2D SPACE',''
  ) );
#1252 = PCURVE('',#868,#1253);
#1253 = DEFINITIONAL_REPRESENTATION('',(#1254),#1258);
#1254 = LINE('',#1255,#1256);
#1255 = CARTESIAN_POINT('',(-9.984599431249,7.846030649975));
#1256 = VECTOR('',#1257,1.);
#1257 = DIRECTION('',(-0.136637397137,-0.990621129243));
#1258 = ( GEOMETRIC_REPRESENTATION_CONTEXT(2) 
PARAMETRIC_REPRESENTATION_CONTEXT() REPRESENTATION_CONTEXT('2D SPACE',''
  ) );
#1259 = ADVANCED_FACE('',(#1260),#1227,.F.);
#1260 = FACE_BOUND('',#1261,.F.);
#1261 = EDGE_LOOP('',(#1262,#1263,#1286,#1314));
#1262 = ORIENTED_EDGE('',*,*,#1211,.T.);
#1263 = ORIENTED_EDGE('',*,*,#1264,.T.);
#1264 = EDGE_CURVE('',#1189,#1265,#1267,.T.);
#1265 = VERTEX_POINT('',#1266);
#1266 = CARTESIAN_POINT('',(0.225941422594,0.150627615063,3.));
#1267 = SURFACE_CURVE('',#1268,(#1272,#1279),.PCURVE_S1.);
#1268 = LINE('',#1269,#1270);
#1269 = CARTESIAN_POINT('',(0.,24.476987447699,3.));
#1270 = VECTOR('',#1271,1.);
#1271 = DIRECTION('',(9.287525108439E-03,-0.999956870009,0.));
#1272 = PCURVE('',#1227,#1273);
#1273 = DEFINITIONAL_REPRESENTATION('',(#1274),#1278);
#1274 = LINE('',#1275,#1276);
#1275 = CARTESIAN_POINT('',(0.,-3.));
#1276 = VECTOR('',#1277,1.);
#1277 = DIRECTION('',(1.,0.));
#1278 = ( GEOMETRIC_REPRESENTATION_CONTEXT(2) 
PARAMETRIC_REPRESENTATION_CONTEXT() REPRESENTATION_CONTEXT('2D SPACE',''
  ) );
#1279 = PCURVE('',#814,#1280);
#1280 = DEFINITIONAL_REPRESENTATION('',(#1281),#1285);
#1281 = LINE('',#1282,#1283);
#1282 = CARTESIAN_POINT('',(-10.28585466137,5.661930231565));
#1283 = VECTOR('',#1284,1.);
#1284 = DIRECTION('',(9.287525108439E-03,-0.999956870009));
#1285 = ( GEOMETRIC_REPRESENTATION_CONTEXT(2) 
PARAMETRIC_REPRESENTATION_CONTEXT() REPRESENTATION_CONTEXT('2D SPACE',''
  ) );
#1286 = ORIENTED_EDGE('',*,*,#1287,.F.);
#1287 = EDGE_CURVE('',#1288,#1265,#1290,.T.);
#1288 = VERTEX_POINT('',#1289);
#1289 = CARTESIAN_POINT('',(0.225941422594,0.150627615063,0.));
#1290 = SURFACE_CURVE('',#1291,(#1295,#1302),.PCURVE_S1.);
#1291 = LINE('',#1292,#1293);
#1292 = CARTESIAN_POINT('',(0.225941422594,0.150627615063,0.));
#1293 = VECTOR('',#1294,1.);
#1294 = DIRECTION('',(0.,0.,1.));
#1295 = PCURVE('',#1227,#1296);
#1296 = DEFINITIONAL_REPRESENTATION('',(#1297),#1301);
#1297 = LINE('',#1298,#1299);
#1298 = CARTESIAN_POINT('',(24.327409073581,0.));
#1299 = VECTOR('',#1300,1.);
#1300 = DIRECTION('',(0.,-1.));
#1301 = ( GEOMETRIC_REPRESENTATION_CONTEXT(2) 
PARAMETRIC_REPRESENTATION_CONTEXT() REPRESENTATION_CONTEXT('2D SPACE',''
  ) );
#1302 = PCURVE('',#1303,#1308);
#1303 = PLANE('',#1304);
#1304 = AXIS2_PLACEMENT_3D('',#1305,#1306,#1307);
#1305 = CARTESIAN_POINT('',(0.225941422594,0.150627615063,0.));
#1306 = DIRECTION('',(0.,1.,0.));
#1307 = DIRECTION('',(1.,0.,0.));
#1308 = DEFINITIONAL_REPRESENTATION('',(#1309),#1313);
#1309 = LINE('',#1310,#1311);
#1310 = CARTESIAN_POINT('',(0.,0.));
#1311 = VECTOR('',#1312,1.);
#1312 = DIRECTION('',(0.,-1.));
#1313 = ( GEOMETRIC_REPRESENTATION_CONTEXT(2) 
PARAMETRIC_REPRESENTATION_CONTEXT() REPRESENTATION_CONTEXT('2D SPACE',''
  ) );
#1314 = ORIENTED_EDGE('',*,*,#1315,.F.);
#1315 = EDGE_CURVE('',#1212,#1288,#1316,.T.);
#1316 = SURFACE_CURVE('',#1317,(#1321,#1328),.PCURVE_S1.);
#1317 = LINE('',#1318,#1319);
#1318 = CARTESIAN_POINT('',(0.,24.476987447699,0.));
#1319 = VECTOR('',#1320,1.);
#1320 = DIRECTION('',(9.287525108439E-03,-0.999956870009,0.));
#1321 = PCURVE('',#1227,#1322);
#1322 = DEFINITIONAL_REPRESENTATION('',(#1323),#1327);
#1323 = LINE('',#1324,#1325);
#1324 = CARTESIAN_POINT('',(0.,0.));
#1325 = VECTOR('',#1326,1.);
#1326 = DIRECTION('',(1.,0.));
#1327 = ( GEOMETRIC_REPRESENTATION_CONTEXT(2) 
PARAMETRIC_REPRESENTATION_CONTEXT() REPRESENTATION_CONTEXT('2D SPACE',''
  ) );
#1328 = PCURVE('',#868,#1329);
#1329 = DEFINITIONAL_REPRESENTATION('',(#1330),#1334);
#1330 = LINE('',#1331,#1332);
#1331 = CARTESIAN_POINT('',(-10.28585466137,5.661930231565));
#1332 = VECTOR('',#1333,1.);
#1333 = DIRECTION('',(9.287525108439E-03,-0.999956870009));
#1334 = ( GEOMETRIC_REPRESENTATION_CONTEXT(2) 
PARAMETRIC_REPRESENTATION_CONTEXT() REPRESENTATION_CONTEXT('2D SPACE',''
  ) );
#1335 = ADVANCED_FACE('',(#1336),#1303,.F.);
#1336 = FACE_BOUND('',#1337,.F.);
#1337 = EDGE_LOOP('',(#1338,#1339,#1362,#1390));
#1338 = ORIENTED_EDGE('',*,*,#1287,.T.);
#1339 = ORIENTED_EDGE('',*,*,#1340,.T.);
#1340 = EDGE_CURVE('',#1265,#1341,#1343,.T.);
#1341 = VERTEX_POINT('',#1342);
#1342 = CARTESIAN_POINT('',(10.694560669456,0.150627615063,3.));
#1343 = SURFACE_CURVE('',#1344,(#1348,#1355),.PCURVE_S1.);
#1344 = LINE('',#1345,#1346);
#1345 = CARTESIAN_POINT('',(0.225941422594,0.150627615063,3.));
#1346 = VECTOR('',#1347,1.);
#1347 = DIRECTION('',(1.,0.,0.));
#1348 = PCURVE('',#1303,#1349);
#1349 = DEFINITIONAL_REPRESENTATION('',(#1350),#1354);
#1350 = LINE('',#1351,#1352);
#1351 = CARTESIAN_POINT('',(0.,-3.));
#1352 = VECTOR('',#1353,1.);
#1353 = DIRECTION('',(1.,0.));
#1354 = ( GEOMETRIC_REPRESENTATION_CONTEXT(2) 
PARAMETRIC_REPRESENTATION_CONTEXT() REPRESENTATION_CONTEXT('2D SPACE',''
  ) );
#1355 = PCURVE('',#814,#1356);
#1356 = DEFINITIONAL_REPRESENTATION('',(#1357),#1361);
#1357 = LINE('',#1358,#1359);
#1358 = CARTESIAN_POINT('',(-10.05991323878,-18.66442960107));
#1359 = VECTOR('',#1360,1.);
#1360 = DIRECTION('',(1.,0.));
#1361 = ( GEOMETRIC_REPRESENTATION_CONTEXT(2) 
PARAMETRIC_REPRESENTATION_CONTEXT() REPRESENTATION_CONTEXT('2D SPACE',''
  ) );
#1362 = ORIENTED_EDGE('',*,*,#1363,.F.);
#1363 = EDGE_CURVE('',#1364,#1341,#1366,.T.);
#1364 = VERTEX_POINT('',#1365);
#1365 = CARTESIAN_POINT('',(10.694560669456,0.150627615063,0.));
#1366 = SURFACE_CURVE('',#1367,(#1371,#1378),.PCURVE_S1.);
#1367 = LINE('',#1368,#1369);
#1368 = CARTESIAN_POINT('',(10.694560669456,0.150627615063,0.));
#1369 = VECTOR('',#1370,1.);
#1370 = DIRECTION('',(0.,0.,1.));
#1371 = PCURVE('',#1303,#1372);
#1372 = DEFINITIONAL_REPRESENTATION('',(#1373),#1377);
#1373 = LINE('',#1374,#1375);
#1374 = CARTESIAN_POINT('',(10.468619246862,0.));
#1375 = VECTOR('',#1376,1.);
#1376 = DIRECTION('',(0.,-1.));
#1377 = ( GEOMETRIC_REPRESENTATION_CONTEXT(2) 
PARAMETRIC_REPRESENTATION_CONTEXT() REPRESENTATION_CONTEXT('2D SPACE',''
  ) );
#1378 = PCURVE('',#1379,#1384);
#1379 = PLANE('',#1380);
#1380 = AXIS2_PLACEMENT_3D('',#1381,#1382,#1383);
#1381 = CARTESIAN_POINT('',(10.694560669456,0.150627615063,0.));
#1382 = DIRECTION('',(-0.874157276122,0.485642931179,0.));
#1383 = DIRECTION('',(0.485642931179,0.874157276122,0.));
#1384 = DEFINITIONAL_REPRESENTATION('',(#1385),#1389);
#1385 = LINE('',#1386,#1387);
#1386 = CARTESIAN_POINT('',(0.,0.));
#1387 = VECTOR('',#1388,1.);
#1388 = DIRECTION('',(0.,-1.));
#1389 = ( GEOMETRIC_REPRESENTATION_CONTEXT(2) 
PARAMETRIC_REPRESENTATION_CONTEXT() REPRESENTATION_CONTEXT('2D SPACE',''
  ) );
#1390 = ORIENTED_EDGE('',*,*,#1391,.F.);
#1391 = EDGE_CURVE('',#1288,#1364,#1392,.T.);
#1392 = SURFACE_CURVE('',#1393,(#1397,#1404),.PCURVE_S1.);
#1393 = LINE('',#1394,#1395);
#1394 = CARTESIAN_POINT('',(0.225941422594,0.150627615063,0.));
#1395 = VECTOR('',#1396,1.);
#1396 = DIRECTION('',(1.,0.,0.));
#1397 = PCURVE('',#1303,#1398);
#1398 = DEFINITIONAL_REPRESENTATION('',(#1399),#1403);
#1399 = LINE('',#1400,#1401);
#1400 = CARTESIAN_POINT('',(0.,0.));
#1401 = VECTOR('',#1402,1.);
#1402 = DIRECTION('',(1.,0.));
#1403 = ( GEOMETRIC_REPRESENTATION_CONTEXT(2) 
PARAMETRIC_REPRESENTATION_CONTEXT() REPRESENTATION_CONTEXT('2D SPACE',''
  ) );
#1404 = PCURVE('',#868,#1405);
#1405 = DEFINITIONAL_REPRESENTATION('',(#1406),#1410);
#1406 = LINE('',#1407,#1408);
#1407 = CARTESIAN_POINT('',(-10.05991323878,-18.66442960107));
#1408 = VECTOR('',#1409,1.);
#1409 = DIRECTION('',(1.,0.));
#1410 = ( GEOMETRIC_REPRESENTATION_CONTEXT(2) 
PARAMETRIC_REPRESENTATION_CONTEXT() REPRESENTATION_CONTEXT('2D SPACE',''
  ) );
#1411 = ADVANCED_FACE('',(#1412),#1379,.F.);
#1412 = FACE_BOUND('',#1413,.F.);
#1413 = EDGE_LOOP('',(#1414,#1415,#1438,#1466));
#1414 = ORIENTED_EDGE('',*,*,#1363,.T.);
#1415 = ORIENTED_EDGE('',*,*,#1416,.T.);
#1416 = EDGE_CURVE('',#1341,#1417,#1419,.T.);
#1417 = VERTEX_POINT('',#1418);
#1418 = CARTESIAN_POINT('',(11.071129707113,0.828451882845,3.));
#1419 = SURFACE_CURVE('',#1420,(#1424,#1431),.PCURVE_S1.);
#1420 = LINE('',#1421,#1422);
#1421 = CARTESIAN_POINT('',(10.694560669456,0.150627615063,3.));
#1422 = VECTOR('',#1423,1.);
#1423 = DIRECTION('',(0.485642931179,0.874157276122,0.));
#1424 = PCURVE('',#1379,#1425);
#1425 = DEFINITIONAL_REPRESENTATION('',(#1426),#1430);
#1426 = LINE('',#1427,#1428);
#1427 = CARTESIAN_POINT('',(0.,-3.));
#1428 = VECTOR('',#1429,1.);
#1429 = DIRECTION('',(1.,0.));
#1430 = ( GEOMETRIC_REPRESENTATION_CONTEXT(2) 
PARAMETRIC_REPRESENTATION_CONTEXT() REPRESENTATION_CONTEXT('2D SPACE',''
  ) );
#1431 = PCURVE('',#814,#1432);
#1432 = DEFINITIONAL_REPRESENTATION('',(#1433),#1437);
#1433 = LINE('',#1434,#1435);
#1434 = CARTESIAN_POINT('',(0.408706008081,-18.66442960107));
#1435 = VECTOR('',#1436,1.);
#1436 = DIRECTION('',(0.485642931179,0.874157276122));
#1437 = ( GEOMETRIC_REPRESENTATION_CONTEXT(2) 
PARAMETRIC_REPRESENTATION_CONTEXT() REPRESENTATION_CONTEXT('2D SPACE',''
  ) );
#1438 = ORIENTED_EDGE('',*,*,#1439,.F.);
#1439 = EDGE_CURVE('',#1440,#1417,#1442,.T.);
#1440 = VERTEX_POINT('',#1441);
#1441 = CARTESIAN_POINT('',(11.071129707113,0.828451882845,0.));
#1442 = SURFACE_CURVE('',#1443,(#1447,#1454),.PCURVE_S1.);
#1443 = LINE('',#1444,#1445);
#1444 = CARTESIAN_POINT('',(11.071129707113,0.828451882845,0.));
#1445 = VECTOR('',#1446,1.);
#1446 = DIRECTION('',(0.,0.,1.));
#1447 = PCURVE('',#1379,#1448);
#1448 = DEFINITIONAL_REPRESENTATION('',(#1449),#1453);
#1449 = LINE('',#1450,#1451);
#1450 = CARTESIAN_POINT('',(0.775403106853,0.));
#1451 = VECTOR('',#1452,1.);
#1452 = DIRECTION('',(0.,-1.));
#1453 = ( GEOMETRIC_REPRESENTATION_CONTEXT(2) 
PARAMETRIC_REPRESENTATION_CONTEXT() REPRESENTATION_CONTEXT('2D SPACE',''
  ) );
#1454 = PCURVE('',#1455,#1460);
#1455 = PLANE('',#1456);
#1456 = AXIS2_PLACEMENT_3D('',#1457,#1458,#1459);
#1457 = CARTESIAN_POINT('',(11.071129707113,0.828451882845,0.));
#1458 = DIRECTION('',(-0.999249688515,-3.873060808198E-02,0.));
#1459 = DIRECTION('',(-3.873060808198E-02,0.999249688515,0.));
#1460 = DEFINITIONAL_REPRESENTATION('',(#1461),#1465);
#1461 = LINE('',#1462,#1463);
#1462 = CARTESIAN_POINT('',(0.,0.));
#1463 = VECTOR('',#1464,1.);
#1464 = DIRECTION('',(0.,-1.));
#1465 = ( GEOMETRIC_REPRESENTATION_CONTEXT(2) 
PARAMETRIC_REPRESENTATION_CONTEXT() REPRESENTATION_CONTEXT('2D SPACE',''
  ) );
#1466 = ORIENTED_EDGE('',*,*,#1467,.F.);
#1467 = EDGE_CURVE('',#1364,#1440,#1468,.T.);
#1468 = SURFACE_CURVE('',#1469,(#1473,#1480),.PCURVE_S1.);
#1469 = LINE('',#1470,#1471);
#1470 = CARTESIAN_POINT('',(10.694560669456,0.150627615063,0.));
#1471 = VECTOR('',#1472,1.);
#1472 = DIRECTION('',(0.485642931179,0.874157276122,0.));
#1473 = PCURVE('',#1379,#1474);
#1474 = DEFINITIONAL_REPRESENTATION('',(#1475),#1479);
#1475 = LINE('',#1476,#1477);
#1476 = CARTESIAN_POINT('',(0.,0.));
#1477 = VECTOR('',#1478,1.);
#1478 = DIRECTION('',(1.,0.));
#1479 = ( GEOMETRIC_REPRESENTATION_CONTEXT(2) 
PARAMETRIC_REPRESENTATION_CONTEXT() REPRESENTATION_CONTEXT('2D SPACE',''
  ) );
#1480 = PCURVE('',#868,#1481);
#1481 = DEFINITIONAL_REPRESENTATION('',(#1482),#1486);
#1482 = LINE('',#1483,#1484);
#1483 = CARTESIAN_POINT('',(0.408706008081,-18.66442960107));
#1484 = VECTOR('',#1485,1.);
#1485 = DIRECTION('',(0.485642931179,0.874157276122));
#1486 = ( GEOMETRIC_REPRESENTATION_CONTEXT(2) 
PARAMETRIC_REPRESENTATION_CONTEXT() REPRESENTATION_CONTEXT('2D SPACE',''
  ) );
#1487 = ADVANCED_FACE('',(#1488),#1455,.F.);
#1488 = FACE_BOUND('',#1489,.F.);
#1489 = EDGE_LOOP('',(#1490,#1491,#1514,#1542));
#1490 = ORIENTED_EDGE('',*,*,#1439,.T.);
#1491 = ORIENTED_EDGE('',*,*,#1492,.T.);
#1492 = EDGE_CURVE('',#1417,#1493,#1495,.T.);
#1493 = VERTEX_POINT('',#1494);
#1494 = CARTESIAN_POINT('',(10.694560669456,10.543933054393,3.));
#1495 = SURFACE_CURVE('',#1496,(#1500,#1507),.PCURVE_S1.);
#1496 = LINE('',#1497,#1498);
#1497 = CARTESIAN_POINT('',(11.071129707113,0.828451882845,3.));
#1498 = VECTOR('',#1499,1.);
#1499 = DIRECTION('',(-3.873060808198E-02,0.999249688515,0.));
#1500 = PCURVE('',#1455,#1501);
#1501 = DEFINITIONAL_REPRESENTATION('',(#1502),#1506);
#1502 = LINE('',#1503,#1504);
#1503 = CARTESIAN_POINT('',(0.,-3.));
#1504 = VECTOR('',#1505,1.);
#1505 = DIRECTION('',(1.,0.));
#1506 = ( GEOMETRIC_REPRESENTATION_CONTEXT(2) 
PARAMETRIC_REPRESENTATION_CONTEXT() REPRESENTATION_CONTEXT('2D SPACE',''
  ) );
#1507 = PCURVE('',#814,#1508);
#1508 = DEFINITIONAL_REPRESENTATION('',(#1509),#1513);
#1509 = LINE('',#1510,#1511);
#1510 = CARTESIAN_POINT('',(0.785275045738,-17.98660533328));
#1511 = VECTOR('',#1512,1.);
#1512 = DIRECTION('',(-3.873060808198E-02,0.999249688515));
#1513 = ( GEOMETRIC_REPRESENTATION_CONTEXT(2) 
PARAMETRIC_REPRESENTATION_CONTEXT() REPRESENTATION_CONTEXT('2D SPACE',''
  ) );
#1514 = ORIENTED_EDGE('',*,*,#1515,.F.);
#1515 = EDGE_CURVE('',#1516,#1493,#1518,.T.);
#1516 = VERTEX_POINT('',#1517);
#1517 = CARTESIAN_POINT('',(10.694560669456,10.543933054393,0.));
#1518 = SURFACE_CURVE('',#1519,(#1523,#1530),.PCURVE_S1.);
#1519 = LINE('',#1520,#1521);
#1520 = CARTESIAN_POINT('',(10.694560669456,10.543933054393,0.));
#1521 = VECTOR('',#1522,1.);
#1522 = DIRECTION('',(0.,0.,1.));
#1523 = PCURVE('',#1455,#1524);
#1524 = DEFINITIONAL_REPRESENTATION('',(#1525),#1529);
#1525 = LINE('',#1526,#1527);
#1526 = CARTESIAN_POINT('',(9.722776282257,0.));
#1527 = VECTOR('',#1528,1.);
#1528 = DIRECTION('',(0.,-1.));
#1529 = ( GEOMETRIC_REPRESENTATION_CONTEXT(2) 
PARAMETRIC_REPRESENTATION_CONTEXT() REPRESENTATION_CONTEXT('2D SPACE',''
  ) );
#1530 = PCURVE('',#1531,#1536);
#1531 = PLANE('',#1532);
#1532 = AXIS2_PLACEMENT_3D('',#1533,#1534,#1535);
#1533 = CARTESIAN_POINT('',(10.694560669456,10.543933054393,0.));
#1534 = DIRECTION('',(-0.977802414077,0.209529088731,0.));
#1535 = DIRECTION('',(0.209529088731,0.977802414077,0.));
#1536 = DEFINITIONAL_REPRESENTATION('',(#1537),#1541);
#1537 = LINE('',#1538,#1539);
#1538 = CARTESIAN_POINT('',(0.,0.));
#1539 = VECTOR('',#1540,1.);
#1540 = DIRECTION('',(0.,-1.));
#1541 = ( GEOMETRIC_REPRESENTATION_CONTEXT(2) 
PARAMETRIC_REPRESENTATION_CONTEXT() REPRESENTATION_CONTEXT('2D SPACE',''
  ) );
#1542 = ORIENTED_EDGE('',*,*,#1543,.F.);
#1543 = EDGE_CURVE('',#1440,#1516,#1544,.T.);
#1544 = SURFACE_CURVE('',#1545,(#1549,#1556),.PCURVE_S1.);
#1545 = LINE('',#1546,#1547);
#1546 = CARTESIAN_POINT('',(11.071129707113,0.828451882845,0.));
#1547 = VECTOR('',#1548,1.);
#1548 = DIRECTION('',(-3.873060808198E-02,0.999249688515,0.));
#1549 = PCURVE('',#1455,#1550);
#1550 = DEFINITIONAL_REPRESENTATION('',(#1551),#1555);
#1551 = LINE('',#1552,#1553);
#1552 = CARTESIAN_POINT('',(0.,0.));
#1553 = VECTOR('',#1554,1.);
#1554 = DIRECTION('',(1.,0.));
#1555 = ( GEOMETRIC_REPRESENTATION_CONTEXT(2) 
PARAMETRIC_REPRESENTATION_CONTEXT() REPRESENTATION_CONTEXT('2D SPACE',''
  ) );
#1556 = PCURVE('',#868,#1557);
#1557 = DEFINITIONAL_REPRESENTATION('',(#1558),#1562);
#1558 = LINE('',#1559,#1560);
#1559 = CARTESIAN_POINT('',(0.785275045738,-17.98660533328));
#1560 = VECTOR('',#1561,1.);
#1561 = DIRECTION('',(-3.873060808198E-02,0.999249688515));
#1562 = ( GEOMETRIC_REPRESENTATION_CONTEXT(2) 
PARAMETRIC_REPRESENTATION_CONTEXT() REPRESENTATION_CONTEXT('2D SPACE',''
  ) );
#1563 = ADVANCED_FACE('',(#1564),#1531,.F.);
#1564 = FACE_BOUND('',#1565,.F.);
#1565 = EDGE_LOOP('',(#1566,#1567,#1590,#1618));
#1566 = ORIENTED_EDGE('',*,*,#1515,.T.);
#1567 = ORIENTED_EDGE('',*,*,#1568,.T.);
#1568 = EDGE_CURVE('',#1493,#1569,#1571,.T.);
#1569 = VERTEX_POINT('',#1570);
#1570 = CARTESIAN_POINT('',(10.92050209205,11.598326359833,3.));
#1571 = SURFACE_CURVE('',#1572,(#1576,#1583),.PCURVE_S1.);
#1572 = LINE('',#1573,#1574);
#1573 = CARTESIAN_POINT('',(10.694560669456,10.543933054393,3.));
#1574 = VECTOR('',#1575,1.);
#1575 = DIRECTION('',(0.209529088731,0.977802414077,0.));
#1576 = PCURVE('',#1531,#1577);
#1577 = DEFINITIONAL_REPRESENTATION('',(#1578),#1582);
#1578 = LINE('',#1579,#1580);
#1579 = CARTESIAN_POINT('',(0.,-3.));
#1580 = VECTOR('',#1581,1.);
#1581 = DIRECTION('',(1.,0.));
#1582 = ( GEOMETRIC_REPRESENTATION_CONTEXT(2) 
PARAMETRIC_REPRESENTATION_CONTEXT() REPRESENTATION_CONTEXT('2D SPACE',''
  ) );
#1583 = PCURVE('',#814,#1584);
#1584 = DEFINITIONAL_REPRESENTATION('',(#1585),#1589);
#1585 = LINE('',#1586,#1587);
#1586 = CARTESIAN_POINT('',(0.408706008081,-8.271124161741));
#1587 = VECTOR('',#1588,1.);
#1588 = DIRECTION('',(0.209529088731,0.977802414077));
#1589 = ( GEOMETRIC_REPRESENTATION_CONTEXT(2) 
PARAMETRIC_REPRESENTATION_CONTEXT() REPRESENTATION_CONTEXT('2D SPACE',''
  ) );
#1590 = ORIENTED_EDGE('',*,*,#1591,.F.);
#1591 = EDGE_CURVE('',#1592,#1569,#1594,.T.);
#1592 = VERTEX_POINT('',#1593);
#1593 = CARTESIAN_POINT('',(10.92050209205,11.598326359833,0.));
#1594 = SURFACE_CURVE('',#1595,(#1599,#1606),.PCURVE_S1.);
#1595 = LINE('',#1596,#1597);
#1596 = CARTESIAN_POINT('',(10.92050209205,11.598326359833,0.));
#1597 = VECTOR('',#1598,1.);
#1598 = DIRECTION('',(0.,0.,1.));
#1599 = PCURVE('',#1531,#1600);
#1600 = DEFINITIONAL_REPRESENTATION('',(#1601),#1605);
#1601 = LINE('',#1602,#1603);
#1602 = CARTESIAN_POINT('',(1.078329619828,0.));
#1603 = VECTOR('',#1604,1.);
#1604 = DIRECTION('',(0.,-1.));
#1605 = ( GEOMETRIC_REPRESENTATION_CONTEXT(2) 
PARAMETRIC_REPRESENTATION_CONTEXT() REPRESENTATION_CONTEXT('2D SPACE',''
  ) );
#1606 = PCURVE('',#1607,#1612);
#1607 = PLANE('',#1608);
#1608 = AXIS2_PLACEMENT_3D('',#1609,#1610,#1611);
#1609 = CARTESIAN_POINT('',(10.92050209205,11.598326359833,0.));
#1610 = DIRECTION('',(-0.485642931179,0.874157276122,0.));
#1611 = DIRECTION('',(0.874157276122,0.485642931179,0.));
#1612 = DEFINITIONAL_REPRESENTATION('',(#1613),#1617);
#1613 = LINE('',#1614,#1615);
#1614 = CARTESIAN_POINT('',(0.,0.));
#1615 = VECTOR('',#1616,1.);
#1616 = DIRECTION('',(0.,-1.));
#1617 = ( GEOMETRIC_REPRESENTATION_CONTEXT(2) 
PARAMETRIC_REPRESENTATION_CONTEXT() REPRESENTATION_CONTEXT('2D SPACE',''
  ) );
#1618 = ORIENTED_EDGE('',*,*,#1619,.F.);
#1619 = EDGE_CURVE('',#1516,#1592,#1620,.T.);
#1620 = SURFACE_CURVE('',#1621,(#1625,#1632),.PCURVE_S1.);
#1621 = LINE('',#1622,#1623);
#1622 = CARTESIAN_POINT('',(10.694560669456,10.543933054393,0.));
#1623 = VECTOR('',#1624,1.);
#1624 = DIRECTION('',(0.209529088731,0.977802414077,0.));
#1625 = PCURVE('',#1531,#1626);
#1626 = DEFINITIONAL_REPRESENTATION('',(#1627),#1631);
#1627 = LINE('',#1628,#1629);
#1628 = CARTESIAN_POINT('',(0.,0.));
#1629 = VECTOR('',#1630,1.);
#1630 = DIRECTION('',(1.,0.));
#1631 = ( GEOMETRIC_REPRESENTATION_CONTEXT(2) 
PARAMETRIC_REPRESENTATION_CONTEXT() REPRESENTATION_CONTEXT('2D SPACE',''
  ) );
#1632 = PCURVE('',#868,#1633);
#1633 = DEFINITIONAL_REPRESENTATION('',(#1634),#1638);
#1634 = LINE('',#1635,#1636);
#1635 = CARTESIAN_POINT('',(0.408706008081,-8.271124161741));
#1636 = VECTOR('',#1637,1.);
#1637 = DIRECTION('',(0.209529088731,0.977802414077));
#1638 = ( GEOMETRIC_REPRESENTATION_CONTEXT(2) 
PARAMETRIC_REPRESENTATION_CONTEXT() REPRESENTATION_CONTEXT('2D SPACE',''
  ) );
#1639 = ADVANCED_FACE('',(#1640),#1607,.F.);
#1640 = FACE_BOUND('',#1641,.F.);
#1641 = EDGE_LOOP('',(#1642,#1643,#1666,#1694));
#1642 = ORIENTED_EDGE('',*,*,#1591,.T.);
#1643 = ORIENTED_EDGE('',*,*,#1644,.T.);
#1644 = EDGE_CURVE('',#1569,#1645,#1647,.T.);
#1645 = VERTEX_POINT('',#1646);
#1646 = CARTESIAN_POINT('',(11.598326359833,11.97489539749,3.));
#1647 = SURFACE_CURVE('',#1648,(#1652,#1659),.PCURVE_S1.);
#1648 = LINE('',#1649,#1650);
#1649 = CARTESIAN_POINT('',(10.92050209205,11.598326359833,3.));
#1650 = VECTOR('',#1651,1.);
#1651 = DIRECTION('',(0.874157276122,0.485642931179,0.));
#1652 = PCURVE('',#1607,#1653);
#1653 = DEFINITIONAL_REPRESENTATION('',(#1654),#1658);
#1654 = LINE('',#1655,#1656);
#1655 = CARTESIAN_POINT('',(0.,-3.));
#1656 = VECTOR('',#1657,1.);
#1657 = DIRECTION('',(1.,0.));
#1658 = ( GEOMETRIC_REPRESENTATION_CONTEXT(2) 
PARAMETRIC_REPRESENTATION_CONTEXT() REPRESENTATION_CONTEXT('2D SPACE',''
  ) );
#1659 = PCURVE('',#814,#1660);
#1660 = DEFINITIONAL_REPRESENTATION('',(#1661),#1665);
#1661 = LINE('',#1662,#1663);
#1662 = CARTESIAN_POINT('',(0.634647430675,-7.216730856302));
#1663 = VECTOR('',#1664,1.);
#1664 = DIRECTION('',(0.874157276122,0.485642931179));
#1665 = ( GEOMETRIC_REPRESENTATION_CONTEXT(2) 
PARAMETRIC_REPRESENTATION_CONTEXT() REPRESENTATION_CONTEXT('2D SPACE',''
  ) );
#1666 = ORIENTED_EDGE('',*,*,#1667,.F.);
#1667 = EDGE_CURVE('',#1668,#1645,#1670,.T.);
#1668 = VERTEX_POINT('',#1669);
#1669 = CARTESIAN_POINT('',(11.598326359833,11.97489539749,0.));
#1670 = SURFACE_CURVE('',#1671,(#1675,#1682),.PCURVE_S1.);
#1671 = LINE('',#1672,#1673);
#1672 = CARTESIAN_POINT('',(11.598326359833,11.97489539749,0.));
#1673 = VECTOR('',#1674,1.);
#1674 = DIRECTION('',(0.,0.,1.));
#1675 = PCURVE('',#1607,#1676);
#1676 = DEFINITIONAL_REPRESENTATION('',(#1677),#1681);
#1677 = LINE('',#1678,#1679);
#1678 = CARTESIAN_POINT('',(0.775403106853,0.));
#1679 = VECTOR('',#1680,1.);
#1680 = DIRECTION('',(0.,-1.));
#1681 = ( GEOMETRIC_REPRESENTATION_CONTEXT(2) 
PARAMETRIC_REPRESENTATION_CONTEXT() REPRESENTATION_CONTEXT('2D SPACE',''
  ) );
#1682 = PCURVE('',#1683,#1688);
#1683 = PLANE('',#1684);
#1684 = AXIS2_PLACEMENT_3D('',#1685,#1686,#1687);
#1685 = CARTESIAN_POINT('',(11.598326359833,11.97489539749,0.));
#1686 = DIRECTION('',(-2.541551627779E-02,0.999676973593,0.));
#1687 = DIRECTION('',(0.999676973593,2.541551627779E-02,0.));
#1688 = DEFINITIONAL_REPRESENTATION('',(#1689),#1693);
#1689 = LINE('',#1690,#1691);
#1690 = CARTESIAN_POINT('',(0.,0.));
#1691 = VECTOR('',#1692,1.);
#1692 = DIRECTION('',(0.,-1.));
#1693 = ( GEOMETRIC_REPRESENTATION_CONTEXT(2) 
PARAMETRIC_REPRESENTATION_CONTEXT() REPRESENTATION_CONTEXT('2D SPACE',''
  ) );
#1694 = ORIENTED_EDGE('',*,*,#1695,.F.);
#1695 = EDGE_CURVE('',#1592,#1668,#1696,.T.);
#1696 = SURFACE_CURVE('',#1697,(#1701,#1708),.PCURVE_S1.);
#1697 = LINE('',#1698,#1699);
#1698 = CARTESIAN_POINT('',(10.92050209205,11.598326359833,0.));
#1699 = VECTOR('',#1700,1.);
#1700 = DIRECTION('',(0.874157276122,0.485642931179,0.));
#1701 = PCURVE('',#1607,#1702);
#1702 = DEFINITIONAL_REPRESENTATION('',(#1703),#1707);
#1703 = LINE('',#1704,#1705);
#1704 = CARTESIAN_POINT('',(0.,0.));
#1705 = VECTOR('',#1706,1.);
#1706 = DIRECTION('',(1.,0.));
#1707 = ( GEOMETRIC_REPRESENTATION_CONTEXT(2) 
PARAMETRIC_REPRESENTATION_CONTEXT() REPRESENTATION_CONTEXT('2D SPACE',''
  ) );
#1708 = PCURVE('',#868,#1709);
#1709 = DEFINITIONAL_REPRESENTATION('',(#1710),#1714);
#1710 = LINE('',#1711,#1712);
#1711 = CARTESIAN_POINT('',(0.634647430675,-7.216730856302));
#1712 = VECTOR('',#1713,1.);
#1713 = DIRECTION('',(0.874157276122,0.485642931179));
#1714 = ( GEOMETRIC_REPRESENTATION_CONTEXT(2) 
PARAMETRIC_REPRESENTATION_CONTEXT() REPRESENTATION_CONTEXT('2D SPACE',''
  ) );
#1715 = ADVANCED_FACE('',(#1716),#1683,.F.);
#1716 = FACE_BOUND('',#1717,.F.);
#1717 = EDGE_LOOP('',(#1718,#1719,#1742,#1770));
#1718 = ORIENTED_EDGE('',*,*,#1667,.T.);
#1719 = ORIENTED_EDGE('',*,*,#1720,.T.);
#1720 = EDGE_CURVE('',#1645,#1721,#1723,.T.);
#1721 = VERTEX_POINT('',#1722);
#1722 = CARTESIAN_POINT('',(20.485355648536,12.200836820084,3.));
#1723 = SURFACE_CURVE('',#1724,(#1728,#1735),.PCURVE_S1.);
#1724 = LINE('',#1725,#1726);
#1725 = CARTESIAN_POINT('',(11.598326359833,11.97489539749,3.));
#1726 = VECTOR('',#1727,1.);
#1727 = DIRECTION('',(0.999676973593,2.541551627779E-02,0.));
#1728 = PCURVE('',#1683,#1729);
#1729 = DEFINITIONAL_REPRESENTATION('',(#1730),#1734);
#1730 = LINE('',#1731,#1732);
#1731 = CARTESIAN_POINT('',(0.,-3.));
#1732 = VECTOR('',#1733,1.);
#1733 = DIRECTION('',(1.,0.));
#1734 = ( GEOMETRIC_REPRESENTATION_CONTEXT(2) 
PARAMETRIC_REPRESENTATION_CONTEXT() REPRESENTATION_CONTEXT('2D SPACE',''
  ) );
#1735 = PCURVE('',#814,#1736);
#1736 = DEFINITIONAL_REPRESENTATION('',(#1737),#1741);
#1737 = LINE('',#1738,#1739);
#1738 = CARTESIAN_POINT('',(1.312471698458,-6.840161818645));
#1739 = VECTOR('',#1740,1.);
#1740 = DIRECTION('',(0.999676973593,2.541551627779E-02));
#1741 = ( GEOMETRIC_REPRESENTATION_CONTEXT(2) 
PARAMETRIC_REPRESENTATION_CONTEXT() REPRESENTATION_CONTEXT('2D SPACE',''
  ) );
#1742 = ORIENTED_EDGE('',*,*,#1743,.F.);
#1743 = EDGE_CURVE('',#1744,#1721,#1746,.T.);
#1744 = VERTEX_POINT('',#1745);
#1745 = CARTESIAN_POINT('',(20.485355648536,12.200836820084,0.));
#1746 = SURFACE_CURVE('',#1747,(#1751,#1758),.PCURVE_S1.);
#1747 = LINE('',#1748,#1749);
#1748 = CARTESIAN_POINT('',(20.485355648536,12.200836820084,0.));
#1749 = VECTOR('',#1750,1.);
#1750 = DIRECTION('',(0.,0.,1.));
#1751 = PCURVE('',#1683,#1752);
#1752 = DEFINITIONAL_REPRESENTATION('',(#1753),#1757);
#1753 = LINE('',#1754,#1755);
#1754 = CARTESIAN_POINT('',(8.889900961468,0.));
#1755 = VECTOR('',#1756,1.);
#1756 = DIRECTION('',(0.,-1.));
#1757 = ( GEOMETRIC_REPRESENTATION_CONTEXT(2) 
PARAMETRIC_REPRESENTATION_CONTEXT() REPRESENTATION_CONTEXT('2D SPACE',''
  ) );
#1758 = PCURVE('',#1759,#1764);
#1759 = PLANE('',#1760);
#1760 = AXIS2_PLACEMENT_3D('',#1761,#1762,#1763);
#1761 = CARTESIAN_POINT('',(20.485355648536,12.200836820084,0.));
#1762 = DIRECTION('',(-0.999962843926,8.620369344189E-03,0.));
#1763 = DIRECTION('',(8.620369344189E-03,0.999962843926,0.));
#1764 = DEFINITIONAL_REPRESENTATION('',(#1765),#1769);
#1765 = LINE('',#1766,#1767);
#1766 = CARTESIAN_POINT('',(0.,0.));
#1767 = VECTOR('',#1768,1.);
#1768 = DIRECTION('',(0.,-1.));
#1769 = ( GEOMETRIC_REPRESENTATION_CONTEXT(2) 
PARAMETRIC_REPRESENTATION_CONTEXT() REPRESENTATION_CONTEXT('2D SPACE',''
  ) );
#1770 = ORIENTED_EDGE('',*,*,#1771,.F.);
#1771 = EDGE_CURVE('',#1668,#1744,#1772,.T.);
#1772 = SURFACE_CURVE('',#1773,(#1777,#1784),.PCURVE_S1.);
#1773 = LINE('',#1774,#1775);
#1774 = CARTESIAN_POINT('',(11.598326359833,11.97489539749,0.));
#1775 = VECTOR('',#1776,1.);
#1776 = DIRECTION('',(0.999676973593,2.541551627779E-02,0.));
#1777 = PCURVE('',#1683,#1778);
#1778 = DEFINITIONAL_REPRESENTATION('',(#1779),#1783);
#1779 = LINE('',#1780,#1781);
#1780 = CARTESIAN_POINT('',(0.,0.));
#1781 = VECTOR('',#1782,1.);
#1782 = DIRECTION('',(1.,0.));
#1783 = ( GEOMETRIC_REPRESENTATION_CONTEXT(2) 
PARAMETRIC_REPRESENTATION_CONTEXT() REPRESENTATION_CONTEXT('2D SPACE',''
  ) );
#1784 = PCURVE('',#868,#1785);
#1785 = DEFINITIONAL_REPRESENTATION('',(#1786),#1790);
#1786 = LINE('',#1787,#1788);
#1787 = CARTESIAN_POINT('',(1.312471698458,-6.840161818645));
#1788 = VECTOR('',#1789,1.);
#1789 = DIRECTION('',(0.999676973593,2.541551627779E-02));
#1790 = ( GEOMETRIC_REPRESENTATION_CONTEXT(2) 
PARAMETRIC_REPRESENTATION_CONTEXT() REPRESENTATION_CONTEXT('2D SPACE',''
  ) );
#1791 = ADVANCED_FACE('',(#1792),#1759,.F.);
#1792 = FACE_BOUND('',#1793,.F.);
#1793 = EDGE_LOOP('',(#1794,#1795,#1818,#1846));
#1794 = ORIENTED_EDGE('',*,*,#1743,.T.);
#1795 = ORIENTED_EDGE('',*,*,#1796,.T.);
#1796 = EDGE_CURVE('',#1721,#1797,#1799,.T.);
#1797 = VERTEX_POINT('',#1798);
#1798 = CARTESIAN_POINT('',(20.560669456067,20.937238493724,3.));
#1799 = SURFACE_CURVE('',#1800,(#1804,#1811),.PCURVE_S1.);
#1800 = LINE('',#1801,#1802);
#1801 = CARTESIAN_POINT('',(20.485355648536,12.200836820084,3.));
#1802 = VECTOR('',#1803,1.);
#1803 = DIRECTION('',(8.620369344189E-03,0.999962843926,0.));
#1804 = PCURVE('',#1759,#1805);
#1805 = DEFINITIONAL_REPRESENTATION('',(#1806),#1810);
#1806 = LINE('',#1807,#1808);
#1807 = CARTESIAN_POINT('',(0.,-3.));
#1808 = VECTOR('',#1809,1.);
#1809 = DIRECTION('',(1.,0.));
#1810 = ( GEOMETRIC_REPRESENTATION_CONTEXT(2) 
PARAMETRIC_REPRESENTATION_CONTEXT() REPRESENTATION_CONTEXT('2D SPACE',''
  ) );
#1811 = PCURVE('',#814,#1812);
#1812 = DEFINITIONAL_REPRESENTATION('',(#1813),#1817);
#1813 = LINE('',#1814,#1815);
#1814 = CARTESIAN_POINT('',(10.199500987161,-6.614220396051));
#1815 = VECTOR('',#1816,1.);
#1816 = DIRECTION('',(8.620369344189E-03,0.999962843926));
#1817 = ( GEOMETRIC_REPRESENTATION_CONTEXT(2) 
PARAMETRIC_REPRESENTATION_CONTEXT() REPRESENTATION_CONTEXT('2D SPACE',''
  ) );
#1818 = ORIENTED_EDGE('',*,*,#1819,.F.);
#1819 = EDGE_CURVE('',#1820,#1797,#1822,.T.);
#1820 = VERTEX_POINT('',#1821);
#1821 = CARTESIAN_POINT('',(20.560669456067,20.937238493724,0.));
#1822 = SURFACE_CURVE('',#1823,(#1827,#1834),.PCURVE_S1.);
#1823 = LINE('',#1824,#1825);
#1824 = CARTESIAN_POINT('',(20.560669456067,20.937238493724,0.));
#1825 = VECTOR('',#1826,1.);
#1826 = DIRECTION('',(0.,0.,1.));
#1827 = PCURVE('',#1759,#1828);
#1828 = DEFINITIONAL_REPRESENTATION('',(#1829),#1833);
#1829 = LINE('',#1830,#1831);
#1830 = CARTESIAN_POINT('',(8.73672629609,0.));
#1831 = VECTOR('',#1832,1.);
#1832 = DIRECTION('',(0.,-1.));
#1833 = ( GEOMETRIC_REPRESENTATION_CONTEXT(2) 
PARAMETRIC_REPRESENTATION_CONTEXT() REPRESENTATION_CONTEXT('2D SPACE',''
  ) );
#1834 = PCURVE('',#1835,#1840);
#1835 = PLANE('',#1836);
#1836 = AXIS2_PLACEMENT_3D('',#1837,#1838,#1839);
#1837 = CARTESIAN_POINT('',(20.560669456067,20.937238493724,0.));
#1838 = DIRECTION('',(-0.640184399664,-0.768221279597,0.));
#1839 = DIRECTION('',(-0.768221279597,0.640184399664,0.));
#1840 = DEFINITIONAL_REPRESENTATION('',(#1841),#1845);
#1841 = LINE('',#1842,#1843);
#1842 = CARTESIAN_POINT('',(0.,0.));
#1843 = VECTOR('',#1844,1.);
#1844 = DIRECTION('',(0.,-1.));
#1845 = ( GEOMETRIC_REPRESENTATION_CONTEXT(2) 
PARAMETRIC_REPRESENTATION_CONTEXT() REPRESENTATION_CONTEXT('2D SPACE',''
  ) );
#1846 = ORIENTED_EDGE('',*,*,#1847,.F.);
#1847 = EDGE_CURVE('',#1744,#1820,#1848,.T.);
#1848 = SURFACE_CURVE('',#1849,(#1853,#1860),.PCURVE_S1.);
#1849 = LINE('',#1850,#1851);
#1850 = CARTESIAN_POINT('',(20.485355648536,12.200836820084,0.));
#1851 = VECTOR('',#1852,1.);
#1852 = DIRECTION('',(8.620369344189E-03,0.999962843926,0.));
#1853 = PCURVE('',#1759,#1854);
#1854 = DEFINITIONAL_REPRESENTATION('',(#1855),#1859);
#1855 = LINE('',#1856,#1857);
#1856 = CARTESIAN_POINT('',(0.,0.));
#1857 = VECTOR('',#1858,1.);
#1858 = DIRECTION('',(1.,0.));
#1859 = ( GEOMETRIC_REPRESENTATION_CONTEXT(2) 
PARAMETRIC_REPRESENTATION_CONTEXT() REPRESENTATION_CONTEXT('2D SPACE',''
  ) );
#1860 = PCURVE('',#868,#1861);
#1861 = DEFINITIONAL_REPRESENTATION('',(#1862),#1866);
#1862 = LINE('',#1863,#1864);
#1863 = CARTESIAN_POINT('',(10.199500987161,-6.614220396051));
#1864 = VECTOR('',#1865,1.);
#1865 = DIRECTION('',(8.620369344189E-03,0.999962843926));
#1866 = ( GEOMETRIC_REPRESENTATION_CONTEXT(2) 
PARAMETRIC_REPRESENTATION_CONTEXT() REPRESENTATION_CONTEXT('2D SPACE',''
  ) );
#1867 = ADVANCED_FACE('',(#1868),#1835,.F.);
#1868 = FACE_BOUND('',#1869,.F.);
#1869 = EDGE_LOOP('',(#1870,#1871,#1894,#1922));
#1870 = ORIENTED_EDGE('',*,*,#1819,.T.);
#1871 = ORIENTED_EDGE('',*,*,#1872,.T.);
#1872 = EDGE_CURVE('',#1797,#1873,#1875,.T.);
#1873 = VERTEX_POINT('',#1874);
#1874 = CARTESIAN_POINT('',(20.108786610879,21.313807531381,3.));
#1875 = SURFACE_CURVE('',#1876,(#1880,#1887),.PCURVE_S1.);
#1876 = LINE('',#1877,#1878);
#1877 = CARTESIAN_POINT('',(20.560669456067,20.937238493724,3.));
#1878 = VECTOR('',#1879,1.);
#1879 = DIRECTION('',(-0.768221279597,0.640184399664,0.));
#1880 = PCURVE('',#1835,#1881);
#1881 = DEFINITIONAL_REPRESENTATION('',(#1882),#1886);
#1882 = LINE('',#1883,#1884);
#1883 = CARTESIAN_POINT('',(0.,-3.));
#1884 = VECTOR('',#1885,1.);
#1885 = DIRECTION('',(1.,0.));
#1886 = ( GEOMETRIC_REPRESENTATION_CONTEXT(2) 
PARAMETRIC_REPRESENTATION_CONTEXT() REPRESENTATION_CONTEXT('2D SPACE',''
  ) );
#1887 = PCURVE('',#814,#1888);
#1888 = DEFINITIONAL_REPRESENTATION('',(#1889),#1893);
#1889 = LINE('',#1890,#1891);
#1890 = CARTESIAN_POINT('',(10.274814794692,2.12218127759));
#1891 = VECTOR('',#1892,1.);
#1892 = DIRECTION('',(-0.768221279597,0.640184399664));
#1893 = ( GEOMETRIC_REPRESENTATION_CONTEXT(2) 
PARAMETRIC_REPRESENTATION_CONTEXT() REPRESENTATION_CONTEXT('2D SPACE',''
  ) );
#1894 = ORIENTED_EDGE('',*,*,#1895,.F.);
#1895 = EDGE_CURVE('',#1896,#1873,#1898,.T.);
#1896 = VERTEX_POINT('',#1897);
#1897 = CARTESIAN_POINT('',(20.108786610879,21.313807531381,0.));
#1898 = SURFACE_CURVE('',#1899,(#1903,#1910),.PCURVE_S1.);
#1899 = LINE('',#1900,#1901);
#1900 = CARTESIAN_POINT('',(20.108786610879,21.313807531381,0.));
#1901 = VECTOR('',#1902,1.);
#1902 = DIRECTION('',(0.,0.,1.));
#1903 = PCURVE('',#1835,#1904);
#1904 = DEFINITIONAL_REPRESENTATION('',(#1905),#1909);
#1905 = LINE('',#1906,#1907);
#1906 = CARTESIAN_POINT('',(0.588219640863,0.));
#1907 = VECTOR('',#1908,1.);
#1908 = DIRECTION('',(0.,-1.));
#1909 = ( GEOMETRIC_REPRESENTATION_CONTEXT(2) 
PARAMETRIC_REPRESENTATION_CONTEXT() REPRESENTATION_CONTEXT('2D SPACE',''
  ) );
#1910 = PCURVE('',#1911,#1916);
#1911 = PLANE('',#1912);
#1912 = AXIS2_PLACEMENT_3D('',#1913,#1914,#1915);
#1913 = CARTESIAN_POINT('',(20.108786610879,21.313807531381,0.));
#1914 = DIRECTION('',(0.,-1.,0.));
#1915 = DIRECTION('',(-1.,0.,0.));
#1916 = DEFINITIONAL_REPRESENTATION('',(#1917),#1921);
#1917 = LINE('',#1918,#1919);
#1918 = CARTESIAN_POINT('',(0.,-0.));
#1919 = VECTOR('',#1920,1.);
#1920 = DIRECTION('',(0.,-1.));
#1921 = ( GEOMETRIC_REPRESENTATION_CONTEXT(2) 
PARAMETRIC_REPRESENTATION_CONTEXT() REPRESENTATION_CONTEXT('2D SPACE',''
  ) );
#1922 = ORIENTED_EDGE('',*,*,#1923,.F.);
#1923 = EDGE_CURVE('',#1820,#1896,#1924,.T.);
#1924 = SURFACE_CURVE('',#1925,(#1929,#1936),.PCURVE_S1.);
#1925 = LINE('',#1926,#1927);
#1926 = CARTESIAN_POINT('',(20.560669456067,20.937238493724,0.));
#1927 = VECTOR('',#1928,1.);
#1928 = DIRECTION('',(-0.768221279597,0.640184399664,0.));
#1929 = PCURVE('',#1835,#1930);
#1930 = DEFINITIONAL_REPRESENTATION('',(#1931),#1935);
#1931 = LINE('',#1932,#1933);
#1932 = CARTESIAN_POINT('',(0.,0.));
#1933 = VECTOR('',#1934,1.);
#1934 = DIRECTION('',(1.,0.));
#1935 = ( GEOMETRIC_REPRESENTATION_CONTEXT(2) 
PARAMETRIC_REPRESENTATION_CONTEXT() REPRESENTATION_CONTEXT('2D SPACE',''
  ) );
#1936 = PCURVE('',#868,#1937);
#1937 = DEFINITIONAL_REPRESENTATION('',(#1938),#1942);
#1938 = LINE('',#1939,#1940);
#1939 = CARTESIAN_POINT('',(10.274814794692,2.12218127759));
#1940 = VECTOR('',#1941,1.);
#1941 = DIRECTION('',(-0.768221279597,0.640184399664));
#1942 = ( GEOMETRIC_REPRESENTATION_CONTEXT(2) 
PARAMETRIC_REPRESENTATION_CONTEXT() REPRESENTATION_CONTEXT('2D SPACE',''
  ) );
#1943 = ADVANCED_FACE('',(#1944),#1911,.F.);
#1944 = FACE_BOUND('',#1945,.F.);
#1945 = EDGE_LOOP('',(#1946,#1947,#1970,#1998));
#1946 = ORIENTED_EDGE('',*,*,#1895,.T.);
#1947 = ORIENTED_EDGE('',*,*,#1948,.T.);
#1948 = EDGE_CURVE('',#1873,#1949,#1951,.T.);
#1949 = VERTEX_POINT('',#1950);
#1950 = CARTESIAN_POINT('',(12.050209205021,21.313807531381,3.));
#1951 = SURFACE_CURVE('',#1952,(#1956,#1963),.PCURVE_S1.);
#1952 = LINE('',#1953,#1954);
#1953 = CARTESIAN_POINT('',(20.108786610879,21.313807531381,3.));
#1954 = VECTOR('',#1955,1.);
#1955 = DIRECTION('',(-1.,0.,0.));
#1956 = PCURVE('',#1911,#1957);
#1957 = DEFINITIONAL_REPRESENTATION('',(#1958),#1962);
#1958 = LINE('',#1959,#1960);
#1959 = CARTESIAN_POINT('',(0.,-3.));
#1960 = VECTOR('',#1961,1.);
#1961 = DIRECTION('',(1.,0.));
#1962 = ( GEOMETRIC_REPRESENTATION_CONTEXT(2) 
PARAMETRIC_REPRESENTATION_CONTEXT() REPRESENTATION_CONTEXT('2D SPACE',''
  ) );
#1963 = PCURVE('',#814,#1964);
#1964 = DEFINITIONAL_REPRESENTATION('',(#1965),#1969);
#1965 = LINE('',#1966,#1967);
#1966 = CARTESIAN_POINT('',(9.822931949504,2.498750315247));
#1967 = VECTOR('',#1968,1.);
#1968 = DIRECTION('',(-1.,0.));
#1969 = ( GEOMETRIC_REPRESENTATION_CONTEXT(2) 
PARAMETRIC_REPRESENTATION_CONTEXT() REPRESENTATION_CONTEXT('2D SPACE',''
  ) );
#1970 = ORIENTED_EDGE('',*,*,#1971,.F.);
#1971 = EDGE_CURVE('',#1972,#1949,#1974,.T.);
#1972 = VERTEX_POINT('',#1973);
#1973 = CARTESIAN_POINT('',(12.050209205021,21.313807531381,0.));
#1974 = SURFACE_CURVE('',#1975,(#1979,#1986),.PCURVE_S1.);
#1975 = LINE('',#1976,#1977);
#1976 = CARTESIAN_POINT('',(12.050209205021,21.313807531381,0.));
#1977 = VECTOR('',#1978,1.);
#1978 = DIRECTION('',(0.,0.,1.));
#1979 = PCURVE('',#1911,#1980);
#1980 = DEFINITIONAL_REPRESENTATION('',(#1981),#1985);
#1981 = LINE('',#1982,#1983);
#1982 = CARTESIAN_POINT('',(8.058577405858,0.));
#1983 = VECTOR('',#1984,1.);
#1984 = DIRECTION('',(0.,-1.));
#1985 = ( GEOMETRIC_REPRESENTATION_CONTEXT(2) 
PARAMETRIC_REPRESENTATION_CONTEXT() REPRESENTATION_CONTEXT('2D SPACE',''
  ) );
#1986 = PCURVE('',#1987,#1992);
#1987 = PLANE('',#1988);
#1988 = AXIS2_PLACEMENT_3D('',#1989,#1990,#1991);
#1989 = CARTESIAN_POINT('',(12.050209205021,21.313807531381,0.));
#1990 = DIRECTION('',(-0.60971076085,-0.792623989105,0.));
#1991 = DIRECTION('',(-0.792623989105,0.60971076085,0.));
#1992 = DEFINITIONAL_REPRESENTATION('',(#1993),#1997);
#1993 = LINE('',#1994,#1995);
#1994 = CARTESIAN_POINT('',(0.,0.));
#1995 = VECTOR('',#1996,1.);
#1996 = DIRECTION('',(0.,-1.));
#1997 = ( GEOMETRIC_REPRESENTATION_CONTEXT(2) 
PARAMETRIC_REPRESENTATION_CONTEXT() REPRESENTATION_CONTEXT('2D SPACE',''
  ) );
#1998 = ORIENTED_EDGE('',*,*,#1999,.F.);
#1999 = EDGE_CURVE('',#1896,#1972,#2000,.T.);
#2000 = SURFACE_CURVE('',#2001,(#2005,#2012),.PCURVE_S1.);
#2001 = LINE('',#2002,#2003);
#2002 = CARTESIAN_POINT('',(20.108786610879,21.313807531381,0.));
#2003 = VECTOR('',#2004,1.);
#2004 = DIRECTION('',(-1.,0.,0.));
#2005 = PCURVE('',#1911,#2006);
#2006 = DEFINITIONAL_REPRESENTATION('',(#2007),#2011);
#2007 = LINE('',#2008,#2009);
#2008 = CARTESIAN_POINT('',(0.,-0.));
#2009 = VECTOR('',#2010,1.);
#2010 = DIRECTION('',(1.,0.));
#2011 = ( GEOMETRIC_REPRESENTATION_CONTEXT(2) 
PARAMETRIC_REPRESENTATION_CONTEXT() REPRESENTATION_CONTEXT('2D SPACE',''
  ) );
#2012 = PCURVE('',#868,#2013);
#2013 = DEFINITIONAL_REPRESENTATION('',(#2014),#2018);
#2014 = LINE('',#2015,#2016);
#2015 = CARTESIAN_POINT('',(9.822931949504,2.498750315247));
#2016 = VECTOR('',#2017,1.);
#2017 = DIRECTION('',(-1.,0.));
#2018 = ( GEOMETRIC_REPRESENTATION_CONTEXT(2) 
PARAMETRIC_REPRESENTATION_CONTEXT() REPRESENTATION_CONTEXT('2D SPACE',''
  ) );
#2019 = ADVANCED_FACE('',(#2020),#1987,.F.);
#2020 = FACE_BOUND('',#2021,.F.);
#2021 = EDGE_LOOP('',(#2022,#2023,#2046,#2074));
#2022 = ORIENTED_EDGE('',*,*,#1971,.T.);
#2023 = ORIENTED_EDGE('',*,*,#2024,.T.);
#2024 = EDGE_CURVE('',#1949,#2025,#2027,.T.);
#2025 = VERTEX_POINT('',#2026);
#2026 = CARTESIAN_POINT('',(11.071129707113,22.066945606695,3.));
#2027 = SURFACE_CURVE('',#2028,(#2032,#2039),.PCURVE_S1.);
#2028 = LINE('',#2029,#2030);
#2029 = CARTESIAN_POINT('',(12.050209205021,21.313807531381,3.));
#2030 = VECTOR('',#2031,1.);
#2031 = DIRECTION('',(-0.792623989105,0.60971076085,0.));
#2032 = PCURVE('',#1987,#2033);
#2033 = DEFINITIONAL_REPRESENTATION('',(#2034),#2038);
#2034 = LINE('',#2035,#2036);
#2035 = CARTESIAN_POINT('',(0.,-3.));
#2036 = VECTOR('',#2037,1.);
#2037 = DIRECTION('',(1.,0.));
#2038 = ( GEOMETRIC_REPRESENTATION_CONTEXT(2) 
PARAMETRIC_REPRESENTATION_CONTEXT() REPRESENTATION_CONTEXT('2D SPACE',''
  ) );
#2039 = PCURVE('',#814,#2040);
#2040 = DEFINITIONAL_REPRESENTATION('',(#2041),#2045);
#2041 = LINE('',#2042,#2043);
#2042 = CARTESIAN_POINT('',(1.764354543646,2.498750315247));
#2043 = VECTOR('',#2044,1.);
#2044 = DIRECTION('',(-0.792623989105,0.60971076085));
#2045 = ( GEOMETRIC_REPRESENTATION_CONTEXT(2) 
PARAMETRIC_REPRESENTATION_CONTEXT() REPRESENTATION_CONTEXT('2D SPACE',''
  ) );
#2046 = ORIENTED_EDGE('',*,*,#2047,.F.);
#2047 = EDGE_CURVE('',#2048,#2025,#2050,.T.);
#2048 = VERTEX_POINT('',#2049);
#2049 = CARTESIAN_POINT('',(11.071129707113,22.066945606695,0.));
#2050 = SURFACE_CURVE('',#2051,(#2055,#2062),.PCURVE_S1.);
#2051 = LINE('',#2052,#2053);
#2052 = CARTESIAN_POINT('',(11.071129707113,22.066945606695,0.));
#2053 = VECTOR('',#2054,1.);
#2054 = DIRECTION('',(0.,0.,1.));
#2055 = PCURVE('',#1987,#2056);
#2056 = DEFINITIONAL_REPRESENTATION('',(#2057),#2061);
#2057 = LINE('',#2058,#2059);
#2058 = CARTESIAN_POINT('',(1.235238286207,0.));
#2059 = VECTOR('',#2060,1.);
#2060 = DIRECTION('',(0.,-1.));
#2061 = ( GEOMETRIC_REPRESENTATION_CONTEXT(2) 
PARAMETRIC_REPRESENTATION_CONTEXT() REPRESENTATION_CONTEXT('2D SPACE',''
  ) );
#2062 = PCURVE('',#2063,#2068);
#2063 = PLANE('',#2064);
#2064 = AXIS2_PLACEMENT_3D('',#2065,#2066,#2067);
#2065 = CARTESIAN_POINT('',(11.071129707113,22.066945606695,0.));
#2066 = DIRECTION('',(-0.988371697651,0.152057184254,0.));
#2067 = DIRECTION('',(0.152057184254,0.988371697651,0.));
#2068 = DEFINITIONAL_REPRESENTATION('',(#2069),#2073);
#2069 = LINE('',#2070,#2071);
#2070 = CARTESIAN_POINT('',(0.,0.));
#2071 = VECTOR('',#2072,1.);
#2072 = DIRECTION('',(0.,-1.));
#2073 = ( GEOMETRIC_REPRESENTATION_CONTEXT(2) 
PARAMETRIC_REPRESENTATION_CONTEXT() REPRESENTATION_CONTEXT('2D SPACE',''
  ) );
#2074 = ORIENTED_EDGE('',*,*,#2075,.F.);
#2075 = EDGE_CURVE('',#1972,#2048,#2076,.T.);
#2076 = SURFACE_CURVE('',#2077,(#2081,#2088),.PCURVE_S1.);
#2077 = LINE('',#2078,#2079);
#2078 = CARTESIAN_POINT('',(12.050209205021,21.313807531381,0.));
#2079 = VECTOR('',#2080,1.);
#2080 = DIRECTION('',(-0.792623989105,0.60971076085,0.));
#2081 = PCURVE('',#1987,#2082);
#2082 = DEFINITIONAL_REPRESENTATION('',(#2083),#2087);
#2083 = LINE('',#2084,#2085);
#2084 = CARTESIAN_POINT('',(0.,0.));
#2085 = VECTOR('',#2086,1.);
#2086 = DIRECTION('',(1.,0.));
#2087 = ( GEOMETRIC_REPRESENTATION_CONTEXT(2) 
PARAMETRIC_REPRESENTATION_CONTEXT() REPRESENTATION_CONTEXT('2D SPACE',''
  ) );
#2088 = PCURVE('',#868,#2089);
#2089 = DEFINITIONAL_REPRESENTATION('',(#2090),#2094);
#2090 = LINE('',#2091,#2092);
#2091 = CARTESIAN_POINT('',(1.764354543646,2.498750315247));
#2092 = VECTOR('',#2093,1.);
#2093 = DIRECTION('',(-0.792623989105,0.60971076085));
#2094 = ( GEOMETRIC_REPRESENTATION_CONTEXT(2) 
PARAMETRIC_REPRESENTATION_CONTEXT() REPRESENTATION_CONTEXT('2D SPACE',''
  ) );
#2095 = ADVANCED_FACE('',(#2096),#2063,.F.);
#2096 = FACE_BOUND('',#2097,.F.);
#2097 = EDGE_LOOP('',(#2098,#2099,#2122,#2150));
#2098 = ORIENTED_EDGE('',*,*,#2047,.T.);
#2099 = ORIENTED_EDGE('',*,*,#2100,.T.);
#2100 = EDGE_CURVE('',#2025,#2101,#2103,.T.);
#2101 = VERTEX_POINT('',#2102);
#2102 = CARTESIAN_POINT('',(11.372384937238,24.02510460251,3.));
#2103 = SURFACE_CURVE('',#2104,(#2108,#2115),.PCURVE_S1.);
#2104 = LINE('',#2105,#2106);
#2105 = CARTESIAN_POINT('',(11.071129707113,22.066945606695,3.));
#2106 = VECTOR('',#2107,1.);
#2107 = DIRECTION('',(0.152057184254,0.988371697651,0.));
#2108 = PCURVE('',#2063,#2109);
#2109 = DEFINITIONAL_REPRESENTATION('',(#2110),#2114);
#2110 = LINE('',#2111,#2112);
#2111 = CARTESIAN_POINT('',(0.,-3.));
#2112 = VECTOR('',#2113,1.);
#2113 = DIRECTION('',(1.,0.));
#2114 = ( GEOMETRIC_REPRESENTATION_CONTEXT(2) 
PARAMETRIC_REPRESENTATION_CONTEXT() REPRESENTATION_CONTEXT('2D SPACE',''
  ) );
#2115 = PCURVE('',#814,#2116);
#2116 = DEFINITIONAL_REPRESENTATION('',(#2117),#2121);
#2117 = LINE('',#2118,#2119);
#2118 = CARTESIAN_POINT('',(0.785275045738,3.25188839056));
#2119 = VECTOR('',#2120,1.);
#2120 = DIRECTION('',(0.152057184254,0.988371697651));
#2121 = ( GEOMETRIC_REPRESENTATION_CONTEXT(2) 
PARAMETRIC_REPRESENTATION_CONTEXT() REPRESENTATION_CONTEXT('2D SPACE',''
  ) );
#2122 = ORIENTED_EDGE('',*,*,#2123,.F.);
#2123 = EDGE_CURVE('',#2124,#2101,#2126,.T.);
#2124 = VERTEX_POINT('',#2125);
#2125 = CARTESIAN_POINT('',(11.372384937238,24.02510460251,0.));
#2126 = SURFACE_CURVE('',#2127,(#2131,#2138),.PCURVE_S1.);
#2127 = LINE('',#2128,#2129);
#2128 = CARTESIAN_POINT('',(11.372384937238,24.02510460251,0.));
#2129 = VECTOR('',#2130,1.);
#2130 = DIRECTION('',(0.,0.,1.));
#2131 = PCURVE('',#2063,#2132);
#2132 = DEFINITIONAL_REPRESENTATION('',(#2133),#2137);
#2133 = LINE('',#2134,#2135);
#2134 = CARTESIAN_POINT('',(1.981196952999,0.));
#2135 = VECTOR('',#2136,1.);
#2136 = DIRECTION('',(0.,-1.));
#2137 = ( GEOMETRIC_REPRESENTATION_CONTEXT(2) 
PARAMETRIC_REPRESENTATION_CONTEXT() REPRESENTATION_CONTEXT('2D SPACE',''
  ) );
#2138 = PCURVE('',#2139,#2144);
#2139 = PLANE('',#2140);
#2140 = AXIS2_PLACEMENT_3D('',#2141,#2142,#2143);
#2141 = CARTESIAN_POINT('',(11.372384937238,24.02510460251,0.));
#2142 = DIRECTION('',(-0.707106781187,0.707106781187,0.));
#2143 = DIRECTION('',(0.707106781187,0.707106781187,0.));
#2144 = DEFINITIONAL_REPRESENTATION('',(#2145),#2149);
#2145 = LINE('',#2146,#2147);
#2146 = CARTESIAN_POINT('',(0.,0.));
#2147 = VECTOR('',#2148,1.);
#2148 = DIRECTION('',(0.,-1.));
#2149 = ( GEOMETRIC_REPRESENTATION_CONTEXT(2) 
PARAMETRIC_REPRESENTATION_CONTEXT() REPRESENTATION_CONTEXT('2D SPACE',''
  ) );
#2150 = ORIENTED_EDGE('',*,*,#2151,.F.);
#2151 = EDGE_CURVE('',#2048,#2124,#2152,.T.);
#2152 = SURFACE_CURVE('',#2153,(#2157,#2164),.PCURVE_S1.);
#2153 = LINE('',#2154,#2155);
#2154 = CARTESIAN_POINT('',(11.071129707113,22.066945606695,0.));
#2155 = VECTOR('',#2156,1.);
#2156 = DIRECTION('',(0.152057184254,0.988371697651,0.));
#2157 = PCURVE('',#2063,#2158);
#2158 = DEFINITIONAL_REPRESENTATION('',(#2159),#2163);
#2159 = LINE('',#2160,#2161);
#2160 = CARTESIAN_POINT('',(0.,0.));
#2161 = VECTOR('',#2162,1.);
#2162 = DIRECTION('',(1.,0.));
#2163 = ( GEOMETRIC_REPRESENTATION_CONTEXT(2) 
PARAMETRIC_REPRESENTATION_CONTEXT() REPRESENTATION_CONTEXT('2D SPACE',''
  ) );
#2164 = PCURVE('',#868,#2165);
#2165 = DEFINITIONAL_REPRESENTATION('',(#2166),#2170);
#2166 = LINE('',#2167,#2168);
#2167 = CARTESIAN_POINT('',(0.785275045738,3.25188839056));
#2168 = VECTOR('',#2169,1.);
#2169 = DIRECTION('',(0.152057184254,0.988371697651));
#2170 = ( GEOMETRIC_REPRESENTATION_CONTEXT(2) 
PARAMETRIC_REPRESENTATION_CONTEXT() REPRESENTATION_CONTEXT('2D SPACE',''
  ) );
#2171 = ADVANCED_FACE('',(#2172),#2139,.F.);
#2172 = FACE_BOUND('',#2173,.F.);
#2173 = EDGE_LOOP('',(#2174,#2175,#2198,#2226));
#2174 = ORIENTED_EDGE('',*,*,#2123,.T.);
#2175 = ORIENTED_EDGE('',*,*,#2176,.T.);
#2176 = EDGE_CURVE('',#2101,#2177,#2179,.T.);
#2177 = VERTEX_POINT('',#2178);
#2178 = CARTESIAN_POINT('',(12.728033472803,25.380753138075,3.));
#2179 = SURFACE_CURVE('',#2180,(#2184,#2191),.PCURVE_S1.);
#2180 = LINE('',#2181,#2182);
#2181 = CARTESIAN_POINT('',(11.372384937238,24.02510460251,3.));
#2182 = VECTOR('',#2183,1.);
#2183 = DIRECTION('',(0.707106781187,0.707106781187,0.));
#2184 = PCURVE('',#2139,#2185);
#2185 = DEFINITIONAL_REPRESENTATION('',(#2186),#2190);
#2186 = LINE('',#2187,#2188);
#2187 = CARTESIAN_POINT('',(0.,-3.));
#2188 = VECTOR('',#2189,1.);
#2189 = DIRECTION('',(1.,0.));
#2190 = ( GEOMETRIC_REPRESENTATION_CONTEXT(2) 
PARAMETRIC_REPRESENTATION_CONTEXT() REPRESENTATION_CONTEXT('2D SPACE',''
  ) );
#2191 = PCURVE('',#814,#2192);
#2192 = DEFINITIONAL_REPRESENTATION('',(#2193),#2197);
#2193 = LINE('',#2194,#2195);
#2194 = CARTESIAN_POINT('',(1.086530275864,5.210047386376));
#2195 = VECTOR('',#2196,1.);
#2196 = DIRECTION('',(0.707106781187,0.707106781187));
#2197 = ( GEOMETRIC_REPRESENTATION_CONTEXT(2) 
PARAMETRIC_REPRESENTATION_CONTEXT() REPRESENTATION_CONTEXT('2D SPACE',''
  ) );
#2198 = ORIENTED_EDGE('',*,*,#2199,.F.);
#2199 = EDGE_CURVE('',#2200,#2177,#2202,.T.);
#2200 = VERTEX_POINT('',#2201);
#2201 = CARTESIAN_POINT('',(12.728033472803,25.380753138075,0.));
#2202 = SURFACE_CURVE('',#2203,(#2207,#2214),.PCURVE_S1.);
#2203 = LINE('',#2204,#2205);
#2204 = CARTESIAN_POINT('',(12.728033472803,25.380753138075,0.));
#2205 = VECTOR('',#2206,1.);
#2206 = DIRECTION('',(0.,0.,1.));
#2207 = PCURVE('',#2139,#2208);
#2208 = DEFINITIONAL_REPRESENTATION('',(#2209),#2213);
#2209 = LINE('',#2210,#2211);
#2210 = CARTESIAN_POINT('',(1.917176544807,0.));
#2211 = VECTOR('',#2212,1.);
#2212 = DIRECTION('',(0.,-1.));
#2213 = ( GEOMETRIC_REPRESENTATION_CONTEXT(2) 
PARAMETRIC_REPRESENTATION_CONTEXT() REPRESENTATION_CONTEXT('2D SPACE',''
  ) );
#2214 = PCURVE('',#2215,#2220);
#2215 = PLANE('',#2216);
#2216 = AXIS2_PLACEMENT_3D('',#2217,#2218,#2219);
#2217 = CARTESIAN_POINT('',(12.728033472803,25.380753138075,0.));
#2218 = DIRECTION('',(-4.848659385555E-02,0.998823833424,0.));
#2219 = DIRECTION('',(0.998823833424,4.848659385555E-02,0.));
#2220 = DEFINITIONAL_REPRESENTATION('',(#2221),#2225);
#2221 = LINE('',#2222,#2223);
#2222 = CARTESIAN_POINT('',(0.,0.));
#2223 = VECTOR('',#2224,1.);
#2224 = DIRECTION('',(0.,-1.));
#2225 = ( GEOMETRIC_REPRESENTATION_CONTEXT(2) 
PARAMETRIC_REPRESENTATION_CONTEXT() REPRESENTATION_CONTEXT('2D SPACE',''
  ) );
#2226 = ORIENTED_EDGE('',*,*,#2227,.F.);
#2227 = EDGE_CURVE('',#2124,#2200,#2228,.T.);
#2228 = SURFACE_CURVE('',#2229,(#2233,#2240),.PCURVE_S1.);
#2229 = LINE('',#2230,#2231);
#2230 = CARTESIAN_POINT('',(11.372384937238,24.02510460251,0.));
#2231 = VECTOR('',#2232,1.);
#2232 = DIRECTION('',(0.707106781187,0.707106781187,0.));
#2233 = PCURVE('',#2139,#2234);
#2234 = DEFINITIONAL_REPRESENTATION('',(#2235),#2239);
#2235 = LINE('',#2236,#2237);
#2236 = CARTESIAN_POINT('',(0.,0.));
#2237 = VECTOR('',#2238,1.);
#2238 = DIRECTION('',(1.,0.));
#2239 = ( GEOMETRIC_REPRESENTATION_CONTEXT(2) 
PARAMETRIC_REPRESENTATION_CONTEXT() REPRESENTATION_CONTEXT('2D SPACE',''
  ) );
#2240 = PCURVE('',#868,#2241);
#2241 = DEFINITIONAL_REPRESENTATION('',(#2242),#2246);
#2242 = LINE('',#2243,#2244);
#2243 = CARTESIAN_POINT('',(1.086530275864,5.210047386376));
#2244 = VECTOR('',#2245,1.);
#2245 = DIRECTION('',(0.707106781187,0.707106781187));
#2246 = ( GEOMETRIC_REPRESENTATION_CONTEXT(2) 
PARAMETRIC_REPRESENTATION_CONTEXT() REPRESENTATION_CONTEXT('2D SPACE',''
  ) );
#2247 = ADVANCED_FACE('',(#2248),#2215,.F.);
#2248 = FACE_BOUND('',#2249,.F.);
#2249 = EDGE_LOOP('',(#2250,#2251,#2274,#2302));
#2250 = ORIENTED_EDGE('',*,*,#2199,.T.);
#2251 = ORIENTED_EDGE('',*,*,#2252,.T.);
#2252 = EDGE_CURVE('',#2177,#2253,#2255,.T.);
#2253 = VERTEX_POINT('',#2254);
#2254 = CARTESIAN_POINT('',(20.485355648536,25.757322175732,3.));
#2255 = SURFACE_CURVE('',#2256,(#2260,#2267),.PCURVE_S1.);
#2256 = LINE('',#2257,#2258);
#2257 = CARTESIAN_POINT('',(12.728033472803,25.380753138075,3.));
#2258 = VECTOR('',#2259,1.);
#2259 = DIRECTION('',(0.998823833424,4.848659385555E-02,0.));
#2260 = PCURVE('',#2215,#2261);
#2261 = DEFINITIONAL_REPRESENTATION('',(#2262),#2266);
#2262 = LINE('',#2263,#2264);
#2263 = CARTESIAN_POINT('',(0.,-3.));
#2264 = VECTOR('',#2265,1.);
#2265 = DIRECTION('',(1.,0.));
#2266 = ( GEOMETRIC_REPRESENTATION_CONTEXT(2) 
PARAMETRIC_REPRESENTATION_CONTEXT() REPRESENTATION_CONTEXT('2D SPACE',''
  ) );
#2267 = PCURVE('',#814,#2268);
#2268 = DEFINITIONAL_REPRESENTATION('',(#2269),#2273);
#2269 = LINE('',#2270,#2271);
#2270 = CARTESIAN_POINT('',(2.442178811429,6.565695921941));
#2271 = VECTOR('',#2272,1.);
#2272 = DIRECTION('',(0.998823833424,4.848659385555E-02));
#2273 = ( GEOMETRIC_REPRESENTATION_CONTEXT(2) 
PARAMETRIC_REPRESENTATION_CONTEXT() REPRESENTATION_CONTEXT('2D SPACE',''
  ) );
#2274 = ORIENTED_EDGE('',*,*,#2275,.F.);
#2275 = EDGE_CURVE('',#2276,#2253,#2278,.T.);
#2276 = VERTEX_POINT('',#2277);
#2277 = CARTESIAN_POINT('',(20.485355648536,25.757322175732,0.));
#2278 = SURFACE_CURVE('',#2279,(#2283,#2290),.PCURVE_S1.);
#2279 = LINE('',#2280,#2281);
#2280 = CARTESIAN_POINT('',(20.485355648536,25.757322175732,0.));
#2281 = VECTOR('',#2282,1.);
#2282 = DIRECTION('',(0.,0.,1.));
#2283 = PCURVE('',#2215,#2284);
#2284 = DEFINITIONAL_REPRESENTATION('',(#2285),#2289);
#2285 = LINE('',#2286,#2287);
#2286 = CARTESIAN_POINT('',(7.766456822659,0.));
#2287 = VECTOR('',#2288,1.);
#2288 = DIRECTION('',(0.,-1.));
#2289 = ( GEOMETRIC_REPRESENTATION_CONTEXT(2) 
PARAMETRIC_REPRESENTATION_CONTEXT() REPRESENTATION_CONTEXT('2D SPACE',''
  ) );
#2290 = PCURVE('',#2291,#2296);
#2291 = PLANE('',#2292);
#2292 = AXIS2_PLACEMENT_3D('',#2293,#2294,#2295);
#2293 = CARTESIAN_POINT('',(20.485355648536,25.757322175732,0.));
#2294 = DIRECTION('',(-0.999682377222,2.520207673669E-02,0.));
#2295 = DIRECTION('',(2.520207673669E-02,0.999682377222,0.));
#2296 = DEFINITIONAL_REPRESENTATION('',(#2297),#2301);
#2297 = LINE('',#2298,#2299);
#2298 = CARTESIAN_POINT('',(0.,0.));
#2299 = VECTOR('',#2300,1.);
#2300 = DIRECTION('',(0.,-1.));
#2301 = ( GEOMETRIC_REPRESENTATION_CONTEXT(2) 
PARAMETRIC_REPRESENTATION_CONTEXT() REPRESENTATION_CONTEXT('2D SPACE',''
  ) );
#2302 = ORIENTED_EDGE('',*,*,#2303,.F.);
#2303 = EDGE_CURVE('',#2200,#2276,#2304,.T.);
#2304 = SURFACE_CURVE('',#2305,(#2309,#2316),.PCURVE_S1.);
#2305 = LINE('',#2306,#2307);
#2306 = CARTESIAN_POINT('',(12.728033472803,25.380753138075,0.));
#2307 = VECTOR('',#2308,1.);
#2308 = DIRECTION('',(0.998823833424,4.848659385555E-02,0.));
#2309 = PCURVE('',#2215,#2310);
#2310 = DEFINITIONAL_REPRESENTATION('',(#2311),#2315);
#2311 = LINE('',#2312,#2313);
#2312 = CARTESIAN_POINT('',(0.,0.));
#2313 = VECTOR('',#2314,1.);
#2314 = DIRECTION('',(1.,0.));
#2315 = ( GEOMETRIC_REPRESENTATION_CONTEXT(2) 
PARAMETRIC_REPRESENTATION_CONTEXT() REPRESENTATION_CONTEXT('2D SPACE',''
  ) );
#2316 = PCURVE('',#868,#2317);
#2317 = DEFINITIONAL_REPRESENTATION('',(#2318),#2322);
#2318 = LINE('',#2319,#2320);
#2319 = CARTESIAN_POINT('',(2.442178811429,6.565695921941));
#2320 = VECTOR('',#2321,1.);
#2321 = DIRECTION('',(0.998823833424,4.848659385555E-02));
#2322 = ( GEOMETRIC_REPRESENTATION_CONTEXT(2) 
PARAMETRIC_REPRESENTATION_CONTEXT() REPRESENTATION_CONTEXT('2D SPACE',''
  ) );
#2323 = ADVANCED_FACE('',(#2324),#2291,.F.);
#2324 = FACE_BOUND('',#2325,.F.);
#2325 = EDGE_LOOP('',(#2326,#2327,#2350,#2373));
#2326 = ORIENTED_EDGE('',*,*,#2275,.T.);
#2327 = ORIENTED_EDGE('',*,*,#2328,.T.);
#2328 = EDGE_CURVE('',#2253,#2329,#2331,.T.);
#2329 = VERTEX_POINT('',#2330);
#2330 = CARTESIAN_POINT('',(20.71129707113,34.719665271967,3.));
#2331 = SURFACE_CURVE('',#2332,(#2336,#2343),.PCURVE_S1.);
#2332 = LINE('',#2333,#2334);
#2333 = CARTESIAN_POINT('',(20.485355648536,25.757322175732,3.));
#2334 = VECTOR('',#2335,1.);
#2335 = DIRECTION('',(2.520207673669E-02,0.999682377222,0.));
#2336 = PCURVE('',#2291,#2337);
#2337 = DEFINITIONAL_REPRESENTATION('',(#2338),#2342);
#2338 = LINE('',#2339,#2340);
#2339 = CARTESIAN_POINT('',(0.,-3.));
#2340 = VECTOR('',#2341,1.);
#2341 = DIRECTION('',(1.,0.));
#2342 = ( GEOMETRIC_REPRESENTATION_CONTEXT(2) 
PARAMETRIC_REPRESENTATION_CONTEXT() REPRESENTATION_CONTEXT('2D SPACE',''
  ) );
#2343 = PCURVE('',#814,#2344);
#2344 = DEFINITIONAL_REPRESENTATION('',(#2345),#2349);
#2345 = LINE('',#2346,#2347);
#2346 = CARTESIAN_POINT('',(10.199500987161,6.942264959598));
#2347 = VECTOR('',#2348,1.);
#2348 = DIRECTION('',(2.520207673669E-02,0.999682377222));
#2349 = ( GEOMETRIC_REPRESENTATION_CONTEXT(2) 
PARAMETRIC_REPRESENTATION_CONTEXT() REPRESENTATION_CONTEXT('2D SPACE',''
  ) );
#2350 = ORIENTED_EDGE('',*,*,#2351,.F.);
#2351 = EDGE_CURVE('',#2352,#2329,#2354,.T.);
#2352 = VERTEX_POINT('',#2353);
#2353 = CARTESIAN_POINT('',(20.71129707113,34.719665271967,0.));
#2354 = SURFACE_CURVE('',#2355,(#2359,#2366),.PCURVE_S1.);
#2355 = LINE('',#2356,#2357);
#2356 = CARTESIAN_POINT('',(20.71129707113,34.719665271967,0.));
#2357 = VECTOR('',#2358,1.);
#2358 = DIRECTION('',(0.,0.,1.));
#2359 = PCURVE('',#2291,#2360);
#2360 = DEFINITIONAL_REPRESENTATION('',(#2361),#2365);
#2361 = LINE('',#2362,#2363);
#2362 = CARTESIAN_POINT('',(8.965190644993,0.));
#2363 = VECTOR('',#2364,1.);
#2364 = DIRECTION('',(0.,-1.));
#2365 = ( GEOMETRIC_REPRESENTATION_CONTEXT(2) 
PARAMETRIC_REPRESENTATION_CONTEXT() REPRESENTATION_CONTEXT('2D SPACE',''
  ) );
#2366 = PCURVE('',#786,#2367);
#2367 = DEFINITIONAL_REPRESENTATION('',(#2368),#2372);
#2368 = LINE('',#2369,#2370);
#2369 = CARTESIAN_POINT('',(0.,0.));
#2370 = VECTOR('',#2371,1.);
#2371 = DIRECTION('',(0.,-1.));
#2372 = ( GEOMETRIC_REPRESENTATION_CONTEXT(2) 
PARAMETRIC_REPRESENTATION_CONTEXT() REPRESENTATION_CONTEXT('2D SPACE',''
  ) );
#2373 = ORIENTED_EDGE('',*,*,#2374,.F.);
#2374 = EDGE_CURVE('',#2276,#2352,#2375,.T.);
#2375 = SURFACE_CURVE('',#2376,(#2380,#2387),.PCURVE_S1.);
#2376 = LINE('',#2377,#2378);
#2377 = CARTESIAN_POINT('',(20.485355648536,25.757322175732,0.));
#2378 = VECTOR('',#2379,1.);
#2379 = DIRECTION('',(2.520207673669E-02,0.999682377222,0.));
#2380 = PCURVE('',#2291,#2381);
#2381 = DEFINITIONAL_REPRESENTATION('',(#2382),#2386);
#2382 = LINE('',#2383,#2384);
#2383 = CARTESIAN_POINT('',(0.,0.));
#2384 = VECTOR('',#2385,1.);
#2385 = DIRECTION('',(1.,0.));
#2386 = ( GEOMETRIC_REPRESENTATION_CONTEXT(2) 
PARAMETRIC_REPRESENTATION_CONTEXT() REPRESENTATION_CONTEXT('2D SPACE',''
  ) );
#2387 = PCURVE('',#868,#2388);
#2388 = DEFINITIONAL_REPRESENTATION('',(#2389),#2393);
#2389 = LINE('',#2390,#2391);
#2390 = CARTESIAN_POINT('',(10.199500987161,6.942264959598));
#2391 = VECTOR('',#2392,1.);
#2392 = DIRECTION('',(2.520207673669E-02,0.999682377222));
#2393 = ( GEOMETRIC_REPRESENTATION_CONTEXT(2) 
PARAMETRIC_REPRESENTATION_CONTEXT() REPRESENTATION_CONTEXT('2D SPACE',''
  ) );
#2394 = ADVANCED_FACE('',(#2395),#786,.F.);
#2395 = FACE_BOUND('',#2396,.F.);
#2396 = EDGE_LOOP('',(#2397,#2398,#2419,#2420));
#2397 = ORIENTED_EDGE('',*,*,#2351,.T.);
#2398 = ORIENTED_EDGE('',*,*,#2399,.T.);
#2399 = EDGE_CURVE('',#2329,#766,#2400,.T.);
#2400 = SURFACE_CURVE('',#2401,(#2405,#2412),.PCURVE_S1.);
#2401 = LINE('',#2402,#2403);
#2402 = CARTESIAN_POINT('',(20.71129707113,34.719665271967,3.));
#2403 = VECTOR('',#2404,1.);
#2404 = DIRECTION('',(-0.573462344363,0.819231920519,0.));
#2405 = PCURVE('',#786,#2406);
#2406 = DEFINITIONAL_REPRESENTATION('',(#2407),#2411);
#2407 = LINE('',#2408,#2409);
#2408 = CARTESIAN_POINT('',(0.,-3.));
#2409 = VECTOR('',#2410,1.);
#2410 = DIRECTION('',(1.,0.));
#2411 = ( GEOMETRIC_REPRESENTATION_CONTEXT(2) 
PARAMETRIC_REPRESENTATION_CONTEXT() REPRESENTATION_CONTEXT('2D SPACE',''
  ) );
#2412 = PCURVE('',#814,#2413);
#2413 = DEFINITIONAL_REPRESENTATION('',(#2414),#2418);
#2414 = LINE('',#2415,#2416);
#2415 = CARTESIAN_POINT('',(10.425442409755,15.904608055832));
#2416 = VECTOR('',#2417,1.);
#2417 = DIRECTION('',(-0.573462344363,0.819231920519));
#2418 = ( GEOMETRIC_REPRESENTATION_CONTEXT(2) 
PARAMETRIC_REPRESENTATION_CONTEXT() REPRESENTATION_CONTEXT('2D SPACE',''
  ) );
#2419 = ORIENTED_EDGE('',*,*,#763,.F.);
#2420 = ORIENTED_EDGE('',*,*,#2421,.F.);
#2421 = EDGE_CURVE('',#2352,#764,#2422,.T.);
#2422 = SURFACE_CURVE('',#2423,(#2427,#2434),.PCURVE_S1.);
#2423 = LINE('',#2424,#2425);
#2424 = CARTESIAN_POINT('',(20.71129707113,34.719665271967,0.));
#2425 = VECTOR('',#2426,1.);
#2426 = DIRECTION('',(-0.573462344363,0.819231920519,0.));
#2427 = PCURVE('',#786,#2428);
#2428 = DEFINITIONAL_REPRESENTATION('',(#2429),#2433);
#2429 = LINE('',#2430,#2431);
#2430 = CARTESIAN_POINT('',(0.,0.));
#2431 = VECTOR('',#2432,1.);
#2432 = DIRECTION('',(1.,0.));
#2433 = ( GEOMETRIC_REPRESENTATION_CONTEXT(2) 
PARAMETRIC_REPRESENTATION_CONTEXT() REPRESENTATION_CONTEXT('2D SPACE',''
  ) );
#2434 = PCURVE('',#868,#2435);
#2435 = DEFINITIONAL_REPRESENTATION('',(#2436),#2440);
#2436 = LINE('',#2437,#2438);
#2437 = CARTESIAN_POINT('',(10.425442409755,15.904608055832));
#2438 = VECTOR('',#2439,1.);
#2439 = DIRECTION('',(-0.573462344363,0.819231920519));
#2440 = ( GEOMETRIC_REPRESENTATION_CONTEXT(2) 
PARAMETRIC_REPRESENTATION_CONTEXT() REPRESENTATION_CONTEXT('2D SPACE',''
  ) );
#2441 = ADVANCED_FACE('',(#2442),#868,.F.);
#2442 = FACE_BOUND('',#2443,.F.);
#2443 = EDGE_LOOP('',(#2444,#2445,#2446,#2447,#2448,#2449,#2450,#2451,
    #2452,#2453,#2454,#2455,#2456,#2457,#2458,#2459,#2460,#2461,#2462,
    #2463,#2464,#2465));
#2444 = ORIENTED_EDGE('',*,*,#854,.T.);
#2445 = ORIENTED_EDGE('',*,*,#935,.T.);
#2446 = ORIENTED_EDGE('',*,*,#1011,.T.);
#2447 = ORIENTED_EDGE('',*,*,#1087,.T.);
#2448 = ORIENTED_EDGE('',*,*,#1163,.T.);
#2449 = ORIENTED_EDGE('',*,*,#1239,.T.);
#2450 = ORIENTED_EDGE('',*,*,#1315,.T.);
#2451 = ORIENTED_EDGE('',*,*,#1391,.T.);
#2452 = ORIENTED_EDGE('',*,*,#1467,.T.);
#2453 = ORIENTED_EDGE('',*,*,#1543,.T.);
#2454 = ORIENTED_EDGE('',*,*,#1619,.T.);
#2455 = ORIENTED_EDGE('',*,*,#1695,.T.);
#2456 = ORIENTED_EDGE('',*,*,#1771,.T.);
#2457 = ORIENTED_EDGE('',*,*,#1847,.T.);
#2458 = ORIENTED_EDGE('',*,*,#1923,.T.);
#2459 = ORIENTED_EDGE('',*,*,#1999,.T.);
#2460 = ORIENTED_EDGE('',*,*,#2075,.T.);
#2461 = ORIENTED_EDGE('',*,*,#2151,.T.);
#2462 = ORIENTED_EDGE('',*,*,#2227,.T.);
#2463 = ORIENTED_EDGE('',*,*,#2303,.T.);
#2464 = ORIENTED_EDGE('',*,*,#2374,.T.);
#2465 = ORIENTED_EDGE('',*,*,#2421,.T.);
#2466 = ADVANCED_FACE('',(#2467),#814,.T.);
#2467 = FACE_BOUND('',#2468,.T.);
#2468 = EDGE_LOOP('',(#2469,#2470,#2471,#2472,#2473,#2474,#2475,#2476,
    #2477,#2478,#2479,#2480,#2481,#2482,#2483,#2484,#2485,#2486,#2487,
    #2488,#2489,#2490));
#2469 = ORIENTED_EDGE('',*,*,#798,.T.);
#2470 = ORIENTED_EDGE('',*,*,#884,.T.);
#2471 = ORIENTED_EDGE('',*,*,#960,.T.);
#2472 = ORIENTED_EDGE('',*,*,#1036,.T.);
#2473 = ORIENTED_EDGE('',*,*,#1112,.T.);
#2474 = ORIENTED_EDGE('',*,*,#1188,.T.);
#2475 = ORIENTED_EDGE('',*,*,#1264,.T.);
#2476 = ORIENTED_EDGE('',*,*,#1340,.T.);
#2477 = ORIENTED_EDGE('',*,*,#1416,.T.);
#2478 = ORIENTED_EDGE('',*,*,#1492,.T.);
#2479 = ORIENTED_EDGE('',*,*,#1568,.T.);
#2480 = ORIENTED_EDGE('',*,*,#1644,.T.);
#2481 = ORIENTED_EDGE('',*,*,#1720,.T.);
#2482 = ORIENTED_EDGE('',*,*,#1796,.T.);
#2483 = ORIENTED_EDGE('',*,*,#1872,.T.);
#2484 = ORIENTED_EDGE('',*,*,#1948,.T.);
#2485 = ORIENTED_EDGE('',*,*,#2024,.T.);
#2486 = ORIENTED_EDGE('',*,*,#2100,.T.);
#2487 = ORIENTED_EDGE('',*,*,#2176,.T.);
#2488 = ORIENTED_EDGE('',*,*,#2252,.T.);
#2489 = ORIENTED_EDGE('',*,*,#2328,.T.);
#2490 = ORIENTED_EDGE('',*,*,#2399,.T.);
#2491 = MANIFOLD_SOLID_BREP('',#2492);
#2492 = CLOSED_SHELL('',(#2493,#2613,#2689,#2765,#2841,#2917,#2993,#3069
    ,#3145,#3221,#3297,#3373,#3449,#3525,#3601,#3677,#3753,#3829,#3905,
    #3981,#4057,#4133,#4209,#4285,#4361,#4437,#4513,#4589,#4665,#4741,
    #4817,#4893,#4969,#5045,#5121,#5197,#5273,#5349,#5425,#5501,#5577,
    #5648,#5695,#5740));
#2493 = ADVANCED_FACE('',(#2494),#2508,.F.);
#2494 = FACE_BOUND('',#2495,.F.);
#2495 = EDGE_LOOP('',(#2496,#2531,#2559,#2587));
#2496 = ORIENTED_EDGE('',*,*,#2497,.T.);
#2497 = EDGE_CURVE('',#2498,#2500,#2502,.T.);
#2498 = VERTEX_POINT('',#2499);
#2499 = CARTESIAN_POINT('',(45.112970711297,34.267782426778,0.));
#2500 = VERTEX_POINT('',#2501);
#2501 = CARTESIAN_POINT('',(45.112970711297,34.267782426778,3.));
#2502 = SURFACE_CURVE('',#2503,(#2507,#2519),.PCURVE_S1.);
#2503 = LINE('',#2504,#2505);
#2504 = CARTESIAN_POINT('',(45.112970711297,34.267782426778,0.));
#2505 = VECTOR('',#2506,1.);
#2506 = DIRECTION('',(0.,0.,1.));
#2507 = PCURVE('',#2508,#2513);
#2508 = PLANE('',#2509);
#2509 = AXIS2_PLACEMENT_3D('',#2510,#2511,#2512);
#2510 = CARTESIAN_POINT('',(45.112970711297,34.267782426778,0.));
#2511 = DIRECTION('',(-0.342939973903,-0.93935731982,0.));
#2512 = DIRECTION('',(-0.93935731982,0.342939973903,0.));
#2513 = DEFINITIONAL_REPRESENTATION('',(#2514),#2518);
#2514 = LINE('',#2515,#2516);
#2515 = CARTESIAN_POINT('',(0.,0.));
#2516 = VECTOR('',#2517,1.);
#2517 = DIRECTION('',(0.,-1.));
#2518 = ( GEOMETRIC_REPRESENTATION_CONTEXT(2) 
PARAMETRIC_REPRESENTATION_CONTEXT() REPRESENTATION_CONTEXT('2D SPACE',''
  ) );
#2519 = PCURVE('',#2520,#2525);
#2520 = PLANE('',#2521);
#2521 = AXIS2_PLACEMENT_3D('',#2522,#2523,#2524);
#2522 = CARTESIAN_POINT('',(48.502092050209,31.029288702929,0.));
#2523 = DIRECTION('',(-0.690857771546,-0.722990691153,0.));
#2524 = DIRECTION('',(-0.722990691153,0.690857771546,0.));
#2525 = DEFINITIONAL_REPRESENTATION('',(#2526),#2530);
#2526 = LINE('',#2527,#2528);
#2527 = CARTESIAN_POINT('',(4.687641736447,0.));
#2528 = VECTOR('',#2529,1.);
#2529 = DIRECTION('',(0.,-1.));
#2530 = ( GEOMETRIC_REPRESENTATION_CONTEXT(2) 
PARAMETRIC_REPRESENTATION_CONTEXT() REPRESENTATION_CONTEXT('2D SPACE',''
  ) );
#2531 = ORIENTED_EDGE('',*,*,#2532,.T.);
#2532 = EDGE_CURVE('',#2500,#2533,#2535,.T.);
#2533 = VERTEX_POINT('',#2534);
#2534 = CARTESIAN_POINT('',(40.36820083682,36.,3.));
#2535 = SURFACE_CURVE('',#2536,(#2540,#2547),.PCURVE_S1.);
#2536 = LINE('',#2537,#2538);
#2537 = CARTESIAN_POINT('',(45.112970711297,34.267782426778,3.));
#2538 = VECTOR('',#2539,1.);
#2539 = DIRECTION('',(-0.93935731982,0.342939973903,0.));
#2540 = PCURVE('',#2508,#2541);
#2541 = DEFINITIONAL_REPRESENTATION('',(#2542),#2546);
#2542 = LINE('',#2543,#2544);
#2543 = CARTESIAN_POINT('',(0.,-3.));
#2544 = VECTOR('',#2545,1.);
#2545 = DIRECTION('',(1.,0.));
#2546 = ( GEOMETRIC_REPRESENTATION_CONTEXT(2) 
PARAMETRIC_REPRESENTATION_CONTEXT() REPRESENTATION_CONTEXT('2D SPACE',''
  ) );
#2547 = PCURVE('',#2548,#2553);
#2548 = PLANE('',#2549);
#2549 = AXIS2_PLACEMENT_3D('',#2550,#2551,#2552);
#2550 = CARTESIAN_POINT('',(37.195689622827,15.932965427267,3.));
#2551 = DIRECTION('',(0.,0.,1.));
#2552 = DIRECTION('',(1.,0.,-0.));
#2553 = DEFINITIONAL_REPRESENTATION('',(#2554),#2558);
#2554 = LINE('',#2555,#2556);
#2555 = CARTESIAN_POINT('',(7.917281088471,18.334816999512));
#2556 = VECTOR('',#2557,1.);
#2557 = DIRECTION('',(-0.93935731982,0.342939973903));
#2558 = ( GEOMETRIC_REPRESENTATION_CONTEXT(2) 
PARAMETRIC_REPRESENTATION_CONTEXT() REPRESENTATION_CONTEXT('2D SPACE',''
  ) );
#2559 = ORIENTED_EDGE('',*,*,#2560,.F.);
#2560 = EDGE_CURVE('',#2561,#2533,#2563,.T.);
#2561 = VERTEX_POINT('',#2562);
#2562 = CARTESIAN_POINT('',(40.36820083682,36.,0.));
#2563 = SURFACE_CURVE('',#2564,(#2568,#2575),.PCURVE_S1.);
#2564 = LINE('',#2565,#2566);
#2565 = CARTESIAN_POINT('',(40.36820083682,36.,0.));
#2566 = VECTOR('',#2567,1.);
#2567 = DIRECTION('',(0.,0.,1.));
#2568 = PCURVE('',#2508,#2569);
#2569 = DEFINITIONAL_REPRESENTATION('',(#2570),#2574);
#2570 = LINE('',#2571,#2572);
#2571 = CARTESIAN_POINT('',(5.051080961806,0.));
#2572 = VECTOR('',#2573,1.);
#2573 = DIRECTION('',(0.,-1.));
#2574 = ( GEOMETRIC_REPRESENTATION_CONTEXT(2) 
PARAMETRIC_REPRESENTATION_CONTEXT() REPRESENTATION_CONTEXT('2D SPACE',''
  ) );
#2575 = PCURVE('',#2576,#2581);
#2576 = PLANE('',#2577);
#2577 = AXIS2_PLACEMENT_3D('',#2578,#2579,#2580);
#2578 = CARTESIAN_POINT('',(40.36820083682,36.,0.));
#2579 = DIRECTION('',(1.190391840301E-02,-0.999929145853,0.));
#2580 = DIRECTION('',(-0.999929145853,-1.190391840301E-02,0.));
#2581 = DEFINITIONAL_REPRESENTATION('',(#2582),#2586);
#2582 = LINE('',#2583,#2584);
#2583 = CARTESIAN_POINT('',(0.,0.));
#2584 = VECTOR('',#2585,1.);
#2585 = DIRECTION('',(0.,-1.));
#2586 = ( GEOMETRIC_REPRESENTATION_CONTEXT(2) 
PARAMETRIC_REPRESENTATION_CONTEXT() REPRESENTATION_CONTEXT('2D SPACE',''
  ) );
#2587 = ORIENTED_EDGE('',*,*,#2588,.F.);
#2588 = EDGE_CURVE('',#2498,#2561,#2589,.T.);
#2589 = SURFACE_CURVE('',#2590,(#2594,#2601),.PCURVE_S1.);
#2590 = LINE('',#2591,#2592);
#2591 = CARTESIAN_POINT('',(45.112970711297,34.267782426778,0.));
#2592 = VECTOR('',#2593,1.);
#2593 = DIRECTION('',(-0.93935731982,0.342939973903,0.));
#2594 = PCURVE('',#2508,#2595);
#2595 = DEFINITIONAL_REPRESENTATION('',(#2596),#2600);
#2596 = LINE('',#2597,#2598);
#2597 = CARTESIAN_POINT('',(0.,0.));
#2598 = VECTOR('',#2599,1.);
#2599 = DIRECTION('',(1.,0.));
#2600 = ( GEOMETRIC_REPRESENTATION_CONTEXT(2) 
PARAMETRIC_REPRESENTATION_CONTEXT() REPRESENTATION_CONTEXT('2D SPACE',''
  ) );
#2601 = PCURVE('',#2602,#2607);
#2602 = PLANE('',#2603);
#2603 = AXIS2_PLACEMENT_3D('',#2604,#2605,#2606);
#2604 = CARTESIAN_POINT('',(37.195689622827,15.932965427267,0.));
#2605 = DIRECTION('',(0.,0.,1.));
#2606 = DIRECTION('',(1.,0.,-0.));
#2607 = DEFINITIONAL_REPRESENTATION('',(#2608),#2612);
#2608 = LINE('',#2609,#2610);
#2609 = CARTESIAN_POINT('',(7.917281088471,18.334816999512));
#2610 = VECTOR('',#2611,1.);
#2611 = DIRECTION('',(-0.93935731982,0.342939973903));
#2612 = ( GEOMETRIC_REPRESENTATION_CONTEXT(2) 
PARAMETRIC_REPRESENTATION_CONTEXT() REPRESENTATION_CONTEXT('2D SPACE',''
  ) );
#2613 = ADVANCED_FACE('',(#2614),#2576,.F.);
#2614 = FACE_BOUND('',#2615,.F.);
#2615 = EDGE_LOOP('',(#2616,#2617,#2640,#2668));
#2616 = ORIENTED_EDGE('',*,*,#2560,.T.);
#2617 = ORIENTED_EDGE('',*,*,#2618,.T.);
#2618 = EDGE_CURVE('',#2533,#2619,#2621,.T.);
#2619 = VERTEX_POINT('',#2620);
#2620 = CARTESIAN_POINT('',(34.041841004184,35.924686192469,3.));
#2621 = SURFACE_CURVE('',#2622,(#2626,#2633),.PCURVE_S1.);
#2622 = LINE('',#2623,#2624);
#2623 = CARTESIAN_POINT('',(40.36820083682,36.,3.));
#2624 = VECTOR('',#2625,1.);
#2625 = DIRECTION('',(-0.999929145853,-1.190391840301E-02,0.));
#2626 = PCURVE('',#2576,#2627);
#2627 = DEFINITIONAL_REPRESENTATION('',(#2628),#2632);
#2628 = LINE('',#2629,#2630);
#2629 = CARTESIAN_POINT('',(0.,-3.));
#2630 = VECTOR('',#2631,1.);
#2631 = DIRECTION('',(1.,0.));
#2632 = ( GEOMETRIC_REPRESENTATION_CONTEXT(2) 
PARAMETRIC_REPRESENTATION_CONTEXT() REPRESENTATION_CONTEXT('2D SPACE',''
  ) );
#2633 = PCURVE('',#2548,#2634);
#2634 = DEFINITIONAL_REPRESENTATION('',(#2635),#2639);
#2635 = LINE('',#2636,#2637);
#2636 = CARTESIAN_POINT('',(3.172511213994,20.067034572733));
#2637 = VECTOR('',#2638,1.);
#2638 = DIRECTION('',(-0.999929145853,-1.190391840301E-02));
#2639 = ( GEOMETRIC_REPRESENTATION_CONTEXT(2) 
PARAMETRIC_REPRESENTATION_CONTEXT() REPRESENTATION_CONTEXT('2D SPACE',''
  ) );
#2640 = ORIENTED_EDGE('',*,*,#2641,.F.);
#2641 = EDGE_CURVE('',#2642,#2619,#2644,.T.);
#2642 = VERTEX_POINT('',#2643);
#2643 = CARTESIAN_POINT('',(34.041841004184,35.924686192469,0.));
#2644 = SURFACE_CURVE('',#2645,(#2649,#2656),.PCURVE_S1.);
#2645 = LINE('',#2646,#2647);
#2646 = CARTESIAN_POINT('',(34.041841004184,35.924686192469,0.));
#2647 = VECTOR('',#2648,1.);
#2648 = DIRECTION('',(0.,0.,1.));
#2649 = PCURVE('',#2576,#2650);
#2650 = DEFINITIONAL_REPRESENTATION('',(#2651),#2655);
#2651 = LINE('',#2652,#2653);
#2652 = CARTESIAN_POINT('',(6.326808113227,0.));
#2653 = VECTOR('',#2654,1.);
#2654 = DIRECTION('',(0.,-1.));
#2655 = ( GEOMETRIC_REPRESENTATION_CONTEXT(2) 
PARAMETRIC_REPRESENTATION_CONTEXT() REPRESENTATION_CONTEXT('2D SPACE',''
  ) );
#2656 = PCURVE('',#2657,#2662);
#2657 = PLANE('',#2658);
#2658 = AXIS2_PLACEMENT_3D('',#2659,#2660,#2661);
#2659 = CARTESIAN_POINT('',(34.041841004184,35.924686192469,0.));
#2660 = DIRECTION('',(0.302243860734,-0.953230637699,0.));
#2661 = DIRECTION('',(-0.953230637699,-0.302243860734,0.));
#2662 = DEFINITIONAL_REPRESENTATION('',(#2663),#2667);
#2663 = LINE('',#2664,#2665);
#2664 = CARTESIAN_POINT('',(0.,0.));
#2665 = VECTOR('',#2666,1.);
#2666 = DIRECTION('',(0.,-1.));
#2667 = ( GEOMETRIC_REPRESENTATION_CONTEXT(2) 
PARAMETRIC_REPRESENTATION_CONTEXT() REPRESENTATION_CONTEXT('2D SPACE',''
  ) );
#2668 = ORIENTED_EDGE('',*,*,#2669,.F.);
#2669 = EDGE_CURVE('',#2561,#2642,#2670,.T.);
#2670 = SURFACE_CURVE('',#2671,(#2675,#2682),.PCURVE_S1.);
#2671 = LINE('',#2672,#2673);
#2672 = CARTESIAN_POINT('',(40.36820083682,36.,0.));
#2673 = VECTOR('',#2674,1.);
#2674 = DIRECTION('',(-0.999929145853,-1.190391840301E-02,0.));
#2675 = PCURVE('',#2576,#2676);
#2676 = DEFINITIONAL_REPRESENTATION('',(#2677),#2681);
#2677 = LINE('',#2678,#2679);
#2678 = CARTESIAN_POINT('',(0.,0.));
#2679 = VECTOR('',#2680,1.);
#2680 = DIRECTION('',(1.,0.));
#2681 = ( GEOMETRIC_REPRESENTATION_CONTEXT(2) 
PARAMETRIC_REPRESENTATION_CONTEXT() REPRESENTATION_CONTEXT('2D SPACE',''
  ) );
#2682 = PCURVE('',#2602,#2683);
#2683 = DEFINITIONAL_REPRESENTATION('',(#2684),#2688);
#2684 = LINE('',#2685,#2686);
#2685 = CARTESIAN_POINT('',(3.172511213994,20.067034572733));
#2686 = VECTOR('',#2687,1.);
#2687 = DIRECTION('',(-0.999929145853,-1.190391840301E-02));
#2688 = ( GEOMETRIC_REPRESENTATION_CONTEXT(2) 
PARAMETRIC_REPRESENTATION_CONTEXT() REPRESENTATION_CONTEXT('2D SPACE',''
  ) );
#2689 = ADVANCED_FACE('',(#2690),#2657,.F.);
#2690 = FACE_BOUND('',#2691,.F.);
#2691 = EDGE_LOOP('',(#2692,#2693,#2716,#2744));
#2692 = ORIENTED_EDGE('',*,*,#2641,.T.);
#2693 = ORIENTED_EDGE('',*,*,#2694,.T.);
#2694 = EDGE_CURVE('',#2619,#2695,#2697,.T.);
#2695 = VERTEX_POINT('',#2696);
#2696 = CARTESIAN_POINT('',(30.953974895397,34.945606694561,3.));
#2697 = SURFACE_CURVE('',#2698,(#2702,#2709),.PCURVE_S1.);
#2698 = LINE('',#2699,#2700);
#2699 = CARTESIAN_POINT('',(34.041841004184,35.924686192469,3.));
#2700 = VECTOR('',#2701,1.);
#2701 = DIRECTION('',(-0.953230637699,-0.302243860734,0.));
#2702 = PCURVE('',#2657,#2703);
#2703 = DEFINITIONAL_REPRESENTATION('',(#2704),#2708);
#2704 = LINE('',#2705,#2706);
#2705 = CARTESIAN_POINT('',(0.,-3.));
#2706 = VECTOR('',#2707,1.);
#2707 = DIRECTION('',(1.,0.));
#2708 = ( GEOMETRIC_REPRESENTATION_CONTEXT(2) 
PARAMETRIC_REPRESENTATION_CONTEXT() REPRESENTATION_CONTEXT('2D SPACE',''
  ) );
#2709 = PCURVE('',#2548,#2710);
#2710 = DEFINITIONAL_REPRESENTATION('',(#2711),#2715);
#2711 = LINE('',#2712,#2713);
#2712 = CARTESIAN_POINT('',(-3.153848618642,19.991720765202));
#2713 = VECTOR('',#2714,1.);
#2714 = DIRECTION('',(-0.953230637699,-0.302243860734));
#2715 = ( GEOMETRIC_REPRESENTATION_CONTEXT(2) 
PARAMETRIC_REPRESENTATION_CONTEXT() REPRESENTATION_CONTEXT('2D SPACE',''
  ) );
#2716 = ORIENTED_EDGE('',*,*,#2717,.F.);
#2717 = EDGE_CURVE('',#2718,#2695,#2720,.T.);
#2718 = VERTEX_POINT('',#2719);
#2719 = CARTESIAN_POINT('',(30.953974895397,34.945606694561,0.));
#2720 = SURFACE_CURVE('',#2721,(#2725,#2732),.PCURVE_S1.);
#2721 = LINE('',#2722,#2723);
#2722 = CARTESIAN_POINT('',(30.953974895397,34.945606694561,0.));
#2723 = VECTOR('',#2724,1.);
#2724 = DIRECTION('',(0.,0.,1.));
#2725 = PCURVE('',#2657,#2726);
#2726 = DEFINITIONAL_REPRESENTATION('',(#2727),#2731);
#2727 = LINE('',#2728,#2729);
#2728 = CARTESIAN_POINT('',(3.239369347422,0.));
#2729 = VECTOR('',#2730,1.);
#2730 = DIRECTION('',(0.,-1.));
#2731 = ( GEOMETRIC_REPRESENTATION_CONTEXT(2) 
PARAMETRIC_REPRESENTATION_CONTEXT() REPRESENTATION_CONTEXT('2D SPACE',''
  ) );
#2732 = PCURVE('',#2733,#2738);
#2733 = PLANE('',#2734);
#2734 = AXIS2_PLACEMENT_3D('',#2735,#2736,#2737);
#2735 = CARTESIAN_POINT('',(30.953974895397,34.945606694561,0.));
#2736 = DIRECTION('',(0.478852130681,-0.877895572914,0.));
#2737 = DIRECTION('',(-0.877895572914,-0.478852130681,0.));
#2738 = DEFINITIONAL_REPRESENTATION('',(#2739),#2743);
#2739 = LINE('',#2740,#2741);
#2740 = CARTESIAN_POINT('',(0.,0.));
#2741 = VECTOR('',#2742,1.);
#2742 = DIRECTION('',(0.,-1.));
#2743 = ( GEOMETRIC_REPRESENTATION_CONTEXT(2) 
PARAMETRIC_REPRESENTATION_CONTEXT() REPRESENTATION_CONTEXT('2D SPACE',''
  ) );
#2744 = ORIENTED_EDGE('',*,*,#2745,.F.);
#2745 = EDGE_CURVE('',#2642,#2718,#2746,.T.);
#2746 = SURFACE_CURVE('',#2747,(#2751,#2758),.PCURVE_S1.);
#2747 = LINE('',#2748,#2749);
#2748 = CARTESIAN_POINT('',(34.041841004184,35.924686192469,0.));
#2749 = VECTOR('',#2750,1.);
#2750 = DIRECTION('',(-0.953230637699,-0.302243860734,0.));
#2751 = PCURVE('',#2657,#2752);
#2752 = DEFINITIONAL_REPRESENTATION('',(#2753),#2757);
#2753 = LINE('',#2754,#2755);
#2754 = CARTESIAN_POINT('',(0.,0.));
#2755 = VECTOR('',#2756,1.);
#2756 = DIRECTION('',(1.,0.));
#2757 = ( GEOMETRIC_REPRESENTATION_CONTEXT(2) 
PARAMETRIC_REPRESENTATION_CONTEXT() REPRESENTATION_CONTEXT('2D SPACE',''
  ) );
#2758 = PCURVE('',#2602,#2759);
#2759 = DEFINITIONAL_REPRESENTATION('',(#2760),#2764);
#2760 = LINE('',#2761,#2762);
#2761 = CARTESIAN_POINT('',(-3.153848618642,19.991720765202));
#2762 = VECTOR('',#2763,1.);
#2763 = DIRECTION('',(-0.953230637699,-0.302243860734));
#2764 = ( GEOMETRIC_REPRESENTATION_CONTEXT(2) 
PARAMETRIC_REPRESENTATION_CONTEXT() REPRESENTATION_CONTEXT('2D SPACE',''
  ) );
#2765 = ADVANCED_FACE('',(#2766),#2733,.F.);
#2766 = FACE_BOUND('',#2767,.F.);
#2767 = EDGE_LOOP('',(#2768,#2769,#2792,#2820));
#2768 = ORIENTED_EDGE('',*,*,#2717,.T.);
#2769 = ORIENTED_EDGE('',*,*,#2770,.T.);
#2770 = EDGE_CURVE('',#2695,#2771,#2773,.T.);
#2771 = VERTEX_POINT('',#2772);
#2772 = CARTESIAN_POINT('',(29.297071129707,34.041841004184,3.));
#2773 = SURFACE_CURVE('',#2774,(#2778,#2785),.PCURVE_S1.);
#2774 = LINE('',#2775,#2776);
#2775 = CARTESIAN_POINT('',(30.953974895397,34.945606694561,3.));
#2776 = VECTOR('',#2777,1.);
#2777 = DIRECTION('',(-0.877895572914,-0.478852130681,0.));
#2778 = PCURVE('',#2733,#2779);
#2779 = DEFINITIONAL_REPRESENTATION('',(#2780),#2784);
#2780 = LINE('',#2781,#2782);
#2781 = CARTESIAN_POINT('',(0.,-3.));
#2782 = VECTOR('',#2783,1.);
#2783 = DIRECTION('',(1.,0.));
#2784 = ( GEOMETRIC_REPRESENTATION_CONTEXT(2) 
PARAMETRIC_REPRESENTATION_CONTEXT() REPRESENTATION_CONTEXT('2D SPACE',''
  ) );
#2785 = PCURVE('',#2548,#2786);
#2786 = DEFINITIONAL_REPRESENTATION('',(#2787),#2791);
#2787 = LINE('',#2788,#2789);
#2788 = CARTESIAN_POINT('',(-6.241714727429,19.012641267294));
#2789 = VECTOR('',#2790,1.);
#2790 = DIRECTION('',(-0.877895572914,-0.478852130681));
#2791 = ( GEOMETRIC_REPRESENTATION_CONTEXT(2) 
PARAMETRIC_REPRESENTATION_CONTEXT() REPRESENTATION_CONTEXT('2D SPACE',''
  ) );
#2792 = ORIENTED_EDGE('',*,*,#2793,.F.);
#2793 = EDGE_CURVE('',#2794,#2771,#2796,.T.);
#2794 = VERTEX_POINT('',#2795);
#2795 = CARTESIAN_POINT('',(29.297071129707,34.041841004184,0.));
#2796 = SURFACE_CURVE('',#2797,(#2801,#2808),.PCURVE_S1.);
#2797 = LINE('',#2798,#2799);
#2798 = CARTESIAN_POINT('',(29.297071129707,34.041841004184,0.));
#2799 = VECTOR('',#2800,1.);
#2800 = DIRECTION('',(0.,0.,1.));
#2801 = PCURVE('',#2733,#2802);
#2802 = DEFINITIONAL_REPRESENTATION('',(#2803),#2807);
#2803 = LINE('',#2804,#2805);
#2804 = CARTESIAN_POINT('',(1.887358607118,0.));
#2805 = VECTOR('',#2806,1.);
#2806 = DIRECTION('',(0.,-1.));
#2807 = ( GEOMETRIC_REPRESENTATION_CONTEXT(2) 
PARAMETRIC_REPRESENTATION_CONTEXT() REPRESENTATION_CONTEXT('2D SPACE',''
  ) );
#2808 = PCURVE('',#2809,#2814);
#2809 = PLANE('',#2810);
#2810 = AXIS2_PLACEMENT_3D('',#2811,#2812,#2813);
#2811 = CARTESIAN_POINT('',(29.297071129707,34.041841004184,0.));
#2812 = DIRECTION('',(0.694135570584,-0.719844295421,0.));
#2813 = DIRECTION('',(-0.719844295421,-0.694135570584,0.));
#2814 = DEFINITIONAL_REPRESENTATION('',(#2815),#2819);
#2815 = LINE('',#2816,#2817);
#2816 = CARTESIAN_POINT('',(0.,0.));
#2817 = VECTOR('',#2818,1.);
#2818 = DIRECTION('',(0.,-1.));
#2819 = ( GEOMETRIC_REPRESENTATION_CONTEXT(2) 
PARAMETRIC_REPRESENTATION_CONTEXT() REPRESENTATION_CONTEXT('2D SPACE',''
  ) );
#2820 = ORIENTED_EDGE('',*,*,#2821,.F.);
#2821 = EDGE_CURVE('',#2718,#2794,#2822,.T.);
#2822 = SURFACE_CURVE('',#2823,(#2827,#2834),.PCURVE_S1.);
#2823 = LINE('',#2824,#2825);
#2824 = CARTESIAN_POINT('',(30.953974895397,34.945606694561,0.));
#2825 = VECTOR('',#2826,1.);
#2826 = DIRECTION('',(-0.877895572914,-0.478852130681,0.));
#2827 = PCURVE('',#2733,#2828);
#2828 = DEFINITIONAL_REPRESENTATION('',(#2829),#2833);
#2829 = LINE('',#2830,#2831);
#2830 = CARTESIAN_POINT('',(0.,0.));
#2831 = VECTOR('',#2832,1.);
#2832 = DIRECTION('',(1.,0.));
#2833 = ( GEOMETRIC_REPRESENTATION_CONTEXT(2) 
PARAMETRIC_REPRESENTATION_CONTEXT() REPRESENTATION_CONTEXT('2D SPACE',''
  ) );
#2834 = PCURVE('',#2602,#2835);
#2835 = DEFINITIONAL_REPRESENTATION('',(#2836),#2840);
#2836 = LINE('',#2837,#2838);
#2837 = CARTESIAN_POINT('',(-6.241714727429,19.012641267294));
#2838 = VECTOR('',#2839,1.);
#2839 = DIRECTION('',(-0.877895572914,-0.478852130681));
#2840 = ( GEOMETRIC_REPRESENTATION_CONTEXT(2) 
PARAMETRIC_REPRESENTATION_CONTEXT() REPRESENTATION_CONTEXT('2D SPACE',''
  ) );
#2841 = ADVANCED_FACE('',(#2842),#2809,.F.);
#2842 = FACE_BOUND('',#2843,.F.);
#2843 = EDGE_LOOP('',(#2844,#2845,#2868,#2896));
#2844 = ORIENTED_EDGE('',*,*,#2793,.T.);
#2845 = ORIENTED_EDGE('',*,*,#2846,.T.);
#2846 = EDGE_CURVE('',#2771,#2847,#2849,.T.);
#2847 = VERTEX_POINT('',#2848);
#2848 = CARTESIAN_POINT('',(27.188284518828,32.008368200837,3.));
#2849 = SURFACE_CURVE('',#2850,(#2854,#2861),.PCURVE_S1.);
#2850 = LINE('',#2851,#2852);
#2851 = CARTESIAN_POINT('',(29.297071129707,34.041841004184,3.));
#2852 = VECTOR('',#2853,1.);
#2853 = DIRECTION('',(-0.719844295421,-0.694135570584,0.));
#2854 = PCURVE('',#2809,#2855);
#2855 = DEFINITIONAL_REPRESENTATION('',(#2856),#2860);
#2856 = LINE('',#2857,#2858);
#2857 = CARTESIAN_POINT('',(0.,-3.));
#2858 = VECTOR('',#2859,1.);
#2859 = DIRECTION('',(1.,0.));
#2860 = ( GEOMETRIC_REPRESENTATION_CONTEXT(2) 
PARAMETRIC_REPRESENTATION_CONTEXT() REPRESENTATION_CONTEXT('2D SPACE',''
  ) );
#2861 = PCURVE('',#2548,#2862);
#2862 = DEFINITIONAL_REPRESENTATION('',(#2863),#2867);
#2863 = LINE('',#2864,#2865);
#2864 = CARTESIAN_POINT('',(-7.898618493119,18.108875576917));
#2865 = VECTOR('',#2866,1.);
#2866 = DIRECTION('',(-0.719844295421,-0.694135570584));
#2867 = ( GEOMETRIC_REPRESENTATION_CONTEXT(2) 
PARAMETRIC_REPRESENTATION_CONTEXT() REPRESENTATION_CONTEXT('2D SPACE',''
  ) );
#2868 = ORIENTED_EDGE('',*,*,#2869,.F.);
#2869 = EDGE_CURVE('',#2870,#2847,#2872,.T.);
#2870 = VERTEX_POINT('',#2871);
#2871 = CARTESIAN_POINT('',(27.188284518828,32.008368200837,0.));
#2872 = SURFACE_CURVE('',#2873,(#2877,#2884),.PCURVE_S1.);
#2873 = LINE('',#2874,#2875);
#2874 = CARTESIAN_POINT('',(27.188284518828,32.008368200837,0.));
#2875 = VECTOR('',#2876,1.);
#2876 = DIRECTION('',(0.,0.,1.));
#2877 = PCURVE('',#2809,#2878);
#2878 = DEFINITIONAL_REPRESENTATION('',(#2879),#2883);
#2879 = LINE('',#2880,#2881);
#2880 = CARTESIAN_POINT('',(2.92950381672,0.));
#2881 = VECTOR('',#2882,1.);
#2882 = DIRECTION('',(0.,-1.));
#2883 = ( GEOMETRIC_REPRESENTATION_CONTEXT(2) 
PARAMETRIC_REPRESENTATION_CONTEXT() REPRESENTATION_CONTEXT('2D SPACE',''
  ) );
#2884 = PCURVE('',#2885,#2890);
#2885 = PLANE('',#2886);
#2886 = AXIS2_PLACEMENT_3D('',#2887,#2888,#2889);
#2887 = CARTESIAN_POINT('',(27.188284518828,32.008368200837,0.));
#2888 = DIRECTION('',(0.809942121543,-0.586509812152,0.));
#2889 = DIRECTION('',(-0.586509812152,-0.809942121543,0.));
#2890 = DEFINITIONAL_REPRESENTATION('',(#2891),#2895);
#2891 = LINE('',#2892,#2893);
#2892 = CARTESIAN_POINT('',(0.,0.));
#2893 = VECTOR('',#2894,1.);
#2894 = DIRECTION('',(0.,-1.));
#2895 = ( GEOMETRIC_REPRESENTATION_CONTEXT(2) 
PARAMETRIC_REPRESENTATION_CONTEXT() REPRESENTATION_CONTEXT('2D SPACE',''
  ) );
#2896 = ORIENTED_EDGE('',*,*,#2897,.F.);
#2897 = EDGE_CURVE('',#2794,#2870,#2898,.T.);
#2898 = SURFACE_CURVE('',#2899,(#2903,#2910),.PCURVE_S1.);
#2899 = LINE('',#2900,#2901);
#2900 = CARTESIAN_POINT('',(29.297071129707,34.041841004184,0.));
#2901 = VECTOR('',#2902,1.);
#2902 = DIRECTION('',(-0.719844295421,-0.694135570584,0.));
#2903 = PCURVE('',#2809,#2904);
#2904 = DEFINITIONAL_REPRESENTATION('',(#2905),#2909);
#2905 = LINE('',#2906,#2907);
#2906 = CARTESIAN_POINT('',(0.,0.));
#2907 = VECTOR('',#2908,1.);
#2908 = DIRECTION('',(1.,0.));
#2909 = ( GEOMETRIC_REPRESENTATION_CONTEXT(2) 
PARAMETRIC_REPRESENTATION_CONTEXT() REPRESENTATION_CONTEXT('2D SPACE',''
  ) );
#2910 = PCURVE('',#2602,#2911);
#2911 = DEFINITIONAL_REPRESENTATION('',(#2912),#2916);
#2912 = LINE('',#2913,#2914);
#2913 = CARTESIAN_POINT('',(-7.898618493119,18.108875576917));
#2914 = VECTOR('',#2915,1.);
#2915 = DIRECTION('',(-0.719844295421,-0.694135570584));
#2916 = ( GEOMETRIC_REPRESENTATION_CONTEXT(2) 
PARAMETRIC_REPRESENTATION_CONTEXT() REPRESENTATION_CONTEXT('2D SPACE',''
  ) );
#2917 = ADVANCED_FACE('',(#2918),#2885,.F.);
#2918 = FACE_BOUND('',#2919,.F.);
#2919 = EDGE_LOOP('',(#2920,#2921,#2944,#2972));
#2920 = ORIENTED_EDGE('',*,*,#2869,.T.);
#2921 = ORIENTED_EDGE('',*,*,#2922,.T.);
#2922 = EDGE_CURVE('',#2847,#2923,#2925,.T.);
#2923 = VERTEX_POINT('',#2924);
#2924 = CARTESIAN_POINT('',(25.606694560669,29.824267782427,3.));
#2925 = SURFACE_CURVE('',#2926,(#2930,#2937),.PCURVE_S1.);
#2926 = LINE('',#2927,#2928);
#2927 = CARTESIAN_POINT('',(27.188284518828,32.008368200837,3.));
#2928 = VECTOR('',#2929,1.);
#2929 = DIRECTION('',(-0.586509812152,-0.809942121543,0.));
#2930 = PCURVE('',#2885,#2931);
#2931 = DEFINITIONAL_REPRESENTATION('',(#2932),#2936);
#2932 = LINE('',#2933,#2934);
#2933 = CARTESIAN_POINT('',(0.,-3.));
#2934 = VECTOR('',#2935,1.);
#2935 = DIRECTION('',(1.,0.));
#2936 = ( GEOMETRIC_REPRESENTATION_CONTEXT(2) 
PARAMETRIC_REPRESENTATION_CONTEXT() REPRESENTATION_CONTEXT('2D SPACE',''
  ) );
#2937 = PCURVE('',#2548,#2938);
#2938 = DEFINITIONAL_REPRESENTATION('',(#2939),#2943);
#2939 = LINE('',#2940,#2941);
#2940 = CARTESIAN_POINT('',(-10.00740510399,16.07540277357));
#2941 = VECTOR('',#2942,1.);
#2942 = DIRECTION('',(-0.586509812152,-0.809942121543));
#2943 = ( GEOMETRIC_REPRESENTATION_CONTEXT(2) 
PARAMETRIC_REPRESENTATION_CONTEXT() REPRESENTATION_CONTEXT('2D SPACE',''
  ) );
#2944 = ORIENTED_EDGE('',*,*,#2945,.F.);
#2945 = EDGE_CURVE('',#2946,#2923,#2948,.T.);
#2946 = VERTEX_POINT('',#2947);
#2947 = CARTESIAN_POINT('',(25.606694560669,29.824267782427,0.));
#2948 = SURFACE_CURVE('',#2949,(#2953,#2960),.PCURVE_S1.);
#2949 = LINE('',#2950,#2951);
#2950 = CARTESIAN_POINT('',(25.606694560669,29.824267782427,0.));
#2951 = VECTOR('',#2952,1.);
#2952 = DIRECTION('',(0.,0.,1.));
#2953 = PCURVE('',#2885,#2954);
#2954 = DEFINITIONAL_REPRESENTATION('',(#2955),#2959);
#2955 = LINE('',#2956,#2957);
#2956 = CARTESIAN_POINT('',(2.696612955811,0.));
#2957 = VECTOR('',#2958,1.);
#2958 = DIRECTION('',(0.,-1.));
#2959 = ( GEOMETRIC_REPRESENTATION_CONTEXT(2) 
PARAMETRIC_REPRESENTATION_CONTEXT() REPRESENTATION_CONTEXT('2D SPACE',''
  ) );
#2960 = PCURVE('',#2961,#2966);
#2961 = PLANE('',#2962);
#2962 = AXIS2_PLACEMENT_3D('',#2963,#2964,#2965);
#2963 = CARTESIAN_POINT('',(25.606694560669,29.824267782427,0.));
#2964 = DIRECTION('',(0.941741911595,-0.336336396998,0.));
#2965 = DIRECTION('',(-0.336336396998,-0.941741911595,0.));
#2966 = DEFINITIONAL_REPRESENTATION('',(#2967),#2971);
#2967 = LINE('',#2968,#2969);
#2968 = CARTESIAN_POINT('',(0.,0.));
#2969 = VECTOR('',#2970,1.);
#2970 = DIRECTION('',(0.,-1.));
#2971 = ( GEOMETRIC_REPRESENTATION_CONTEXT(2) 
PARAMETRIC_REPRESENTATION_CONTEXT() REPRESENTATION_CONTEXT('2D SPACE',''
  ) );
#2972 = ORIENTED_EDGE('',*,*,#2973,.F.);
#2973 = EDGE_CURVE('',#2870,#2946,#2974,.T.);
#2974 = SURFACE_CURVE('',#2975,(#2979,#2986),.PCURVE_S1.);
#2975 = LINE('',#2976,#2977);
#2976 = CARTESIAN_POINT('',(27.188284518828,32.008368200837,0.));
#2977 = VECTOR('',#2978,1.);
#2978 = DIRECTION('',(-0.586509812152,-0.809942121543,0.));
#2979 = PCURVE('',#2885,#2980);
#2980 = DEFINITIONAL_REPRESENTATION('',(#2981),#2985);
#2981 = LINE('',#2982,#2983);
#2982 = CARTESIAN_POINT('',(0.,0.));
#2983 = VECTOR('',#2984,1.);
#2984 = DIRECTION('',(1.,0.));
#2985 = ( GEOMETRIC_REPRESENTATION_CONTEXT(2) 
PARAMETRIC_REPRESENTATION_CONTEXT() REPRESENTATION_CONTEXT('2D SPACE',''
  ) );
#2986 = PCURVE('',#2602,#2987);
#2987 = DEFINITIONAL_REPRESENTATION('',(#2988),#2992);
#2988 = LINE('',#2989,#2990);
#2989 = CARTESIAN_POINT('',(-10.00740510399,16.07540277357));
#2990 = VECTOR('',#2991,1.);
#2991 = DIRECTION('',(-0.586509812152,-0.809942121543));
#2992 = ( GEOMETRIC_REPRESENTATION_CONTEXT(2) 
PARAMETRIC_REPRESENTATION_CONTEXT() REPRESENTATION_CONTEXT('2D SPACE',''
  ) );
#2993 = ADVANCED_FACE('',(#2994),#2961,.F.);
#2994 = FACE_BOUND('',#2995,.F.);
#2995 = EDGE_LOOP('',(#2996,#2997,#3020,#3048));
#2996 = ORIENTED_EDGE('',*,*,#2945,.T.);
#2997 = ORIENTED_EDGE('',*,*,#2998,.T.);
#2998 = EDGE_CURVE('',#2923,#2999,#3001,.T.);
#2999 = VERTEX_POINT('',#3000);
#3000 = CARTESIAN_POINT('',(24.476987447699,26.661087866109,3.));
#3001 = SURFACE_CURVE('',#3002,(#3006,#3013),.PCURVE_S1.);
#3002 = LINE('',#3003,#3004);
#3003 = CARTESIAN_POINT('',(25.606694560669,29.824267782427,3.));
#3004 = VECTOR('',#3005,1.);
#3005 = DIRECTION('',(-0.336336396998,-0.941741911595,0.));
#3006 = PCURVE('',#2961,#3007);
#3007 = DEFINITIONAL_REPRESENTATION('',(#3008),#3012);
#3008 = LINE('',#3009,#3010);
#3009 = CARTESIAN_POINT('',(0.,-3.));
#3010 = VECTOR('',#3011,1.);
#3011 = DIRECTION('',(1.,0.));
#3012 = ( GEOMETRIC_REPRESENTATION_CONTEXT(2) 
PARAMETRIC_REPRESENTATION_CONTEXT() REPRESENTATION_CONTEXT('2D SPACE',''
  ) );
#3013 = PCURVE('',#2548,#3014);
#3014 = DEFINITIONAL_REPRESENTATION('',(#3015),#3019);
#3015 = LINE('',#3016,#3017);
#3016 = CARTESIAN_POINT('',(-11.58899506215,13.89130235516));
#3017 = VECTOR('',#3018,1.);
#3018 = DIRECTION('',(-0.336336396998,-0.941741911595));
#3019 = ( GEOMETRIC_REPRESENTATION_CONTEXT(2) 
PARAMETRIC_REPRESENTATION_CONTEXT() REPRESENTATION_CONTEXT('2D SPACE',''
  ) );
#3020 = ORIENTED_EDGE('',*,*,#3021,.F.);
#3021 = EDGE_CURVE('',#3022,#2999,#3024,.T.);
#3022 = VERTEX_POINT('',#3023);
#3023 = CARTESIAN_POINT('',(24.476987447699,26.661087866109,0.));
#3024 = SURFACE_CURVE('',#3025,(#3029,#3036),.PCURVE_S1.);
#3025 = LINE('',#3026,#3027);
#3026 = CARTESIAN_POINT('',(24.476987447699,26.661087866109,0.));
#3027 = VECTOR('',#3028,1.);
#3028 = DIRECTION('',(0.,0.,1.));
#3029 = PCURVE('',#2961,#3030);
#3030 = DEFINITIONAL_REPRESENTATION('',(#3031),#3035);
#3031 = LINE('',#3032,#3033);
#3032 = CARTESIAN_POINT('',(3.358860721151,0.));
#3033 = VECTOR('',#3034,1.);
#3034 = DIRECTION('',(0.,-1.));
#3035 = ( GEOMETRIC_REPRESENTATION_CONTEXT(2) 
PARAMETRIC_REPRESENTATION_CONTEXT() REPRESENTATION_CONTEXT('2D SPACE',''
  ) );
#3036 = PCURVE('',#3037,#3042);
#3037 = PLANE('',#3038);
#3038 = AXIS2_PLACEMENT_3D('',#3039,#3040,#3041);
#3039 = CARTESIAN_POINT('',(24.476987447699,26.661087866109,0.));
#3040 = DIRECTION('',(0.999995750097,-2.915439504657E-03,0.));
#3041 = DIRECTION('',(-2.915439504657E-03,-0.999995750097,0.));
#3042 = DEFINITIONAL_REPRESENTATION('',(#3043),#3047);
#3043 = LINE('',#3044,#3045);
#3044 = CARTESIAN_POINT('',(0.,0.));
#3045 = VECTOR('',#3046,1.);
#3046 = DIRECTION('',(0.,-1.));
#3047 = ( GEOMETRIC_REPRESENTATION_CONTEXT(2) 
PARAMETRIC_REPRESENTATION_CONTEXT() REPRESENTATION_CONTEXT('2D SPACE',''
  ) );
#3048 = ORIENTED_EDGE('',*,*,#3049,.F.);
#3049 = EDGE_CURVE('',#2946,#3022,#3050,.T.);
#3050 = SURFACE_CURVE('',#3051,(#3055,#3062),.PCURVE_S1.);
#3051 = LINE('',#3052,#3053);
#3052 = CARTESIAN_POINT('',(25.606694560669,29.824267782427,0.));
#3053 = VECTOR('',#3054,1.);
#3054 = DIRECTION('',(-0.336336396998,-0.941741911595,0.));
#3055 = PCURVE('',#2961,#3056);
#3056 = DEFINITIONAL_REPRESENTATION('',(#3057),#3061);
#3057 = LINE('',#3058,#3059);
#3058 = CARTESIAN_POINT('',(0.,0.));
#3059 = VECTOR('',#3060,1.);
#3060 = DIRECTION('',(1.,0.));
#3061 = ( GEOMETRIC_REPRESENTATION_CONTEXT(2) 
PARAMETRIC_REPRESENTATION_CONTEXT() REPRESENTATION_CONTEXT('2D SPACE',''
  ) );
#3062 = PCURVE('',#2602,#3063);
#3063 = DEFINITIONAL_REPRESENTATION('',(#3064),#3068);
#3064 = LINE('',#3065,#3066);
#3065 = CARTESIAN_POINT('',(-11.58899506215,13.89130235516));
#3066 = VECTOR('',#3067,1.);
#3067 = DIRECTION('',(-0.336336396998,-0.941741911595));
#3068 = ( GEOMETRIC_REPRESENTATION_CONTEXT(2) 
PARAMETRIC_REPRESENTATION_CONTEXT() REPRESENTATION_CONTEXT('2D SPACE',''
  ) );
#3069 = ADVANCED_FACE('',(#3070),#3037,.F.);
#3070 = FACE_BOUND('',#3071,.F.);
#3071 = EDGE_LOOP('',(#3072,#3073,#3096,#3124));
#3072 = ORIENTED_EDGE('',*,*,#3021,.T.);
#3073 = ORIENTED_EDGE('',*,*,#3074,.T.);
#3074 = EDGE_CURVE('',#2999,#3075,#3077,.T.);
#3075 = VERTEX_POINT('',#3076);
#3076 = CARTESIAN_POINT('',(24.401673640167,0.828451882845,3.));
#3077 = SURFACE_CURVE('',#3078,(#3082,#3089),.PCURVE_S1.);
#3078 = LINE('',#3079,#3080);
#3079 = CARTESIAN_POINT('',(24.476987447699,26.661087866109,3.));
#3080 = VECTOR('',#3081,1.);
#3081 = DIRECTION('',(-2.915439504657E-03,-0.999995750097,0.));
#3082 = PCURVE('',#3037,#3083);
#3083 = DEFINITIONAL_REPRESENTATION('',(#3084),#3088);
#3084 = LINE('',#3085,#3086);
#3085 = CARTESIAN_POINT('',(0.,-3.));
#3086 = VECTOR('',#3087,1.);
#3087 = DIRECTION('',(1.,0.));
#3088 = ( GEOMETRIC_REPRESENTATION_CONTEXT(2) 
PARAMETRIC_REPRESENTATION_CONTEXT() REPRESENTATION_CONTEXT('2D SPACE',''
  ) );
#3089 = PCURVE('',#2548,#3090);
#3090 = DEFINITIONAL_REPRESENTATION('',(#3091),#3095);
#3091 = LINE('',#3092,#3093);
#3092 = CARTESIAN_POINT('',(-12.71870217512,10.728122438842));
#3093 = VECTOR('',#3094,1.);
#3094 = DIRECTION('',(-2.915439504657E-03,-0.999995750097));
#3095 = ( GEOMETRIC_REPRESENTATION_CONTEXT(2) 
PARAMETRIC_REPRESENTATION_CONTEXT() REPRESENTATION_CONTEXT('2D SPACE',''
  ) );
#3096 = ORIENTED_EDGE('',*,*,#3097,.F.);
#3097 = EDGE_CURVE('',#3098,#3075,#3100,.T.);
#3098 = VERTEX_POINT('',#3099);
#3099 = CARTESIAN_POINT('',(24.401673640167,0.828451882845,0.));
#3100 = SURFACE_CURVE('',#3101,(#3105,#3112),.PCURVE_S1.);
#3101 = LINE('',#3102,#3103);
#3102 = CARTESIAN_POINT('',(24.401673640167,0.828451882845,0.));
#3103 = VECTOR('',#3104,1.);
#3104 = DIRECTION('',(0.,0.,1.));
#3105 = PCURVE('',#3037,#3106);
#3106 = DEFINITIONAL_REPRESENTATION('',(#3107),#3111);
#3107 = LINE('',#3108,#3109);
#3108 = CARTESIAN_POINT('',(25.832745769922,0.));
#3109 = VECTOR('',#3110,1.);
#3110 = DIRECTION('',(0.,-1.));
#3111 = ( GEOMETRIC_REPRESENTATION_CONTEXT(2) 
PARAMETRIC_REPRESENTATION_CONTEXT() REPRESENTATION_CONTEXT('2D SPACE',''
  ) );
#3112 = PCURVE('',#3113,#3118);
#3113 = PLANE('',#3114);
#3114 = AXIS2_PLACEMENT_3D('',#3115,#3116,#3117);
#3115 = CARTESIAN_POINT('',(24.401673640167,0.828451882845,0.));
#3116 = DIRECTION('',(0.91381154862,0.406138466053,-0.));
#3117 = DIRECTION('',(0.406138466053,-0.91381154862,0.));
#3118 = DEFINITIONAL_REPRESENTATION('',(#3119),#3123);
#3119 = LINE('',#3120,#3121);
#3120 = CARTESIAN_POINT('',(0.,0.));
#3121 = VECTOR('',#3122,1.);
#3122 = DIRECTION('',(0.,-1.));
#3123 = ( GEOMETRIC_REPRESENTATION_CONTEXT(2) 
PARAMETRIC_REPRESENTATION_CONTEXT() REPRESENTATION_CONTEXT('2D SPACE',''
  ) );
#3124 = ORIENTED_EDGE('',*,*,#3125,.F.);
#3125 = EDGE_CURVE('',#3022,#3098,#3126,.T.);
#3126 = SURFACE_CURVE('',#3127,(#3131,#3138),.PCURVE_S1.);
#3127 = LINE('',#3128,#3129);
#3128 = CARTESIAN_POINT('',(24.476987447699,26.661087866109,0.));
#3129 = VECTOR('',#3130,1.);
#3130 = DIRECTION('',(-2.915439504657E-03,-0.999995750097,0.));
#3131 = PCURVE('',#3037,#3132);
#3132 = DEFINITIONAL_REPRESENTATION('',(#3133),#3137);
#3133 = LINE('',#3134,#3135);
#3134 = CARTESIAN_POINT('',(0.,0.));
#3135 = VECTOR('',#3136,1.);
#3136 = DIRECTION('',(1.,0.));
#3137 = ( GEOMETRIC_REPRESENTATION_CONTEXT(2) 
PARAMETRIC_REPRESENTATION_CONTEXT() REPRESENTATION_CONTEXT('2D SPACE',''
  ) );
#3138 = PCURVE('',#2602,#3139);
#3139 = DEFINITIONAL_REPRESENTATION('',(#3140),#3144);
#3140 = LINE('',#3141,#3142);
#3141 = CARTESIAN_POINT('',(-12.71870217512,10.728122438842));
#3142 = VECTOR('',#3143,1.);
#3143 = DIRECTION('',(-2.915439504657E-03,-0.999995750097));
#3144 = ( GEOMETRIC_REPRESENTATION_CONTEXT(2) 
PARAMETRIC_REPRESENTATION_CONTEXT() REPRESENTATION_CONTEXT('2D SPACE',''
  ) );
#3145 = ADVANCED_FACE('',(#3146),#3113,.F.);
#3146 = FACE_BOUND('',#3147,.F.);
#3147 = EDGE_LOOP('',(#3148,#3149,#3172,#3200));
#3148 = ORIENTED_EDGE('',*,*,#3097,.T.);
#3149 = ORIENTED_EDGE('',*,*,#3150,.T.);
#3150 = EDGE_CURVE('',#3075,#3151,#3153,.T.);
#3151 = VERTEX_POINT('',#3152);
#3152 = CARTESIAN_POINT('',(24.702928870293,0.150627615063,3.));
#3153 = SURFACE_CURVE('',#3154,(#3158,#3165),.PCURVE_S1.);
#3154 = LINE('',#3155,#3156);
#3155 = CARTESIAN_POINT('',(24.401673640167,0.828451882845,3.));
#3156 = VECTOR('',#3157,1.);
#3157 = DIRECTION('',(0.406138466053,-0.91381154862,0.));
#3158 = PCURVE('',#3113,#3159);
#3159 = DEFINITIONAL_REPRESENTATION('',(#3160),#3164);
#3160 = LINE('',#3161,#3162);
#3161 = CARTESIAN_POINT('',(0.,-3.));
#3162 = VECTOR('',#3163,1.);
#3163 = DIRECTION('',(1.,0.));
#3164 = ( GEOMETRIC_REPRESENTATION_CONTEXT(2) 
PARAMETRIC_REPRESENTATION_CONTEXT() REPRESENTATION_CONTEXT('2D SPACE',''
  ) );
#3165 = PCURVE('',#2548,#3166);
#3166 = DEFINITIONAL_REPRESENTATION('',(#3167),#3171);
#3167 = LINE('',#3168,#3169);
#3168 = CARTESIAN_POINT('',(-12.79401598265,-15.10451354442));
#3169 = VECTOR('',#3170,1.);
#3170 = DIRECTION('',(0.406138466053,-0.91381154862));
#3171 = ( GEOMETRIC_REPRESENTATION_CONTEXT(2) 
PARAMETRIC_REPRESENTATION_CONTEXT() REPRESENTATION_CONTEXT('2D SPACE',''
  ) );
#3172 = ORIENTED_EDGE('',*,*,#3173,.F.);
#3173 = EDGE_CURVE('',#3174,#3151,#3176,.T.);
#3174 = VERTEX_POINT('',#3175);
#3175 = CARTESIAN_POINT('',(24.702928870293,0.150627615063,0.));
#3176 = SURFACE_CURVE('',#3177,(#3181,#3188),.PCURVE_S1.);
#3177 = LINE('',#3178,#3179);
#3178 = CARTESIAN_POINT('',(24.702928870293,0.150627615063,0.));
#3179 = VECTOR('',#3180,1.);
#3180 = DIRECTION('',(0.,0.,1.));
#3181 = PCURVE('',#3113,#3182);
#3182 = DEFINITIONAL_REPRESENTATION('',(#3183),#3187);
#3183 = LINE('',#3184,#3185);
#3184 = CARTESIAN_POINT('',(0.741754980888,0.));
#3185 = VECTOR('',#3186,1.);
#3186 = DIRECTION('',(0.,-1.));
#3187 = ( GEOMETRIC_REPRESENTATION_CONTEXT(2) 
PARAMETRIC_REPRESENTATION_CONTEXT() REPRESENTATION_CONTEXT('2D SPACE',''
  ) );
#3188 = PCURVE('',#3189,#3194);
#3189 = PLANE('',#3190);
#3190 = AXIS2_PLACEMENT_3D('',#3191,#3192,#3193);
#3191 = CARTESIAN_POINT('',(24.702928870293,0.150627615063,0.));
#3192 = DIRECTION('',(1.514977629627E-02,0.999885235554,-0.));
#3193 = DIRECTION('',(0.999885235554,-1.514977629627E-02,0.));
#3194 = DEFINITIONAL_REPRESENTATION('',(#3195),#3199);
#3195 = LINE('',#3196,#3197);
#3196 = CARTESIAN_POINT('',(0.,0.));
#3197 = VECTOR('',#3198,1.);
#3198 = DIRECTION('',(0.,-1.));
#3199 = ( GEOMETRIC_REPRESENTATION_CONTEXT(2) 
PARAMETRIC_REPRESENTATION_CONTEXT() REPRESENTATION_CONTEXT('2D SPACE',''
  ) );
#3200 = ORIENTED_EDGE('',*,*,#3201,.F.);
#3201 = EDGE_CURVE('',#3098,#3174,#3202,.T.);
#3202 = SURFACE_CURVE('',#3203,(#3207,#3214),.PCURVE_S1.);
#3203 = LINE('',#3204,#3205);
#3204 = CARTESIAN_POINT('',(24.401673640167,0.828451882845,0.));
#3205 = VECTOR('',#3206,1.);
#3206 = DIRECTION('',(0.406138466053,-0.91381154862,0.));
#3207 = PCURVE('',#3113,#3208);
#3208 = DEFINITIONAL_REPRESENTATION('',(#3209),#3213);
#3209 = LINE('',#3210,#3211);
#3210 = CARTESIAN_POINT('',(0.,0.));
#3211 = VECTOR('',#3212,1.);
#3212 = DIRECTION('',(1.,0.));
#3213 = ( GEOMETRIC_REPRESENTATION_CONTEXT(2) 
PARAMETRIC_REPRESENTATION_CONTEXT() REPRESENTATION_CONTEXT('2D SPACE',''
  ) );
#3214 = PCURVE('',#2602,#3215);
#3215 = DEFINITIONAL_REPRESENTATION('',(#3216),#3220);
#3216 = LINE('',#3217,#3218);
#3217 = CARTESIAN_POINT('',(-12.79401598265,-15.10451354442));
#3218 = VECTOR('',#3219,1.);
#3219 = DIRECTION('',(0.406138466053,-0.91381154862));
#3220 = ( GEOMETRIC_REPRESENTATION_CONTEXT(2) 
PARAMETRIC_REPRESENTATION_CONTEXT() REPRESENTATION_CONTEXT('2D SPACE',''
  ) );
#3221 = ADVANCED_FACE('',(#3222),#3189,.F.);
#3222 = FACE_BOUND('',#3223,.F.);
#3223 = EDGE_LOOP('',(#3224,#3225,#3248,#3276));
#3224 = ORIENTED_EDGE('',*,*,#3173,.T.);
#3225 = ORIENTED_EDGE('',*,*,#3226,.T.);
#3226 = EDGE_CURVE('',#3151,#3227,#3229,.T.);
#3227 = VERTEX_POINT('',#3228);
#3228 = CARTESIAN_POINT('',(34.644351464435,0.,3.));
#3229 = SURFACE_CURVE('',#3230,(#3234,#3241),.PCURVE_S1.);
#3230 = LINE('',#3231,#3232);
#3231 = CARTESIAN_POINT('',(24.702928870293,0.150627615063,3.));
#3232 = VECTOR('',#3233,1.);
#3233 = DIRECTION('',(0.999885235554,-1.514977629627E-02,0.));
#3234 = PCURVE('',#3189,#3235);
#3235 = DEFINITIONAL_REPRESENTATION('',(#3236),#3240);
#3236 = LINE('',#3237,#3238);
#3237 = CARTESIAN_POINT('',(0.,-3.));
#3238 = VECTOR('',#3239,1.);
#3239 = DIRECTION('',(1.,0.));
#3240 = ( GEOMETRIC_REPRESENTATION_CONTEXT(2) 
PARAMETRIC_REPRESENTATION_CONTEXT() REPRESENTATION_CONTEXT('2D SPACE',''
  ) );
#3241 = PCURVE('',#2548,#3242);
#3242 = DEFINITIONAL_REPRESENTATION('',(#3243),#3247);
#3243 = LINE('',#3244,#3245);
#3244 = CARTESIAN_POINT('',(-12.49276075253,-15.7823378122));
#3245 = VECTOR('',#3246,1.);
#3246 = DIRECTION('',(0.999885235554,-1.514977629627E-02));
#3247 = ( GEOMETRIC_REPRESENTATION_CONTEXT(2) 
PARAMETRIC_REPRESENTATION_CONTEXT() REPRESENTATION_CONTEXT('2D SPACE',''
  ) );
#3248 = ORIENTED_EDGE('',*,*,#3249,.F.);
#3249 = EDGE_CURVE('',#3250,#3227,#3252,.T.);
#3250 = VERTEX_POINT('',#3251);
#3251 = CARTESIAN_POINT('',(34.644351464435,0.,0.));
#3252 = SURFACE_CURVE('',#3253,(#3257,#3264),.PCURVE_S1.);
#3253 = LINE('',#3254,#3255);
#3254 = CARTESIAN_POINT('',(34.644351464435,0.,0.));
#3255 = VECTOR('',#3256,1.);
#3256 = DIRECTION('',(0.,0.,1.));
#3257 = PCURVE('',#3189,#3258);
#3258 = DEFINITIONAL_REPRESENTATION('',(#3259),#3263);
#3259 = LINE('',#3260,#3261);
#3260 = CARTESIAN_POINT('',(9.942563646955,0.));
#3261 = VECTOR('',#3262,1.);
#3262 = DIRECTION('',(0.,-1.));
#3263 = ( GEOMETRIC_REPRESENTATION_CONTEXT(2) 
PARAMETRIC_REPRESENTATION_CONTEXT() REPRESENTATION_CONTEXT('2D SPACE',''
  ) );
#3264 = PCURVE('',#3265,#3270);
#3265 = PLANE('',#3266);
#3266 = AXIS2_PLACEMENT_3D('',#3267,#3268,#3269);
#3267 = CARTESIAN_POINT('',(34.644351464435,0.,0.));
#3268 = DIRECTION('',(-0.707106781187,0.707106781187,0.));
#3269 = DIRECTION('',(0.707106781187,0.707106781187,0.));
#3270 = DEFINITIONAL_REPRESENTATION('',(#3271),#3275);
#3271 = LINE('',#3272,#3273);
#3272 = CARTESIAN_POINT('',(0.,0.));
#3273 = VECTOR('',#3274,1.);
#3274 = DIRECTION('',(0.,-1.));
#3275 = ( GEOMETRIC_REPRESENTATION_CONTEXT(2) 
PARAMETRIC_REPRESENTATION_CONTEXT() REPRESENTATION_CONTEXT('2D SPACE',''
  ) );
#3276 = ORIENTED_EDGE('',*,*,#3277,.F.);
#3277 = EDGE_CURVE('',#3174,#3250,#3278,.T.);
#3278 = SURFACE_CURVE('',#3279,(#3283,#3290),.PCURVE_S1.);
#3279 = LINE('',#3280,#3281);
#3280 = CARTESIAN_POINT('',(24.702928870293,0.150627615063,0.));
#3281 = VECTOR('',#3282,1.);
#3282 = DIRECTION('',(0.999885235554,-1.514977629627E-02,0.));
#3283 = PCURVE('',#3189,#3284);
#3284 = DEFINITIONAL_REPRESENTATION('',(#3285),#3289);
#3285 = LINE('',#3286,#3287);
#3286 = CARTESIAN_POINT('',(0.,0.));
#3287 = VECTOR('',#3288,1.);
#3288 = DIRECTION('',(1.,0.));
#3289 = ( GEOMETRIC_REPRESENTATION_CONTEXT(2) 
PARAMETRIC_REPRESENTATION_CONTEXT() REPRESENTATION_CONTEXT('2D SPACE',''
  ) );
#3290 = PCURVE('',#2602,#3291);
#3291 = DEFINITIONAL_REPRESENTATION('',(#3292),#3296);
#3292 = LINE('',#3293,#3294);
#3293 = CARTESIAN_POINT('',(-12.49276075253,-15.7823378122));
#3294 = VECTOR('',#3295,1.);
#3295 = DIRECTION('',(0.999885235554,-1.514977629627E-02));
#3296 = ( GEOMETRIC_REPRESENTATION_CONTEXT(2) 
PARAMETRIC_REPRESENTATION_CONTEXT() REPRESENTATION_CONTEXT('2D SPACE',''
  ) );
#3297 = ADVANCED_FACE('',(#3298),#3265,.F.);
#3298 = FACE_BOUND('',#3299,.F.);
#3299 = EDGE_LOOP('',(#3300,#3301,#3324,#3352));
#3300 = ORIENTED_EDGE('',*,*,#3249,.T.);
#3301 = ORIENTED_EDGE('',*,*,#3302,.T.);
#3302 = EDGE_CURVE('',#3227,#3303,#3305,.T.);
#3303 = VERTEX_POINT('',#3304);
#3304 = CARTESIAN_POINT('',(35.171548117155,0.52719665272,3.));
#3305 = SURFACE_CURVE('',#3306,(#3310,#3317),.PCURVE_S1.);
#3306 = LINE('',#3307,#3308);
#3307 = CARTESIAN_POINT('',(34.644351464435,0.,3.));
#3308 = VECTOR('',#3309,1.);
#3309 = DIRECTION('',(0.707106781187,0.707106781187,0.));
#3310 = PCURVE('',#3265,#3311);
#3311 = DEFINITIONAL_REPRESENTATION('',(#3312),#3316);
#3312 = LINE('',#3313,#3314);
#3313 = CARTESIAN_POINT('',(0.,-3.));
#3314 = VECTOR('',#3315,1.);
#3315 = DIRECTION('',(1.,0.));
#3316 = ( GEOMETRIC_REPRESENTATION_CONTEXT(2) 
PARAMETRIC_REPRESENTATION_CONTEXT() REPRESENTATION_CONTEXT('2D SPACE',''
  ) );
#3317 = PCURVE('',#2548,#3318);
#3318 = DEFINITIONAL_REPRESENTATION('',(#3319),#3323);
#3319 = LINE('',#3320,#3321);
#3320 = CARTESIAN_POINT('',(-2.551338158391,-15.93296542726));
#3321 = VECTOR('',#3322,1.);
#3322 = DIRECTION('',(0.707106781187,0.707106781187));
#3323 = ( GEOMETRIC_REPRESENTATION_CONTEXT(2) 
PARAMETRIC_REPRESENTATION_CONTEXT() REPRESENTATION_CONTEXT('2D SPACE',''
  ) );
#3324 = ORIENTED_EDGE('',*,*,#3325,.F.);
#3325 = EDGE_CURVE('',#3326,#3303,#3328,.T.);
#3326 = VERTEX_POINT('',#3327);
#3327 = CARTESIAN_POINT('',(35.171548117155,0.52719665272,0.));
#3328 = SURFACE_CURVE('',#3329,(#3333,#3340),.PCURVE_S1.);
#3329 = LINE('',#3330,#3331);
#3330 = CARTESIAN_POINT('',(35.171548117155,0.52719665272,0.));
#3331 = VECTOR('',#3332,1.);
#3332 = DIRECTION('',(0.,0.,1.));
#3333 = PCURVE('',#3265,#3334);
#3334 = DEFINITIONAL_REPRESENTATION('',(#3335),#3339);
#3335 = LINE('',#3336,#3337);
#3336 = CARTESIAN_POINT('',(0.745568656314,0.));
#3337 = VECTOR('',#3338,1.);
#3338 = DIRECTION('',(0.,-1.));
#3339 = ( GEOMETRIC_REPRESENTATION_CONTEXT(2) 
PARAMETRIC_REPRESENTATION_CONTEXT() REPRESENTATION_CONTEXT('2D SPACE',''
  ) );
#3340 = PCURVE('',#3341,#3346);
#3341 = PLANE('',#3342);
#3342 = AXIS2_PLACEMENT_3D('',#3343,#3344,#3345);
#3343 = CARTESIAN_POINT('',(35.171548117155,0.52719665272,0.));
#3344 = DIRECTION('',(-1.,0.,0.));
#3345 = DIRECTION('',(0.,1.,0.));
#3346 = DEFINITIONAL_REPRESENTATION('',(#3347),#3351);
#3347 = LINE('',#3348,#3349);
#3348 = CARTESIAN_POINT('',(0.,0.));
#3349 = VECTOR('',#3350,1.);
#3350 = DIRECTION('',(0.,-1.));
#3351 = ( GEOMETRIC_REPRESENTATION_CONTEXT(2) 
PARAMETRIC_REPRESENTATION_CONTEXT() REPRESENTATION_CONTEXT('2D SPACE',''
  ) );
#3352 = ORIENTED_EDGE('',*,*,#3353,.F.);
#3353 = EDGE_CURVE('',#3250,#3326,#3354,.T.);
#3354 = SURFACE_CURVE('',#3355,(#3359,#3366),.PCURVE_S1.);
#3355 = LINE('',#3356,#3357);
#3356 = CARTESIAN_POINT('',(34.644351464435,0.,0.));
#3357 = VECTOR('',#3358,1.);
#3358 = DIRECTION('',(0.707106781187,0.707106781187,0.));
#3359 = PCURVE('',#3265,#3360);
#3360 = DEFINITIONAL_REPRESENTATION('',(#3361),#3365);
#3361 = LINE('',#3362,#3363);
#3362 = CARTESIAN_POINT('',(0.,0.));
#3363 = VECTOR('',#3364,1.);
#3364 = DIRECTION('',(1.,0.));
#3365 = ( GEOMETRIC_REPRESENTATION_CONTEXT(2) 
PARAMETRIC_REPRESENTATION_CONTEXT() REPRESENTATION_CONTEXT('2D SPACE',''
  ) );
#3366 = PCURVE('',#2602,#3367);
#3367 = DEFINITIONAL_REPRESENTATION('',(#3368),#3372);
#3368 = LINE('',#3369,#3370);
#3369 = CARTESIAN_POINT('',(-2.551338158391,-15.93296542726));
#3370 = VECTOR('',#3371,1.);
#3371 = DIRECTION('',(0.707106781187,0.707106781187));
#3372 = ( GEOMETRIC_REPRESENTATION_CONTEXT(2) 
PARAMETRIC_REPRESENTATION_CONTEXT() REPRESENTATION_CONTEXT('2D SPACE',''
  ) );
#3373 = ADVANCED_FACE('',(#3374),#3341,.F.);
#3374 = FACE_BOUND('',#3375,.F.);
#3375 = EDGE_LOOP('',(#3376,#3377,#3400,#3428));
#3376 = ORIENTED_EDGE('',*,*,#3325,.T.);
#3377 = ORIENTED_EDGE('',*,*,#3378,.T.);
#3378 = EDGE_CURVE('',#3303,#3379,#3381,.T.);
#3379 = VERTEX_POINT('',#3380);
#3380 = CARTESIAN_POINT('',(35.171548117155,23.196652719665,3.));
#3381 = SURFACE_CURVE('',#3382,(#3386,#3393),.PCURVE_S1.);
#3382 = LINE('',#3383,#3384);
#3383 = CARTESIAN_POINT('',(35.171548117155,0.52719665272,3.));
#3384 = VECTOR('',#3385,1.);
#3385 = DIRECTION('',(0.,1.,0.));
#3386 = PCURVE('',#3341,#3387);
#3387 = DEFINITIONAL_REPRESENTATION('',(#3388),#3392);
#3388 = LINE('',#3389,#3390);
#3389 = CARTESIAN_POINT('',(0.,-3.));
#3390 = VECTOR('',#3391,1.);
#3391 = DIRECTION('',(1.,0.));
#3392 = ( GEOMETRIC_REPRESENTATION_CONTEXT(2) 
PARAMETRIC_REPRESENTATION_CONTEXT() REPRESENTATION_CONTEXT('2D SPACE',''
  ) );
#3393 = PCURVE('',#2548,#3394);
#3394 = DEFINITIONAL_REPRESENTATION('',(#3395),#3399);
#3395 = LINE('',#3396,#3397);
#3396 = CARTESIAN_POINT('',(-2.024141505672,-15.40576877454));
#3397 = VECTOR('',#3398,1.);
#3398 = DIRECTION('',(0.,1.));
#3399 = ( GEOMETRIC_REPRESENTATION_CONTEXT(2) 
PARAMETRIC_REPRESENTATION_CONTEXT() REPRESENTATION_CONTEXT('2D SPACE',''
  ) );
#3400 = ORIENTED_EDGE('',*,*,#3401,.F.);
#3401 = EDGE_CURVE('',#3402,#3379,#3404,.T.);
#3402 = VERTEX_POINT('',#3403);
#3403 = CARTESIAN_POINT('',(35.171548117155,23.196652719665,0.));
#3404 = SURFACE_CURVE('',#3405,(#3409,#3416),.PCURVE_S1.);
#3405 = LINE('',#3406,#3407);
#3406 = CARTESIAN_POINT('',(35.171548117155,23.196652719665,0.));
#3407 = VECTOR('',#3408,1.);
#3408 = DIRECTION('',(0.,0.,1.));
#3409 = PCURVE('',#3341,#3410);
#3410 = DEFINITIONAL_REPRESENTATION('',(#3411),#3415);
#3411 = LINE('',#3412,#3413);
#3412 = CARTESIAN_POINT('',(22.669456066946,0.));
#3413 = VECTOR('',#3414,1.);
#3414 = DIRECTION('',(0.,-1.));
#3415 = ( GEOMETRIC_REPRESENTATION_CONTEXT(2) 
PARAMETRIC_REPRESENTATION_CONTEXT() REPRESENTATION_CONTEXT('2D SPACE',''
  ) );
#3416 = PCURVE('',#3417,#3422);
#3417 = PLANE('',#3418);
#3418 = AXIS2_PLACEMENT_3D('',#3419,#3420,#3421);
#3419 = CARTESIAN_POINT('',(35.171548117155,23.196652719665,0.));
#3420 = DIRECTION('',(-0.957826285221,0.287347885566,0.));
#3421 = DIRECTION('',(0.287347885566,0.957826285221,0.));
#3422 = DEFINITIONAL_REPRESENTATION('',(#3423),#3427);
#3423 = LINE('',#3424,#3425);
#3424 = CARTESIAN_POINT('',(0.,0.));
#3425 = VECTOR('',#3426,1.);
#3426 = DIRECTION('',(0.,-1.));
#3427 = ( GEOMETRIC_REPRESENTATION_CONTEXT(2) 
PARAMETRIC_REPRESENTATION_CONTEXT() REPRESENTATION_CONTEXT('2D SPACE',''
  ) );
#3428 = ORIENTED_EDGE('',*,*,#3429,.F.);
#3429 = EDGE_CURVE('',#3326,#3402,#3430,.T.);
#3430 = SURFACE_CURVE('',#3431,(#3435,#3442),.PCURVE_S1.);
#3431 = LINE('',#3432,#3433);
#3432 = CARTESIAN_POINT('',(35.171548117155,0.52719665272,0.));
#3433 = VECTOR('',#3434,1.);
#3434 = DIRECTION('',(0.,1.,0.));
#3435 = PCURVE('',#3341,#3436);
#3436 = DEFINITIONAL_REPRESENTATION('',(#3437),#3441);
#3437 = LINE('',#3438,#3439);
#3438 = CARTESIAN_POINT('',(0.,0.));
#3439 = VECTOR('',#3440,1.);
#3440 = DIRECTION('',(1.,0.));
#3441 = ( GEOMETRIC_REPRESENTATION_CONTEXT(2) 
PARAMETRIC_REPRESENTATION_CONTEXT() REPRESENTATION_CONTEXT('2D SPACE',''
  ) );
#3442 = PCURVE('',#2602,#3443);
#3443 = DEFINITIONAL_REPRESENTATION('',(#3444),#3448);
#3444 = LINE('',#3445,#3446);
#3445 = CARTESIAN_POINT('',(-2.024141505672,-15.40576877454));
#3446 = VECTOR('',#3447,1.);
#3447 = DIRECTION('',(0.,1.));
#3448 = ( GEOMETRIC_REPRESENTATION_CONTEXT(2) 
PARAMETRIC_REPRESENTATION_CONTEXT() REPRESENTATION_CONTEXT('2D SPACE',''
  ) );
#3449 = ADVANCED_FACE('',(#3450),#3417,.F.);
#3450 = FACE_BOUND('',#3451,.F.);
#3451 = EDGE_LOOP('',(#3452,#3453,#3476,#3504));
#3452 = ORIENTED_EDGE('',*,*,#3401,.T.);
#3453 = ORIENTED_EDGE('',*,*,#3454,.T.);
#3454 = EDGE_CURVE('',#3379,#3455,#3457,.T.);
#3455 = VERTEX_POINT('',#3456);
#3456 = CARTESIAN_POINT('',(35.849372384937,25.456066945607,3.));
#3457 = SURFACE_CURVE('',#3458,(#3462,#3469),.PCURVE_S1.);
#3458 = LINE('',#3459,#3460);
#3459 = CARTESIAN_POINT('',(35.171548117155,23.196652719665,3.));
#3460 = VECTOR('',#3461,1.);
#3461 = DIRECTION('',(0.287347885566,0.957826285221,0.));
#3462 = PCURVE('',#3417,#3463);
#3463 = DEFINITIONAL_REPRESENTATION('',(#3464),#3468);
#3464 = LINE('',#3465,#3466);
#3465 = CARTESIAN_POINT('',(0.,-3.));
#3466 = VECTOR('',#3467,1.);
#3467 = DIRECTION('',(1.,0.));
#3468 = ( GEOMETRIC_REPRESENTATION_CONTEXT(2) 
PARAMETRIC_REPRESENTATION_CONTEXT() REPRESENTATION_CONTEXT('2D SPACE',''
  ) );
#3469 = PCURVE('',#2548,#3470);
#3470 = DEFINITIONAL_REPRESENTATION('',(#3471),#3475);
#3471 = LINE('',#3472,#3473);
#3472 = CARTESIAN_POINT('',(-2.024141505672,7.263687292399));
#3473 = VECTOR('',#3474,1.);
#3474 = DIRECTION('',(0.287347885566,0.957826285221));
#3475 = ( GEOMETRIC_REPRESENTATION_CONTEXT(2) 
PARAMETRIC_REPRESENTATION_CONTEXT() REPRESENTATION_CONTEXT('2D SPACE',''
  ) );
#3476 = ORIENTED_EDGE('',*,*,#3477,.F.);
#3477 = EDGE_CURVE('',#3478,#3455,#3480,.T.);
#3478 = VERTEX_POINT('',#3479);
#3479 = CARTESIAN_POINT('',(35.849372384937,25.456066945607,0.));
#3480 = SURFACE_CURVE('',#3481,(#3485,#3492),.PCURVE_S1.);
#3481 = LINE('',#3482,#3483);
#3482 = CARTESIAN_POINT('',(35.849372384937,25.456066945607,0.));
#3483 = VECTOR('',#3484,1.);
#3484 = DIRECTION('',(0.,0.,1.));
#3485 = PCURVE('',#3417,#3486);
#3486 = DEFINITIONAL_REPRESENTATION('',(#3487),#3491);
#3487 = LINE('',#3488,#3489);
#3488 = CARTESIAN_POINT('',(2.358897704942,0.));
#3489 = VECTOR('',#3490,1.);
#3490 = DIRECTION('',(0.,-1.));
#3491 = ( GEOMETRIC_REPRESENTATION_CONTEXT(2) 
PARAMETRIC_REPRESENTATION_CONTEXT() REPRESENTATION_CONTEXT('2D SPACE',''
  ) );
#3492 = PCURVE('',#3493,#3498);
#3493 = PLANE('',#3494);
#3494 = AXIS2_PLACEMENT_3D('',#3495,#3496,#3497);
#3495 = CARTESIAN_POINT('',(35.849372384937,25.456066945607,0.));
#3496 = DIRECTION('',(-0.707106781187,0.707106781187,0.));
#3497 = DIRECTION('',(0.707106781187,0.707106781187,0.));
#3498 = DEFINITIONAL_REPRESENTATION('',(#3499),#3503);
#3499 = LINE('',#3500,#3501);
#3500 = CARTESIAN_POINT('',(0.,0.));
#3501 = VECTOR('',#3502,1.);
#3502 = DIRECTION('',(0.,-1.));
#3503 = ( GEOMETRIC_REPRESENTATION_CONTEXT(2) 
PARAMETRIC_REPRESENTATION_CONTEXT() REPRESENTATION_CONTEXT('2D SPACE',''
  ) );
#3504 = ORIENTED_EDGE('',*,*,#3505,.F.);
#3505 = EDGE_CURVE('',#3402,#3478,#3506,.T.);
#3506 = SURFACE_CURVE('',#3507,(#3511,#3518),.PCURVE_S1.);
#3507 = LINE('',#3508,#3509);
#3508 = CARTESIAN_POINT('',(35.171548117155,23.196652719665,0.));
#3509 = VECTOR('',#3510,1.);
#3510 = DIRECTION('',(0.287347885566,0.957826285221,0.));
#3511 = PCURVE('',#3417,#3512);
#3512 = DEFINITIONAL_REPRESENTATION('',(#3513),#3517);
#3513 = LINE('',#3514,#3515);
#3514 = CARTESIAN_POINT('',(0.,0.));
#3515 = VECTOR('',#3516,1.);
#3516 = DIRECTION('',(1.,0.));
#3517 = ( GEOMETRIC_REPRESENTATION_CONTEXT(2) 
PARAMETRIC_REPRESENTATION_CONTEXT() REPRESENTATION_CONTEXT('2D SPACE',''
  ) );
#3518 = PCURVE('',#2602,#3519);
#3519 = DEFINITIONAL_REPRESENTATION('',(#3520),#3524);
#3520 = LINE('',#3521,#3522);
#3521 = CARTESIAN_POINT('',(-2.024141505672,7.263687292399));
#3522 = VECTOR('',#3523,1.);
#3523 = DIRECTION('',(0.287347885566,0.957826285221));
#3524 = ( GEOMETRIC_REPRESENTATION_CONTEXT(2) 
PARAMETRIC_REPRESENTATION_CONTEXT() REPRESENTATION_CONTEXT('2D SPACE',''
  ) );
#3525 = ADVANCED_FACE('',(#3526),#3493,.F.);
#3526 = FACE_BOUND('',#3527,.F.);
#3527 = EDGE_LOOP('',(#3528,#3529,#3552,#3580));
#3528 = ORIENTED_EDGE('',*,*,#3477,.T.);
#3529 = ORIENTED_EDGE('',*,*,#3530,.T.);
#3530 = EDGE_CURVE('',#3455,#3531,#3533,.T.);
#3531 = VERTEX_POINT('',#3532);
#3532 = CARTESIAN_POINT('',(36.602510460251,26.209205020921,3.));
#3533 = SURFACE_CURVE('',#3534,(#3538,#3545),.PCURVE_S1.);
#3534 = LINE('',#3535,#3536);
#3535 = CARTESIAN_POINT('',(35.849372384937,25.456066945607,3.));
#3536 = VECTOR('',#3537,1.);
#3537 = DIRECTION('',(0.707106781187,0.707106781187,0.));
#3538 = PCURVE('',#3493,#3539);
#3539 = DEFINITIONAL_REPRESENTATION('',(#3540),#3544);
#3540 = LINE('',#3541,#3542);
#3541 = CARTESIAN_POINT('',(0.,-3.));
#3542 = VECTOR('',#3543,1.);
#3543 = DIRECTION('',(1.,0.));
#3544 = ( GEOMETRIC_REPRESENTATION_CONTEXT(2) 
PARAMETRIC_REPRESENTATION_CONTEXT() REPRESENTATION_CONTEXT('2D SPACE',''
  ) );
#3545 = PCURVE('',#2548,#3546);
#3546 = DEFINITIONAL_REPRESENTATION('',(#3547),#3551);
#3547 = LINE('',#3548,#3549);
#3548 = CARTESIAN_POINT('',(-1.346317237889,9.52310151834));
#3549 = VECTOR('',#3550,1.);
#3550 = DIRECTION('',(0.707106781187,0.707106781187));
#3551 = ( GEOMETRIC_REPRESENTATION_CONTEXT(2) 
PARAMETRIC_REPRESENTATION_CONTEXT() REPRESENTATION_CONTEXT('2D SPACE',''
  ) );
#3552 = ORIENTED_EDGE('',*,*,#3553,.F.);
#3553 = EDGE_CURVE('',#3554,#3531,#3556,.T.);
#3554 = VERTEX_POINT('',#3555);
#3555 = CARTESIAN_POINT('',(36.602510460251,26.209205020921,0.));
#3556 = SURFACE_CURVE('',#3557,(#3561,#3568),.PCURVE_S1.);
#3557 = LINE('',#3558,#3559);
#3558 = CARTESIAN_POINT('',(36.602510460251,26.209205020921,0.));
#3559 = VECTOR('',#3560,1.);
#3560 = DIRECTION('',(0.,0.,1.));
#3561 = PCURVE('',#3493,#3562);
#3562 = DEFINITIONAL_REPRESENTATION('',(#3563),#3567);
#3563 = LINE('',#3564,#3565);
#3564 = CARTESIAN_POINT('',(1.065098080448,0.));
#3565 = VECTOR('',#3566,1.);
#3566 = DIRECTION('',(0.,-1.));
#3567 = ( GEOMETRIC_REPRESENTATION_CONTEXT(2) 
PARAMETRIC_REPRESENTATION_CONTEXT() REPRESENTATION_CONTEXT('2D SPACE',''
  ) );
#3568 = PCURVE('',#3569,#3574);
#3569 = PLANE('',#3570);
#3570 = AXIS2_PLACEMENT_3D('',#3571,#3572,#3573);
#3571 = CARTESIAN_POINT('',(36.602510460251,26.209205020921,0.));
#3572 = DIRECTION('',(0.124034734589,0.992277876714,-0.));
#3573 = DIRECTION('',(0.992277876714,-0.124034734589,0.));
#3574 = DEFINITIONAL_REPRESENTATION('',(#3575),#3579);
#3575 = LINE('',#3576,#3577);
#3576 = CARTESIAN_POINT('',(0.,0.));
#3577 = VECTOR('',#3578,1.);
#3578 = DIRECTION('',(0.,-1.));
#3579 = ( GEOMETRIC_REPRESENTATION_CONTEXT(2) 
PARAMETRIC_REPRESENTATION_CONTEXT() REPRESENTATION_CONTEXT('2D SPACE',''
  ) );
#3580 = ORIENTED_EDGE('',*,*,#3581,.F.);
#3581 = EDGE_CURVE('',#3478,#3554,#3582,.T.);
#3582 = SURFACE_CURVE('',#3583,(#3587,#3594),.PCURVE_S1.);
#3583 = LINE('',#3584,#3585);
#3584 = CARTESIAN_POINT('',(35.849372384937,25.456066945607,0.));
#3585 = VECTOR('',#3586,1.);
#3586 = DIRECTION('',(0.707106781187,0.707106781187,0.));
#3587 = PCURVE('',#3493,#3588);
#3588 = DEFINITIONAL_REPRESENTATION('',(#3589),#3593);
#3589 = LINE('',#3590,#3591);
#3590 = CARTESIAN_POINT('',(0.,0.));
#3591 = VECTOR('',#3592,1.);
#3592 = DIRECTION('',(1.,0.));
#3593 = ( GEOMETRIC_REPRESENTATION_CONTEXT(2) 
PARAMETRIC_REPRESENTATION_CONTEXT() REPRESENTATION_CONTEXT('2D SPACE',''
  ) );
#3594 = PCURVE('',#2602,#3595);
#3595 = DEFINITIONAL_REPRESENTATION('',(#3596),#3600);
#3596 = LINE('',#3597,#3598);
#3597 = CARTESIAN_POINT('',(-1.346317237889,9.52310151834));
#3598 = VECTOR('',#3599,1.);
#3599 = DIRECTION('',(0.707106781187,0.707106781187));
#3600 = ( GEOMETRIC_REPRESENTATION_CONTEXT(2) 
PARAMETRIC_REPRESENTATION_CONTEXT() REPRESENTATION_CONTEXT('2D SPACE',''
  ) );
#3601 = ADVANCED_FACE('',(#3602),#3569,.F.);
#3602 = FACE_BOUND('',#3603,.F.);
#3603 = EDGE_LOOP('',(#3604,#3605,#3628,#3656));
#3604 = ORIENTED_EDGE('',*,*,#3553,.T.);
#3605 = ORIENTED_EDGE('',*,*,#3606,.T.);
#3606 = EDGE_CURVE('',#3531,#3607,#3609,.T.);
#3607 = VERTEX_POINT('',#3608);
#3608 = CARTESIAN_POINT('',(38.410041841004,25.983263598326,3.));
#3609 = SURFACE_CURVE('',#3610,(#3614,#3621),.PCURVE_S1.);
#3610 = LINE('',#3611,#3612);
#3611 = CARTESIAN_POINT('',(36.602510460251,26.209205020921,3.));
#3612 = VECTOR('',#3613,1.);
#3613 = DIRECTION('',(0.992277876714,-0.124034734589,0.));
#3614 = PCURVE('',#3569,#3615);
#3615 = DEFINITIONAL_REPRESENTATION('',(#3616),#3620);
#3616 = LINE('',#3617,#3618);
#3617 = CARTESIAN_POINT('',(0.,-3.));
#3618 = VECTOR('',#3619,1.);
#3619 = DIRECTION('',(1.,0.));
#3620 = ( GEOMETRIC_REPRESENTATION_CONTEXT(2) 
PARAMETRIC_REPRESENTATION_CONTEXT() REPRESENTATION_CONTEXT('2D SPACE',''
  ) );
#3621 = PCURVE('',#2548,#3622);
#3622 = DEFINITIONAL_REPRESENTATION('',(#3623),#3627);
#3623 = LINE('',#3624,#3625);
#3624 = CARTESIAN_POINT('',(-0.593179162575,10.276239593654));
#3625 = VECTOR('',#3626,1.);
#3626 = DIRECTION('',(0.992277876714,-0.124034734589));
#3627 = ( GEOMETRIC_REPRESENTATION_CONTEXT(2) 
PARAMETRIC_REPRESENTATION_CONTEXT() REPRESENTATION_CONTEXT('2D SPACE',''
  ) );
#3628 = ORIENTED_EDGE('',*,*,#3629,.F.);
#3629 = EDGE_CURVE('',#3630,#3607,#3632,.T.);
#3630 = VERTEX_POINT('',#3631);
#3631 = CARTESIAN_POINT('',(38.410041841004,25.983263598326,0.));
#3632 = SURFACE_CURVE('',#3633,(#3637,#3644),.PCURVE_S1.);
#3633 = LINE('',#3634,#3635);
#3634 = CARTESIAN_POINT('',(38.410041841004,25.983263598326,0.));
#3635 = VECTOR('',#3636,1.);
#3636 = DIRECTION('',(0.,0.,1.));
#3637 = PCURVE('',#3569,#3638);
#3638 = DEFINITIONAL_REPRESENTATION('',(#3639),#3643);
#3639 = LINE('',#3640,#3641);
#3640 = CARTESIAN_POINT('',(1.821597984971,0.));
#3641 = VECTOR('',#3642,1.);
#3642 = DIRECTION('',(0.,-1.));
#3643 = ( GEOMETRIC_REPRESENTATION_CONTEXT(2) 
PARAMETRIC_REPRESENTATION_CONTEXT() REPRESENTATION_CONTEXT('2D SPACE',''
  ) );
#3644 = PCURVE('',#3645,#3650);
#3645 = PLANE('',#3646);
#3646 = AXIS2_PLACEMENT_3D('',#3647,#3648,#3649);
#3647 = CARTESIAN_POINT('',(38.410041841004,25.983263598326,0.));
#3648 = DIRECTION('',(0.832050294338,0.554700196225,-0.));
#3649 = DIRECTION('',(0.554700196225,-0.832050294338,0.));
#3650 = DEFINITIONAL_REPRESENTATION('',(#3651),#3655);
#3651 = LINE('',#3652,#3653);
#3652 = CARTESIAN_POINT('',(0.,0.));
#3653 = VECTOR('',#3654,1.);
#3654 = DIRECTION('',(0.,-1.));
#3655 = ( GEOMETRIC_REPRESENTATION_CONTEXT(2) 
PARAMETRIC_REPRESENTATION_CONTEXT() REPRESENTATION_CONTEXT('2D SPACE',''
  ) );
#3656 = ORIENTED_EDGE('',*,*,#3657,.F.);
#3657 = EDGE_CURVE('',#3554,#3630,#3658,.T.);
#3658 = SURFACE_CURVE('',#3659,(#3663,#3670),.PCURVE_S1.);
#3659 = LINE('',#3660,#3661);
#3660 = CARTESIAN_POINT('',(36.602510460251,26.209205020921,0.));
#3661 = VECTOR('',#3662,1.);
#3662 = DIRECTION('',(0.992277876714,-0.124034734589,0.));
#3663 = PCURVE('',#3569,#3664);
#3664 = DEFINITIONAL_REPRESENTATION('',(#3665),#3669);
#3665 = LINE('',#3666,#3667);
#3666 = CARTESIAN_POINT('',(0.,0.));
#3667 = VECTOR('',#3668,1.);
#3668 = DIRECTION('',(1.,0.));
#3669 = ( GEOMETRIC_REPRESENTATION_CONTEXT(2) 
PARAMETRIC_REPRESENTATION_CONTEXT() REPRESENTATION_CONTEXT('2D SPACE',''
  ) );
#3670 = PCURVE('',#2602,#3671);
#3671 = DEFINITIONAL_REPRESENTATION('',(#3672),#3676);
#3672 = LINE('',#3673,#3674);
#3673 = CARTESIAN_POINT('',(-0.593179162575,10.276239593654));
#3674 = VECTOR('',#3675,1.);
#3675 = DIRECTION('',(0.992277876714,-0.124034734589));
#3676 = ( GEOMETRIC_REPRESENTATION_CONTEXT(2) 
PARAMETRIC_REPRESENTATION_CONTEXT() REPRESENTATION_CONTEXT('2D SPACE',''
  ) );
#3677 = ADVANCED_FACE('',(#3678),#3645,.F.);
#3678 = FACE_BOUND('',#3679,.F.);
#3679 = EDGE_LOOP('',(#3680,#3681,#3704,#3732));
#3680 = ORIENTED_EDGE('',*,*,#3629,.T.);
#3681 = ORIENTED_EDGE('',*,*,#3682,.T.);
#3682 = EDGE_CURVE('',#3607,#3683,#3685,.T.);
#3683 = VERTEX_POINT('',#3684);
#3684 = CARTESIAN_POINT('',(39.464435146444,24.401673640167,3.));
#3685 = SURFACE_CURVE('',#3686,(#3690,#3697),.PCURVE_S1.);
#3686 = LINE('',#3687,#3688);
#3687 = CARTESIAN_POINT('',(38.410041841004,25.983263598326,3.));
#3688 = VECTOR('',#3689,1.);
#3689 = DIRECTION('',(0.554700196225,-0.832050294338,0.));
#3690 = PCURVE('',#3645,#3691);
#3691 = DEFINITIONAL_REPRESENTATION('',(#3692),#3696);
#3692 = LINE('',#3693,#3694);
#3693 = CARTESIAN_POINT('',(0.,-3.));
#3694 = VECTOR('',#3695,1.);
#3695 = DIRECTION('',(1.,0.));
#3696 = ( GEOMETRIC_REPRESENTATION_CONTEXT(2) 
PARAMETRIC_REPRESENTATION_CONTEXT() REPRESENTATION_CONTEXT('2D SPACE',''
  ) );
#3697 = PCURVE('',#2548,#3698);
#3698 = DEFINITIONAL_REPRESENTATION('',(#3699),#3703);
#3699 = LINE('',#3700,#3701);
#3700 = CARTESIAN_POINT('',(1.214352218178,10.05029817106));
#3701 = VECTOR('',#3702,1.);
#3702 = DIRECTION('',(0.554700196225,-0.832050294338));
#3703 = ( GEOMETRIC_REPRESENTATION_CONTEXT(2) 
PARAMETRIC_REPRESENTATION_CONTEXT() REPRESENTATION_CONTEXT('2D SPACE',''
  ) );
#3704 = ORIENTED_EDGE('',*,*,#3705,.F.);
#3705 = EDGE_CURVE('',#3706,#3683,#3708,.T.);
#3706 = VERTEX_POINT('',#3707);
#3707 = CARTESIAN_POINT('',(39.464435146444,24.401673640167,0.));
#3708 = SURFACE_CURVE('',#3709,(#3713,#3720),.PCURVE_S1.);
#3709 = LINE('',#3710,#3711);
#3710 = CARTESIAN_POINT('',(39.464435146444,24.401673640167,0.));
#3711 = VECTOR('',#3712,1.);
#3712 = DIRECTION('',(0.,0.,1.));
#3713 = PCURVE('',#3645,#3714);
#3714 = DEFINITIONAL_REPRESENTATION('',(#3715),#3719);
#3715 = LINE('',#3716,#3717);
#3716 = CARTESIAN_POINT('',(1.900834563634,0.));
#3717 = VECTOR('',#3718,1.);
#3718 = DIRECTION('',(0.,-1.));
#3719 = ( GEOMETRIC_REPRESENTATION_CONTEXT(2) 
PARAMETRIC_REPRESENTATION_CONTEXT() REPRESENTATION_CONTEXT('2D SPACE',''
  ) );
#3720 = PCURVE('',#3721,#3726);
#3721 = PLANE('',#3722);
#3722 = AXIS2_PLACEMENT_3D('',#3723,#3724,#3725);
#3723 = CARTESIAN_POINT('',(39.464435146444,24.401673640167,0.));
#3724 = DIRECTION('',(0.96351790963,-0.267643863786,0.));
#3725 = DIRECTION('',(-0.267643863786,-0.96351790963,0.));
#3726 = DEFINITIONAL_REPRESENTATION('',(#3727),#3731);
#3727 = LINE('',#3728,#3729);
#3728 = CARTESIAN_POINT('',(0.,0.));
#3729 = VECTOR('',#3730,1.);
#3730 = DIRECTION('',(0.,-1.));
#3731 = ( GEOMETRIC_REPRESENTATION_CONTEXT(2) 
PARAMETRIC_REPRESENTATION_CONTEXT() REPRESENTATION_CONTEXT('2D SPACE',''
  ) );
#3732 = ORIENTED_EDGE('',*,*,#3733,.F.);
#3733 = EDGE_CURVE('',#3630,#3706,#3734,.T.);
#3734 = SURFACE_CURVE('',#3735,(#3739,#3746),.PCURVE_S1.);
#3735 = LINE('',#3736,#3737);
#3736 = CARTESIAN_POINT('',(38.410041841004,25.983263598326,0.));
#3737 = VECTOR('',#3738,1.);
#3738 = DIRECTION('',(0.554700196225,-0.832050294338,0.));
#3739 = PCURVE('',#3645,#3740);
#3740 = DEFINITIONAL_REPRESENTATION('',(#3741),#3745);
#3741 = LINE('',#3742,#3743);
#3742 = CARTESIAN_POINT('',(0.,0.));
#3743 = VECTOR('',#3744,1.);
#3744 = DIRECTION('',(1.,0.));
#3745 = ( GEOMETRIC_REPRESENTATION_CONTEXT(2) 
PARAMETRIC_REPRESENTATION_CONTEXT() REPRESENTATION_CONTEXT('2D SPACE',''
  ) );
#3746 = PCURVE('',#2602,#3747);
#3747 = DEFINITIONAL_REPRESENTATION('',(#3748),#3752);
#3748 = LINE('',#3749,#3750);
#3749 = CARTESIAN_POINT('',(1.214352218178,10.05029817106));
#3750 = VECTOR('',#3751,1.);
#3751 = DIRECTION('',(0.554700196225,-0.832050294338));
#3752 = ( GEOMETRIC_REPRESENTATION_CONTEXT(2) 
PARAMETRIC_REPRESENTATION_CONTEXT() REPRESENTATION_CONTEXT('2D SPACE',''
  ) );
#3753 = ADVANCED_FACE('',(#3754),#3721,.F.);
#3754 = FACE_BOUND('',#3755,.F.);
#3755 = EDGE_LOOP('',(#3756,#3757,#3780,#3808));
#3756 = ORIENTED_EDGE('',*,*,#3705,.T.);
#3757 = ORIENTED_EDGE('',*,*,#3758,.T.);
#3758 = EDGE_CURVE('',#3683,#3759,#3761,.T.);
#3759 = VERTEX_POINT('',#3760);
#3760 = CARTESIAN_POINT('',(39.087866108787,23.046025104603,3.));
#3761 = SURFACE_CURVE('',#3762,(#3766,#3773),.PCURVE_S1.);
#3762 = LINE('',#3763,#3764);
#3763 = CARTESIAN_POINT('',(39.464435146444,24.401673640167,3.));
#3764 = VECTOR('',#3765,1.);
#3765 = DIRECTION('',(-0.267643863786,-0.96351790963,0.));
#3766 = PCURVE('',#3721,#3767);
#3767 = DEFINITIONAL_REPRESENTATION('',(#3768),#3772);
#3768 = LINE('',#3769,#3770);
#3769 = CARTESIAN_POINT('',(0.,-3.));
#3770 = VECTOR('',#3771,1.);
#3771 = DIRECTION('',(1.,0.));
#3772 = ( GEOMETRIC_REPRESENTATION_CONTEXT(2) 
PARAMETRIC_REPRESENTATION_CONTEXT() REPRESENTATION_CONTEXT('2D SPACE',''
  ) );
#3773 = PCURVE('',#2548,#3774);
#3774 = DEFINITIONAL_REPRESENTATION('',(#3775),#3779);
#3775 = LINE('',#3776,#3777);
#3776 = CARTESIAN_POINT('',(2.268745523617,8.468708212901));
#3777 = VECTOR('',#3778,1.);
#3778 = DIRECTION('',(-0.267643863786,-0.96351790963));
#3779 = ( GEOMETRIC_REPRESENTATION_CONTEXT(2) 
PARAMETRIC_REPRESENTATION_CONTEXT() REPRESENTATION_CONTEXT('2D SPACE',''
  ) );
#3780 = ORIENTED_EDGE('',*,*,#3781,.F.);
#3781 = EDGE_CURVE('',#3782,#3759,#3784,.T.);
#3782 = VERTEX_POINT('',#3783);
#3783 = CARTESIAN_POINT('',(39.087866108787,23.046025104603,0.));
#3784 = SURFACE_CURVE('',#3785,(#3789,#3796),.PCURVE_S1.);
#3785 = LINE('',#3786,#3787);
#3786 = CARTESIAN_POINT('',(39.087866108787,23.046025104603,0.));
#3787 = VECTOR('',#3788,1.);
#3788 = DIRECTION('',(0.,0.,1.));
#3789 = PCURVE('',#3721,#3790);
#3790 = DEFINITIONAL_REPRESENTATION('',(#3791),#3795);
#3791 = LINE('',#3792,#3793);
#3792 = CARTESIAN_POINT('',(1.406978035401,0.));
#3793 = VECTOR('',#3794,1.);
#3794 = DIRECTION('',(0.,-1.));
#3795 = ( GEOMETRIC_REPRESENTATION_CONTEXT(2) 
PARAMETRIC_REPRESENTATION_CONTEXT() REPRESENTATION_CONTEXT('2D SPACE',''
  ) );
#3796 = PCURVE('',#3797,#3802);
#3797 = PLANE('',#3798);
#3798 = AXIS2_PLACEMENT_3D('',#3799,#3800,#3801);
#3799 = CARTESIAN_POINT('',(39.087866108787,23.046025104603,0.));
#3800 = DIRECTION('',(0.478852130681,-0.877895572914,0.));
#3801 = DIRECTION('',(-0.877895572914,-0.478852130681,0.));
#3802 = DEFINITIONAL_REPRESENTATION('',(#3803),#3807);
#3803 = LINE('',#3804,#3805);
#3804 = CARTESIAN_POINT('',(0.,0.));
#3805 = VECTOR('',#3806,1.);
#3806 = DIRECTION('',(0.,-1.));
#3807 = ( GEOMETRIC_REPRESENTATION_CONTEXT(2) 
PARAMETRIC_REPRESENTATION_CONTEXT() REPRESENTATION_CONTEXT('2D SPACE',''
  ) );
#3808 = ORIENTED_EDGE('',*,*,#3809,.F.);
#3809 = EDGE_CURVE('',#3706,#3782,#3810,.T.);
#3810 = SURFACE_CURVE('',#3811,(#3815,#3822),.PCURVE_S1.);
#3811 = LINE('',#3812,#3813);
#3812 = CARTESIAN_POINT('',(39.464435146444,24.401673640167,0.));
#3813 = VECTOR('',#3814,1.);
#3814 = DIRECTION('',(-0.267643863786,-0.96351790963,0.));
#3815 = PCURVE('',#3721,#3816);
#3816 = DEFINITIONAL_REPRESENTATION('',(#3817),#3821);
#3817 = LINE('',#3818,#3819);
#3818 = CARTESIAN_POINT('',(0.,0.));
#3819 = VECTOR('',#3820,1.);
#3820 = DIRECTION('',(1.,0.));
#3821 = ( GEOMETRIC_REPRESENTATION_CONTEXT(2) 
PARAMETRIC_REPRESENTATION_CONTEXT() REPRESENTATION_CONTEXT('2D SPACE',''
  ) );
#3822 = PCURVE('',#2602,#3823);
#3823 = DEFINITIONAL_REPRESENTATION('',(#3824),#3828);
#3824 = LINE('',#3825,#3826);
#3825 = CARTESIAN_POINT('',(2.268745523617,8.468708212901));
#3826 = VECTOR('',#3827,1.);
#3827 = DIRECTION('',(-0.267643863786,-0.96351790963));
#3828 = ( GEOMETRIC_REPRESENTATION_CONTEXT(2) 
PARAMETRIC_REPRESENTATION_CONTEXT() REPRESENTATION_CONTEXT('2D SPACE',''
  ) );
#3829 = ADVANCED_FACE('',(#3830),#3797,.F.);
#3830 = FACE_BOUND('',#3831,.F.);
#3831 = EDGE_LOOP('',(#3832,#3833,#3856,#3884));
#3832 = ORIENTED_EDGE('',*,*,#3781,.T.);
#3833 = ORIENTED_EDGE('',*,*,#3834,.T.);
#3834 = EDGE_CURVE('',#3759,#3835,#3837,.T.);
#3835 = VERTEX_POINT('',#3836);
#3836 = CARTESIAN_POINT('',(37.430962343096,22.142259414226,3.));
#3837 = SURFACE_CURVE('',#3838,(#3842,#3849),.PCURVE_S1.);
#3838 = LINE('',#3839,#3840);
#3839 = CARTESIAN_POINT('',(39.087866108787,23.046025104603,3.));
#3840 = VECTOR('',#3841,1.);
#3841 = DIRECTION('',(-0.877895572914,-0.478852130681,0.));
#3842 = PCURVE('',#3797,#3843);
#3843 = DEFINITIONAL_REPRESENTATION('',(#3844),#3848);
#3844 = LINE('',#3845,#3846);
#3845 = CARTESIAN_POINT('',(0.,-3.));
#3846 = VECTOR('',#3847,1.);
#3847 = DIRECTION('',(1.,0.));
#3848 = ( GEOMETRIC_REPRESENTATION_CONTEXT(2) 
PARAMETRIC_REPRESENTATION_CONTEXT() REPRESENTATION_CONTEXT('2D SPACE',''
  ) );
#3849 = PCURVE('',#2548,#3850);
#3850 = DEFINITIONAL_REPRESENTATION('',(#3851),#3855);
#3851 = LINE('',#3852,#3853);
#3852 = CARTESIAN_POINT('',(1.89217648596,7.113059677336));
#3853 = VECTOR('',#3854,1.);
#3854 = DIRECTION('',(-0.877895572914,-0.478852130681));
#3855 = ( GEOMETRIC_REPRESENTATION_CONTEXT(2) 
PARAMETRIC_REPRESENTATION_CONTEXT() REPRESENTATION_CONTEXT('2D SPACE',''
  ) );
#3856 = ORIENTED_EDGE('',*,*,#3857,.F.);
#3857 = EDGE_CURVE('',#3858,#3835,#3860,.T.);
#3858 = VERTEX_POINT('',#3859);
#3859 = CARTESIAN_POINT('',(37.430962343096,22.142259414226,0.));
#3860 = SURFACE_CURVE('',#3861,(#3865,#3872),.PCURVE_S1.);
#3861 = LINE('',#3862,#3863);
#3862 = CARTESIAN_POINT('',(37.430962343096,22.142259414226,0.));
#3863 = VECTOR('',#3864,1.);
#3864 = DIRECTION('',(0.,0.,1.));
#3865 = PCURVE('',#3797,#3866);
#3866 = DEFINITIONAL_REPRESENTATION('',(#3867),#3871);
#3867 = LINE('',#3868,#3869);
#3868 = CARTESIAN_POINT('',(1.887358607118,0.));
#3869 = VECTOR('',#3870,1.);
#3870 = DIRECTION('',(0.,-1.));
#3871 = ( GEOMETRIC_REPRESENTATION_CONTEXT(2) 
PARAMETRIC_REPRESENTATION_CONTEXT() REPRESENTATION_CONTEXT('2D SPACE',''
  ) );
#3872 = PCURVE('',#3873,#3878);
#3873 = PLANE('',#3874);
#3874 = AXIS2_PLACEMENT_3D('',#3875,#3876,#3877);
#3875 = CARTESIAN_POINT('',(37.430962343096,22.142259414226,0.));
#3876 = DIRECTION('',(0.894427191,-0.4472135955,0.));
#3877 = DIRECTION('',(-0.4472135955,-0.894427191,0.));
#3878 = DEFINITIONAL_REPRESENTATION('',(#3879),#3883);
#3879 = LINE('',#3880,#3881);
#3880 = CARTESIAN_POINT('',(0.,0.));
#3881 = VECTOR('',#3882,1.);
#3882 = DIRECTION('',(0.,-1.));
#3883 = ( GEOMETRIC_REPRESENTATION_CONTEXT(2) 
PARAMETRIC_REPRESENTATION_CONTEXT() REPRESENTATION_CONTEXT('2D SPACE',''
  ) );
#3884 = ORIENTED_EDGE('',*,*,#3885,.F.);
#3885 = EDGE_CURVE('',#3782,#3858,#3886,.T.);
#3886 = SURFACE_CURVE('',#3887,(#3891,#3898),.PCURVE_S1.);
#3887 = LINE('',#3888,#3889);
#3888 = CARTESIAN_POINT('',(39.087866108787,23.046025104603,0.));
#3889 = VECTOR('',#3890,1.);
#3890 = DIRECTION('',(-0.877895572914,-0.478852130681,0.));
#3891 = PCURVE('',#3797,#3892);
#3892 = DEFINITIONAL_REPRESENTATION('',(#3893),#3897);
#3893 = LINE('',#3894,#3895);
#3894 = CARTESIAN_POINT('',(0.,0.));
#3895 = VECTOR('',#3896,1.);
#3896 = DIRECTION('',(1.,0.));
#3897 = ( GEOMETRIC_REPRESENTATION_CONTEXT(2) 
PARAMETRIC_REPRESENTATION_CONTEXT() REPRESENTATION_CONTEXT('2D SPACE',''
  ) );
#3898 = PCURVE('',#2602,#3899);
#3899 = DEFINITIONAL_REPRESENTATION('',(#3900),#3904);
#3900 = LINE('',#3901,#3902);
#3901 = CARTESIAN_POINT('',(1.89217648596,7.113059677336));
#3902 = VECTOR('',#3903,1.);
#3903 = DIRECTION('',(-0.877895572914,-0.478852130681));
#3904 = ( GEOMETRIC_REPRESENTATION_CONTEXT(2) 
PARAMETRIC_REPRESENTATION_CONTEXT() REPRESENTATION_CONTEXT('2D SPACE',''
  ) );
#3905 = ADVANCED_FACE('',(#3906),#3873,.F.);
#3906 = FACE_BOUND('',#3907,.F.);
#3907 = EDGE_LOOP('',(#3908,#3909,#3932,#3960));
#3908 = ORIENTED_EDGE('',*,*,#3857,.T.);
#3909 = ORIENTED_EDGE('',*,*,#3910,.T.);
#3910 = EDGE_CURVE('',#3835,#3911,#3913,.T.);
#3911 = VERTEX_POINT('',#3912);
#3912 = CARTESIAN_POINT('',(37.129707112971,21.539748953975,3.));
#3913 = SURFACE_CURVE('',#3914,(#3918,#3925),.PCURVE_S1.);
#3914 = LINE('',#3915,#3916);
#3915 = CARTESIAN_POINT('',(37.430962343096,22.142259414226,3.));
#3916 = VECTOR('',#3917,1.);
#3917 = DIRECTION('',(-0.4472135955,-0.894427191,0.));
#3918 = PCURVE('',#3873,#3919);
#3919 = DEFINITIONAL_REPRESENTATION('',(#3920),#3924);
#3920 = LINE('',#3921,#3922);
#3921 = CARTESIAN_POINT('',(0.,-3.));
#3922 = VECTOR('',#3923,1.);
#3923 = DIRECTION('',(1.,0.));
#3924 = ( GEOMETRIC_REPRESENTATION_CONTEXT(2) 
PARAMETRIC_REPRESENTATION_CONTEXT() REPRESENTATION_CONTEXT('2D SPACE',''
  ) );
#3925 = PCURVE('',#2548,#3926);
#3926 = DEFINITIONAL_REPRESENTATION('',(#3927),#3931);
#3927 = LINE('',#3928,#3929);
#3928 = CARTESIAN_POINT('',(0.23527272027,6.209293986959));
#3929 = VECTOR('',#3930,1.);
#3930 = DIRECTION('',(-0.4472135955,-0.894427191));
#3931 = ( GEOMETRIC_REPRESENTATION_CONTEXT(2) 
PARAMETRIC_REPRESENTATION_CONTEXT() REPRESENTATION_CONTEXT('2D SPACE',''
  ) );
#3932 = ORIENTED_EDGE('',*,*,#3933,.F.);
#3933 = EDGE_CURVE('',#3934,#3911,#3936,.T.);
#3934 = VERTEX_POINT('',#3935);
#3935 = CARTESIAN_POINT('',(37.129707112971,21.539748953975,0.));
#3936 = SURFACE_CURVE('',#3937,(#3941,#3948),.PCURVE_S1.);
#3937 = LINE('',#3938,#3939);
#3938 = CARTESIAN_POINT('',(37.129707112971,21.539748953975,0.));
#3939 = VECTOR('',#3940,1.);
#3940 = DIRECTION('',(0.,0.,1.));
#3941 = PCURVE('',#3873,#3942);
#3942 = DEFINITIONAL_REPRESENTATION('',(#3943),#3947);
#3943 = LINE('',#3944,#3945);
#3944 = CARTESIAN_POINT('',(0.673627173138,0.));
#3945 = VECTOR('',#3946,1.);
#3946 = DIRECTION('',(0.,-1.));
#3947 = ( GEOMETRIC_REPRESENTATION_CONTEXT(2) 
PARAMETRIC_REPRESENTATION_CONTEXT() REPRESENTATION_CONTEXT('2D SPACE',''
  ) );
#3948 = PCURVE('',#3949,#3954);
#3949 = PLANE('',#3950);
#3950 = AXIS2_PLACEMENT_3D('',#3951,#3952,#3953);
#3951 = CARTESIAN_POINT('',(37.129707112971,21.539748953975,0.));
#3952 = DIRECTION('',(1.,0.,-0.));
#3953 = DIRECTION('',(0.,-1.,0.));
#3954 = DEFINITIONAL_REPRESENTATION('',(#3955),#3959);
#3955 = LINE('',#3956,#3957);
#3956 = CARTESIAN_POINT('',(0.,0.));
#3957 = VECTOR('',#3958,1.);
#3958 = DIRECTION('',(0.,-1.));
#3959 = ( GEOMETRIC_REPRESENTATION_CONTEXT(2) 
PARAMETRIC_REPRESENTATION_CONTEXT() REPRESENTATION_CONTEXT('2D SPACE',''
  ) );
#3960 = ORIENTED_EDGE('',*,*,#3961,.F.);
#3961 = EDGE_CURVE('',#3858,#3934,#3962,.T.);
#3962 = SURFACE_CURVE('',#3963,(#3967,#3974),.PCURVE_S1.);
#3963 = LINE('',#3964,#3965);
#3964 = CARTESIAN_POINT('',(37.430962343096,22.142259414226,0.));
#3965 = VECTOR('',#3966,1.);
#3966 = DIRECTION('',(-0.4472135955,-0.894427191,0.));
#3967 = PCURVE('',#3873,#3968);
#3968 = DEFINITIONAL_REPRESENTATION('',(#3969),#3973);
#3969 = LINE('',#3970,#3971);
#3970 = CARTESIAN_POINT('',(0.,0.));
#3971 = VECTOR('',#3972,1.);
#3972 = DIRECTION('',(1.,0.));
#3973 = ( GEOMETRIC_REPRESENTATION_CONTEXT(2) 
PARAMETRIC_REPRESENTATION_CONTEXT() REPRESENTATION_CONTEXT('2D SPACE',''
  ) );
#3974 = PCURVE('',#2602,#3975);
#3975 = DEFINITIONAL_REPRESENTATION('',(#3976),#3980);
#3976 = LINE('',#3977,#3978);
#3977 = CARTESIAN_POINT('',(0.23527272027,6.209293986959));
#3978 = VECTOR('',#3979,1.);
#3979 = DIRECTION('',(-0.4472135955,-0.894427191));
#3980 = ( GEOMETRIC_REPRESENTATION_CONTEXT(2) 
PARAMETRIC_REPRESENTATION_CONTEXT() REPRESENTATION_CONTEXT('2D SPACE',''
  ) );
#3981 = ADVANCED_FACE('',(#3982),#3949,.F.);
#3982 = FACE_BOUND('',#3983,.F.);
#3983 = EDGE_LOOP('',(#3984,#3985,#4008,#4036));
#3984 = ORIENTED_EDGE('',*,*,#3933,.T.);
#3985 = ORIENTED_EDGE('',*,*,#3986,.T.);
#3986 = EDGE_CURVE('',#3911,#3987,#3989,.T.);
#3987 = VERTEX_POINT('',#3988);
#3988 = CARTESIAN_POINT('',(37.129707112971,14.761506276151,3.));
#3989 = SURFACE_CURVE('',#3990,(#3994,#4001),.PCURVE_S1.);
#3990 = LINE('',#3991,#3992);
#3991 = CARTESIAN_POINT('',(37.129707112971,21.539748953975,3.));
#3992 = VECTOR('',#3993,1.);
#3993 = DIRECTION('',(0.,-1.,0.));
#3994 = PCURVE('',#3949,#3995);
#3995 = DEFINITIONAL_REPRESENTATION('',(#3996),#4000);
#3996 = LINE('',#3997,#3998);
#3997 = CARTESIAN_POINT('',(0.,-3.));
#3998 = VECTOR('',#3999,1.);
#3999 = DIRECTION('',(1.,0.));
#4000 = ( GEOMETRIC_REPRESENTATION_CONTEXT(2) 
PARAMETRIC_REPRESENTATION_CONTEXT() REPRESENTATION_CONTEXT('2D SPACE',''
  ) );
#4001 = PCURVE('',#2548,#4002);
#4002 = DEFINITIONAL_REPRESENTATION('',(#4003),#4007);
#4003 = LINE('',#4004,#4005);
#4004 = CARTESIAN_POINT('',(-6.598250985581E-02,5.606783526708));
#4005 = VECTOR('',#4006,1.);
#4006 = DIRECTION('',(0.,-1.));
#4007 = ( GEOMETRIC_REPRESENTATION_CONTEXT(2) 
PARAMETRIC_REPRESENTATION_CONTEXT() REPRESENTATION_CONTEXT('2D SPACE',''
  ) );
#4008 = ORIENTED_EDGE('',*,*,#4009,.F.);
#4009 = EDGE_CURVE('',#4010,#3987,#4012,.T.);
#4010 = VERTEX_POINT('',#4011);
#4011 = CARTESIAN_POINT('',(37.129707112971,14.761506276151,0.));
#4012 = SURFACE_CURVE('',#4013,(#4017,#4024),.PCURVE_S1.);
#4013 = LINE('',#4014,#4015);
#4014 = CARTESIAN_POINT('',(37.129707112971,14.761506276151,0.));
#4015 = VECTOR('',#4016,1.);
#4016 = DIRECTION('',(0.,0.,1.));
#4017 = PCURVE('',#3949,#4018);
#4018 = DEFINITIONAL_REPRESENTATION('',(#4019),#4023);
#4019 = LINE('',#4020,#4021);
#4020 = CARTESIAN_POINT('',(6.778242677824,0.));
#4021 = VECTOR('',#4022,1.);
#4022 = DIRECTION('',(0.,-1.));
#4023 = ( GEOMETRIC_REPRESENTATION_CONTEXT(2) 
PARAMETRIC_REPRESENTATION_CONTEXT() REPRESENTATION_CONTEXT('2D SPACE',''
  ) );
#4024 = PCURVE('',#4025,#4030);
#4025 = PLANE('',#4026);
#4026 = AXIS2_PLACEMENT_3D('',#4027,#4028,#4029);
#4027 = CARTESIAN_POINT('',(37.129707112971,14.761506276151,0.));
#4028 = DIRECTION('',(0.752576694707,0.658504607869,-0.));
#4029 = DIRECTION('',(0.658504607869,-0.752576694707,0.));
#4030 = DEFINITIONAL_REPRESENTATION('',(#4031),#4035);
#4031 = LINE('',#4032,#4033);
#4032 = CARTESIAN_POINT('',(0.,0.));
#4033 = VECTOR('',#4034,1.);
#4034 = DIRECTION('',(0.,-1.));
#4035 = ( GEOMETRIC_REPRESENTATION_CONTEXT(2) 
PARAMETRIC_REPRESENTATION_CONTEXT() REPRESENTATION_CONTEXT('2D SPACE',''
  ) );
#4036 = ORIENTED_EDGE('',*,*,#4037,.F.);
#4037 = EDGE_CURVE('',#3934,#4010,#4038,.T.);
#4038 = SURFACE_CURVE('',#4039,(#4043,#4050),.PCURVE_S1.);
#4039 = LINE('',#4040,#4041);
#4040 = CARTESIAN_POINT('',(37.129707112971,21.539748953975,0.));
#4041 = VECTOR('',#4042,1.);
#4042 = DIRECTION('',(0.,-1.,0.));
#4043 = PCURVE('',#3949,#4044);
#4044 = DEFINITIONAL_REPRESENTATION('',(#4045),#4049);
#4045 = LINE('',#4046,#4047);
#4046 = CARTESIAN_POINT('',(0.,0.));
#4047 = VECTOR('',#4048,1.);
#4048 = DIRECTION('',(1.,0.));
#4049 = ( GEOMETRIC_REPRESENTATION_CONTEXT(2) 
PARAMETRIC_REPRESENTATION_CONTEXT() REPRESENTATION_CONTEXT('2D SPACE',''
  ) );
#4050 = PCURVE('',#2602,#4051);
#4051 = DEFINITIONAL_REPRESENTATION('',(#4052),#4056);
#4052 = LINE('',#4053,#4054);
#4053 = CARTESIAN_POINT('',(-6.598250985581E-02,5.606783526708));
#4054 = VECTOR('',#4055,1.);
#4055 = DIRECTION('',(0.,-1.));
#4056 = ( GEOMETRIC_REPRESENTATION_CONTEXT(2) 
PARAMETRIC_REPRESENTATION_CONTEXT() REPRESENTATION_CONTEXT('2D SPACE',''
  ) );
#4057 = ADVANCED_FACE('',(#4058),#4025,.F.);
#4058 = FACE_BOUND('',#4059,.F.);
#4059 = EDGE_LOOP('',(#4060,#4061,#4084,#4112));
#4060 = ORIENTED_EDGE('',*,*,#4009,.T.);
#4061 = ORIENTED_EDGE('',*,*,#4062,.T.);
#4062 = EDGE_CURVE('',#3987,#4063,#4065,.T.);
#4063 = VERTEX_POINT('',#4064);
#4064 = CARTESIAN_POINT('',(37.65690376569,14.1589958159,3.));
#4065 = SURFACE_CURVE('',#4066,(#4070,#4077),.PCURVE_S1.);
#4066 = LINE('',#4067,#4068);
#4067 = CARTESIAN_POINT('',(37.129707112971,14.761506276151,3.));
#4068 = VECTOR('',#4069,1.);
#4069 = DIRECTION('',(0.658504607869,-0.752576694707,0.));
#4070 = PCURVE('',#4025,#4071);
#4071 = DEFINITIONAL_REPRESENTATION('',(#4072),#4076);
#4072 = LINE('',#4073,#4074);
#4073 = CARTESIAN_POINT('',(0.,-3.));
#4074 = VECTOR('',#4075,1.);
#4075 = DIRECTION('',(1.,0.));
#4076 = ( GEOMETRIC_REPRESENTATION_CONTEXT(2) 
PARAMETRIC_REPRESENTATION_CONTEXT() REPRESENTATION_CONTEXT('2D SPACE',''
  ) );
#4077 = PCURVE('',#2548,#4078);
#4078 = DEFINITIONAL_REPRESENTATION('',(#4079),#4083);
#4079 = LINE('',#4080,#4081);
#4080 = CARTESIAN_POINT('',(-6.598250985581E-02,-1.171459151116));
#4081 = VECTOR('',#4082,1.);
#4082 = DIRECTION('',(0.658504607869,-0.752576694707));
#4083 = ( GEOMETRIC_REPRESENTATION_CONTEXT(2) 
PARAMETRIC_REPRESENTATION_CONTEXT() REPRESENTATION_CONTEXT('2D SPACE',''
  ) );
#4084 = ORIENTED_EDGE('',*,*,#4085,.F.);
#4085 = EDGE_CURVE('',#4086,#4063,#4088,.T.);
#4086 = VERTEX_POINT('',#4087);
#4087 = CARTESIAN_POINT('',(37.65690376569,14.1589958159,0.));
#4088 = SURFACE_CURVE('',#4089,(#4093,#4100),.PCURVE_S1.);
#4089 = LINE('',#4090,#4091);
#4090 = CARTESIAN_POINT('',(37.65690376569,14.1589958159,0.));
#4091 = VECTOR('',#4092,1.);
#4092 = DIRECTION('',(0.,0.,1.));
#4093 = PCURVE('',#4025,#4094);
#4094 = DEFINITIONAL_REPRESENTATION('',(#4095),#4099);
#4095 = LINE('',#4096,#4097);
#4096 = CARTESIAN_POINT('',(0.800596755771,0.));
#4097 = VECTOR('',#4098,1.);
#4098 = DIRECTION('',(0.,-1.));
#4099 = ( GEOMETRIC_REPRESENTATION_CONTEXT(2) 
PARAMETRIC_REPRESENTATION_CONTEXT() REPRESENTATION_CONTEXT('2D SPACE',''
  ) );
#4100 = PCURVE('',#4101,#4106);
#4101 = PLANE('',#4102);
#4102 = AXIS2_PLACEMENT_3D('',#4103,#4104,#4105);
#4103 = CARTESIAN_POINT('',(37.65690376569,14.1589958159,0.));
#4104 = DIRECTION('',(0.287347885566,0.957826285221,-0.));
#4105 = DIRECTION('',(0.957826285221,-0.287347885566,0.));
#4106 = DEFINITIONAL_REPRESENTATION('',(#4107),#4111);
#4107 = LINE('',#4108,#4109);
#4108 = CARTESIAN_POINT('',(0.,0.));
#4109 = VECTOR('',#4110,1.);
#4110 = DIRECTION('',(0.,-1.));
#4111 = ( GEOMETRIC_REPRESENTATION_CONTEXT(2) 
PARAMETRIC_REPRESENTATION_CONTEXT() REPRESENTATION_CONTEXT('2D SPACE',''
  ) );
#4112 = ORIENTED_EDGE('',*,*,#4113,.F.);
#4113 = EDGE_CURVE('',#4010,#4086,#4114,.T.);
#4114 = SURFACE_CURVE('',#4115,(#4119,#4126),.PCURVE_S1.);
#4115 = LINE('',#4116,#4117);
#4116 = CARTESIAN_POINT('',(37.129707112971,14.761506276151,0.));
#4117 = VECTOR('',#4118,1.);
#4118 = DIRECTION('',(0.658504607869,-0.752576694707,0.));
#4119 = PCURVE('',#4025,#4120);
#4120 = DEFINITIONAL_REPRESENTATION('',(#4121),#4125);
#4121 = LINE('',#4122,#4123);
#4122 = CARTESIAN_POINT('',(0.,0.));
#4123 = VECTOR('',#4124,1.);
#4124 = DIRECTION('',(1.,0.));
#4125 = ( GEOMETRIC_REPRESENTATION_CONTEXT(2) 
PARAMETRIC_REPRESENTATION_CONTEXT() REPRESENTATION_CONTEXT('2D SPACE',''
  ) );
#4126 = PCURVE('',#2602,#4127);
#4127 = DEFINITIONAL_REPRESENTATION('',(#4128),#4132);
#4128 = LINE('',#4129,#4130);
#4129 = CARTESIAN_POINT('',(-6.598250985581E-02,-1.171459151116));
#4130 = VECTOR('',#4131,1.);
#4131 = DIRECTION('',(0.658504607869,-0.752576694707));
#4132 = ( GEOMETRIC_REPRESENTATION_CONTEXT(2) 
PARAMETRIC_REPRESENTATION_CONTEXT() REPRESENTATION_CONTEXT('2D SPACE',''
  ) );
#4133 = ADVANCED_FACE('',(#4134),#4101,.F.);
#4134 = FACE_BOUND('',#4135,.F.);
#4135 = EDGE_LOOP('',(#4136,#4137,#4160,#4188));
#4136 = ORIENTED_EDGE('',*,*,#4085,.T.);
#4137 = ORIENTED_EDGE('',*,*,#4138,.T.);
#4138 = EDGE_CURVE('',#4063,#4139,#4141,.T.);
#4139 = VERTEX_POINT('',#4140);
#4140 = CARTESIAN_POINT('',(39.916317991632,13.481171548117,3.));
#4141 = SURFACE_CURVE('',#4142,(#4146,#4153),.PCURVE_S1.);
#4142 = LINE('',#4143,#4144);
#4143 = CARTESIAN_POINT('',(37.65690376569,14.1589958159,3.));
#4144 = VECTOR('',#4145,1.);
#4145 = DIRECTION('',(0.957826285221,-0.287347885566,0.));
#4146 = PCURVE('',#4101,#4147);
#4147 = DEFINITIONAL_REPRESENTATION('',(#4148),#4152);
#4148 = LINE('',#4149,#4150);
#4149 = CARTESIAN_POINT('',(0.,-3.));
#4150 = VECTOR('',#4151,1.);
#4151 = DIRECTION('',(1.,0.));
#4152 = ( GEOMETRIC_REPRESENTATION_CONTEXT(2) 
PARAMETRIC_REPRESENTATION_CONTEXT() REPRESENTATION_CONTEXT('2D SPACE',''
  ) );
#4153 = PCURVE('',#2548,#4154);
#4154 = DEFINITIONAL_REPRESENTATION('',(#4155),#4159);
#4155 = LINE('',#4156,#4157);
#4156 = CARTESIAN_POINT('',(0.461214142864,-1.773969611367));
#4157 = VECTOR('',#4158,1.);
#4158 = DIRECTION('',(0.957826285221,-0.287347885566));
#4159 = ( GEOMETRIC_REPRESENTATION_CONTEXT(2) 
PARAMETRIC_REPRESENTATION_CONTEXT() REPRESENTATION_CONTEXT('2D SPACE',''
  ) );
#4160 = ORIENTED_EDGE('',*,*,#4161,.F.);
#4161 = EDGE_CURVE('',#4162,#4139,#4164,.T.);
#4162 = VERTEX_POINT('',#4163);
#4163 = CARTESIAN_POINT('',(39.916317991632,13.481171548117,0.));
#4164 = SURFACE_CURVE('',#4165,(#4169,#4176),.PCURVE_S1.);
#4165 = LINE('',#4166,#4167);
#4166 = CARTESIAN_POINT('',(39.916317991632,13.481171548117,0.));
#4167 = VECTOR('',#4168,1.);
#4168 = DIRECTION('',(0.,0.,1.));
#4169 = PCURVE('',#4101,#4170);
#4170 = DEFINITIONAL_REPRESENTATION('',(#4171),#4175);
#4171 = LINE('',#4172,#4173);
#4172 = CARTESIAN_POINT('',(2.358897704942,0.));
#4173 = VECTOR('',#4174,1.);
#4174 = DIRECTION('',(0.,-1.));
#4175 = ( GEOMETRIC_REPRESENTATION_CONTEXT(2) 
PARAMETRIC_REPRESENTATION_CONTEXT() REPRESENTATION_CONTEXT('2D SPACE',''
  ) );
#4176 = PCURVE('',#4177,#4182);
#4177 = PLANE('',#4178);
#4178 = AXIS2_PLACEMENT_3D('',#4179,#4180,#4181);
#4179 = CARTESIAN_POINT('',(39.916317991632,13.481171548117,0.));
#4180 = DIRECTION('',(0.824041924199,0.566528822887,-0.));
#4181 = DIRECTION('',(0.566528822887,-0.824041924199,0.));
#4182 = DEFINITIONAL_REPRESENTATION('',(#4183),#4187);
#4183 = LINE('',#4184,#4185);
#4184 = CARTESIAN_POINT('',(0.,0.));
#4185 = VECTOR('',#4186,1.);
#4186 = DIRECTION('',(0.,-1.));
#4187 = ( GEOMETRIC_REPRESENTATION_CONTEXT(2) 
PARAMETRIC_REPRESENTATION_CONTEXT() REPRESENTATION_CONTEXT('2D SPACE',''
  ) );
#4188 = ORIENTED_EDGE('',*,*,#4189,.F.);
#4189 = EDGE_CURVE('',#4086,#4162,#4190,.T.);
#4190 = SURFACE_CURVE('',#4191,(#4195,#4202),.PCURVE_S1.);
#4191 = LINE('',#4192,#4193);
#4192 = CARTESIAN_POINT('',(37.65690376569,14.1589958159,0.));
#4193 = VECTOR('',#4194,1.);
#4194 = DIRECTION('',(0.957826285221,-0.287347885566,0.));
#4195 = PCURVE('',#4101,#4196);
#4196 = DEFINITIONAL_REPRESENTATION('',(#4197),#4201);
#4197 = LINE('',#4198,#4199);
#4198 = CARTESIAN_POINT('',(0.,0.));
#4199 = VECTOR('',#4200,1.);
#4200 = DIRECTION('',(1.,0.));
#4201 = ( GEOMETRIC_REPRESENTATION_CONTEXT(2) 
PARAMETRIC_REPRESENTATION_CONTEXT() REPRESENTATION_CONTEXT('2D SPACE',''
  ) );
#4202 = PCURVE('',#2602,#4203);
#4203 = DEFINITIONAL_REPRESENTATION('',(#4204),#4208);
#4204 = LINE('',#4205,#4206);
#4205 = CARTESIAN_POINT('',(0.461214142864,-1.773969611367));
#4206 = VECTOR('',#4207,1.);
#4207 = DIRECTION('',(0.957826285221,-0.287347885566));
#4208 = ( GEOMETRIC_REPRESENTATION_CONTEXT(2) 
PARAMETRIC_REPRESENTATION_CONTEXT() REPRESENTATION_CONTEXT('2D SPACE',''
  ) );
#4209 = ADVANCED_FACE('',(#4210),#4177,.F.);
#4210 = FACE_BOUND('',#4211,.F.);
#4211 = EDGE_LOOP('',(#4212,#4213,#4236,#4264));
#4212 = ORIENTED_EDGE('',*,*,#4161,.T.);
#4213 = ORIENTED_EDGE('',*,*,#4214,.T.);
#4214 = EDGE_CURVE('',#4139,#4215,#4217,.T.);
#4215 = VERTEX_POINT('',#4216);
#4216 = CARTESIAN_POINT('',(40.744769874477,12.276150627615,3.));
#4217 = SURFACE_CURVE('',#4218,(#4222,#4229),.PCURVE_S1.);
#4218 = LINE('',#4219,#4220);
#4219 = CARTESIAN_POINT('',(39.916317991632,13.481171548117,3.));
#4220 = VECTOR('',#4221,1.);
#4221 = DIRECTION('',(0.566528822887,-0.824041924199,0.));
#4222 = PCURVE('',#4177,#4223);
#4223 = DEFINITIONAL_REPRESENTATION('',(#4224),#4228);
#4224 = LINE('',#4225,#4226);
#4225 = CARTESIAN_POINT('',(0.,-3.));
#4226 = VECTOR('',#4227,1.);
#4227 = DIRECTION('',(1.,0.));
#4228 = ( GEOMETRIC_REPRESENTATION_CONTEXT(2) 
PARAMETRIC_REPRESENTATION_CONTEXT() REPRESENTATION_CONTEXT('2D SPACE',''
  ) );
#4229 = PCURVE('',#2548,#4230);
#4230 = DEFINITIONAL_REPRESENTATION('',(#4231),#4235);
#4231 = LINE('',#4232,#4233);
#4232 = CARTESIAN_POINT('',(2.720628368805,-2.45179387915));
#4233 = VECTOR('',#4234,1.);
#4234 = DIRECTION('',(0.566528822887,-0.824041924199));
#4235 = ( GEOMETRIC_REPRESENTATION_CONTEXT(2) 
PARAMETRIC_REPRESENTATION_CONTEXT() REPRESENTATION_CONTEXT('2D SPACE',''
  ) );
#4236 = ORIENTED_EDGE('',*,*,#4237,.F.);
#4237 = EDGE_CURVE('',#4238,#4215,#4240,.T.);
#4238 = VERTEX_POINT('',#4239);
#4239 = CARTESIAN_POINT('',(40.744769874477,12.276150627615,0.));
#4240 = SURFACE_CURVE('',#4241,(#4245,#4252),.PCURVE_S1.);
#4241 = LINE('',#4242,#4243);
#4242 = CARTESIAN_POINT('',(40.744769874477,12.276150627615,0.));
#4243 = VECTOR('',#4244,1.);
#4244 = DIRECTION('',(0.,0.,1.));
#4245 = PCURVE('',#4177,#4246);
#4246 = DEFINITIONAL_REPRESENTATION('',(#4247),#4251);
#4247 = LINE('',#4248,#4249);
#4248 = CARTESIAN_POINT('',(1.462329628038,0.));
#4249 = VECTOR('',#4250,1.);
#4250 = DIRECTION('',(0.,-1.));
#4251 = ( GEOMETRIC_REPRESENTATION_CONTEXT(2) 
PARAMETRIC_REPRESENTATION_CONTEXT() REPRESENTATION_CONTEXT('2D SPACE',''
  ) );
#4252 = PCURVE('',#4253,#4258);
#4253 = PLANE('',#4254);
#4254 = AXIS2_PLACEMENT_3D('',#4255,#4256,#4257);
#4255 = CARTESIAN_POINT('',(40.744769874477,12.276150627615,0.));
#4256 = DIRECTION('',(0.988936352868,-0.14834045293,0.));
#4257 = DIRECTION('',(-0.14834045293,-0.988936352868,0.));
#4258 = DEFINITIONAL_REPRESENTATION('',(#4259),#4263);
#4259 = LINE('',#4260,#4261);
#4260 = CARTESIAN_POINT('',(0.,0.));
#4261 = VECTOR('',#4262,1.);
#4262 = DIRECTION('',(0.,-1.));
#4263 = ( GEOMETRIC_REPRESENTATION_CONTEXT(2) 
PARAMETRIC_REPRESENTATION_CONTEXT() REPRESENTATION_CONTEXT('2D SPACE',''
  ) );
#4264 = ORIENTED_EDGE('',*,*,#4265,.F.);
#4265 = EDGE_CURVE('',#4162,#4238,#4266,.T.);
#4266 = SURFACE_CURVE('',#4267,(#4271,#4278),.PCURVE_S1.);
#4267 = LINE('',#4268,#4269);
#4268 = CARTESIAN_POINT('',(39.916317991632,13.481171548117,0.));
#4269 = VECTOR('',#4270,1.);
#4270 = DIRECTION('',(0.566528822887,-0.824041924199,0.));
#4271 = PCURVE('',#4177,#4272);
#4272 = DEFINITIONAL_REPRESENTATION('',(#4273),#4277);
#4273 = LINE('',#4274,#4275);
#4274 = CARTESIAN_POINT('',(0.,0.));
#4275 = VECTOR('',#4276,1.);
#4276 = DIRECTION('',(1.,0.));
#4277 = ( GEOMETRIC_REPRESENTATION_CONTEXT(2) 
PARAMETRIC_REPRESENTATION_CONTEXT() REPRESENTATION_CONTEXT('2D SPACE',''
  ) );
#4278 = PCURVE('',#2602,#4279);
#4279 = DEFINITIONAL_REPRESENTATION('',(#4280),#4284);
#4280 = LINE('',#4281,#4282);
#4281 = CARTESIAN_POINT('',(2.720628368805,-2.45179387915));
#4282 = VECTOR('',#4283,1.);
#4283 = DIRECTION('',(0.566528822887,-0.824041924199));
#4284 = ( GEOMETRIC_REPRESENTATION_CONTEXT(2) 
PARAMETRIC_REPRESENTATION_CONTEXT() REPRESENTATION_CONTEXT('2D SPACE',''
  ) );
#4285 = ADVANCED_FACE('',(#4286),#4253,.F.);
#4286 = FACE_BOUND('',#4287,.F.);
#4287 = EDGE_LOOP('',(#4288,#4289,#4312,#4340));
#4288 = ORIENTED_EDGE('',*,*,#4237,.T.);
#4289 = ORIENTED_EDGE('',*,*,#4290,.T.);
#4290 = EDGE_CURVE('',#4215,#4291,#4293,.T.);
#4291 = VERTEX_POINT('',#4292);
#4292 = CARTESIAN_POINT('',(40.518828451883,10.769874476987,3.));
#4293 = SURFACE_CURVE('',#4294,(#4298,#4305),.PCURVE_S1.);
#4294 = LINE('',#4295,#4296);
#4295 = CARTESIAN_POINT('',(40.744769874477,12.276150627615,3.));
#4296 = VECTOR('',#4297,1.);
#4297 = DIRECTION('',(-0.14834045293,-0.988936352868,0.));
#4298 = PCURVE('',#4253,#4299);
#4299 = DEFINITIONAL_REPRESENTATION('',(#4300),#4304);
#4300 = LINE('',#4301,#4302);
#4301 = CARTESIAN_POINT('',(0.,-3.));
#4302 = VECTOR('',#4303,1.);
#4303 = DIRECTION('',(1.,0.));
#4304 = ( GEOMETRIC_REPRESENTATION_CONTEXT(2) 
PARAMETRIC_REPRESENTATION_CONTEXT() REPRESENTATION_CONTEXT('2D SPACE',''
  ) );
#4305 = PCURVE('',#2548,#4306);
#4306 = DEFINITIONAL_REPRESENTATION('',(#4307),#4311);
#4307 = LINE('',#4308,#4309);
#4308 = CARTESIAN_POINT('',(3.54908025165,-3.656814799652));
#4309 = VECTOR('',#4310,1.);
#4310 = DIRECTION('',(-0.14834045293,-0.988936352868));
#4311 = ( GEOMETRIC_REPRESENTATION_CONTEXT(2) 
PARAMETRIC_REPRESENTATION_CONTEXT() REPRESENTATION_CONTEXT('2D SPACE',''
  ) );
#4312 = ORIENTED_EDGE('',*,*,#4313,.F.);
#4313 = EDGE_CURVE('',#4314,#4291,#4316,.T.);
#4314 = VERTEX_POINT('',#4315);
#4315 = CARTESIAN_POINT('',(40.518828451883,10.769874476987,0.));
#4316 = SURFACE_CURVE('',#4317,(#4321,#4328),.PCURVE_S1.);
#4317 = LINE('',#4318,#4319);
#4318 = CARTESIAN_POINT('',(40.518828451883,10.769874476987,0.));
#4319 = VECTOR('',#4320,1.);
#4320 = DIRECTION('',(0.,0.,1.));
#4321 = PCURVE('',#4253,#4322);
#4322 = DEFINITIONAL_REPRESENTATION('',(#4323),#4327);
#4323 = LINE('',#4324,#4325);
#4324 = CARTESIAN_POINT('',(1.523127495777,0.));
#4325 = VECTOR('',#4326,1.);
#4326 = DIRECTION('',(0.,-1.));
#4327 = ( GEOMETRIC_REPRESENTATION_CONTEXT(2) 
PARAMETRIC_REPRESENTATION_CONTEXT() REPRESENTATION_CONTEXT('2D SPACE',''
  ) );
#4328 = PCURVE('',#4329,#4334);
#4329 = PLANE('',#4330);
#4330 = AXIS2_PLACEMENT_3D('',#4331,#4332,#4333);
#4331 = CARTESIAN_POINT('',(40.518828451883,10.769874476987,0.));
#4332 = DIRECTION('',(0.675724628517,-0.737154140201,0.));
#4333 = DIRECTION('',(-0.737154140201,-0.675724628517,0.));
#4334 = DEFINITIONAL_REPRESENTATION('',(#4335),#4339);
#4335 = LINE('',#4336,#4337);
#4336 = CARTESIAN_POINT('',(0.,0.));
#4337 = VECTOR('',#4338,1.);
#4338 = DIRECTION('',(0.,-1.));
#4339 = ( GEOMETRIC_REPRESENTATION_CONTEXT(2) 
PARAMETRIC_REPRESENTATION_CONTEXT() REPRESENTATION_CONTEXT('2D SPACE',''
  ) );
#4340 = ORIENTED_EDGE('',*,*,#4341,.F.);
#4341 = EDGE_CURVE('',#4238,#4314,#4342,.T.);
#4342 = SURFACE_CURVE('',#4343,(#4347,#4354),.PCURVE_S1.);
#4343 = LINE('',#4344,#4345);
#4344 = CARTESIAN_POINT('',(40.744769874477,12.276150627615,0.));
#4345 = VECTOR('',#4346,1.);
#4346 = DIRECTION('',(-0.14834045293,-0.988936352868,0.));
#4347 = PCURVE('',#4253,#4348);
#4348 = DEFINITIONAL_REPRESENTATION('',(#4349),#4353);
#4349 = LINE('',#4350,#4351);
#4350 = CARTESIAN_POINT('',(0.,0.));
#4351 = VECTOR('',#4352,1.);
#4352 = DIRECTION('',(1.,0.));
#4353 = ( GEOMETRIC_REPRESENTATION_CONTEXT(2) 
PARAMETRIC_REPRESENTATION_CONTEXT() REPRESENTATION_CONTEXT('2D SPACE',''
  ) );
#4354 = PCURVE('',#2602,#4355);
#4355 = DEFINITIONAL_REPRESENTATION('',(#4356),#4360);
#4356 = LINE('',#4357,#4358);
#4357 = CARTESIAN_POINT('',(3.54908025165,-3.656814799652));
#4358 = VECTOR('',#4359,1.);
#4359 = DIRECTION('',(-0.14834045293,-0.988936352868));
#4360 = ( GEOMETRIC_REPRESENTATION_CONTEXT(2) 
PARAMETRIC_REPRESENTATION_CONTEXT() REPRESENTATION_CONTEXT('2D SPACE',''
  ) );
#4361 = ADVANCED_FACE('',(#4362),#4329,.F.);
#4362 = FACE_BOUND('',#4363,.F.);
#4363 = EDGE_LOOP('',(#4364,#4365,#4388,#4416));
#4364 = ORIENTED_EDGE('',*,*,#4313,.T.);
#4365 = ORIENTED_EDGE('',*,*,#4366,.T.);
#4366 = EDGE_CURVE('',#4291,#4367,#4369,.T.);
#4367 = VERTEX_POINT('',#4368);
#4368 = CARTESIAN_POINT('',(39.615062761506,9.941422594142,3.));
#4369 = SURFACE_CURVE('',#4370,(#4374,#4381),.PCURVE_S1.);
#4370 = LINE('',#4371,#4372);
#4371 = CARTESIAN_POINT('',(40.518828451883,10.769874476987,3.));
#4372 = VECTOR('',#4373,1.);
#4373 = DIRECTION('',(-0.737154140201,-0.675724628517,0.));
#4374 = PCURVE('',#4329,#4375);
#4375 = DEFINITIONAL_REPRESENTATION('',(#4376),#4380);
#4376 = LINE('',#4377,#4378);
#4377 = CARTESIAN_POINT('',(0.,-3.));
#4378 = VECTOR('',#4379,1.);
#4379 = DIRECTION('',(1.,0.));
#4380 = ( GEOMETRIC_REPRESENTATION_CONTEXT(2) 
PARAMETRIC_REPRESENTATION_CONTEXT() REPRESENTATION_CONTEXT('2D SPACE',''
  ) );
#4381 = PCURVE('',#2548,#4382);
#4382 = DEFINITIONAL_REPRESENTATION('',(#4383),#4387);
#4383 = LINE('',#4384,#4385);
#4384 = CARTESIAN_POINT('',(3.323138829056,-5.163090950279));
#4385 = VECTOR('',#4386,1.);
#4386 = DIRECTION('',(-0.737154140201,-0.675724628517));
#4387 = ( GEOMETRIC_REPRESENTATION_CONTEXT(2) 
PARAMETRIC_REPRESENTATION_CONTEXT() REPRESENTATION_CONTEXT('2D SPACE',''
  ) );
#4388 = ORIENTED_EDGE('',*,*,#4389,.F.);
#4389 = EDGE_CURVE('',#4390,#4367,#4392,.T.);
#4390 = VERTEX_POINT('',#4391);
#4391 = CARTESIAN_POINT('',(39.615062761506,9.941422594142,0.));
#4392 = SURFACE_CURVE('',#4393,(#4397,#4404),.PCURVE_S1.);
#4393 = LINE('',#4394,#4395);
#4394 = CARTESIAN_POINT('',(39.615062761506,9.941422594142,0.));
#4395 = VECTOR('',#4396,1.);
#4396 = DIRECTION('',(0.,0.,1.));
#4397 = PCURVE('',#4329,#4398);
#4398 = DEFINITIONAL_REPRESENTATION('',(#4399),#4403);
#4399 = LINE('',#4400,#4401);
#4400 = CARTESIAN_POINT('',(1.226019961213,0.));
#4401 = VECTOR('',#4402,1.);
#4402 = DIRECTION('',(0.,-1.));
#4403 = ( GEOMETRIC_REPRESENTATION_CONTEXT(2) 
PARAMETRIC_REPRESENTATION_CONTEXT() REPRESENTATION_CONTEXT('2D SPACE',''
  ) );
#4404 = PCURVE('',#4405,#4410);
#4405 = PLANE('',#4406);
#4406 = AXIS2_PLACEMENT_3D('',#4407,#4408,#4409);
#4407 = CARTESIAN_POINT('',(39.615062761506,9.941422594142,0.));
#4408 = DIRECTION('',(0.434749065831,-0.900551636365,0.));
#4409 = DIRECTION('',(-0.900551636365,-0.434749065831,0.));
#4410 = DEFINITIONAL_REPRESENTATION('',(#4411),#4415);
#4411 = LINE('',#4412,#4413);
#4412 = CARTESIAN_POINT('',(0.,0.));
#4413 = VECTOR('',#4414,1.);
#4414 = DIRECTION('',(0.,-1.));
#4415 = ( GEOMETRIC_REPRESENTATION_CONTEXT(2) 
PARAMETRIC_REPRESENTATION_CONTEXT() REPRESENTATION_CONTEXT('2D SPACE',''
  ) );
#4416 = ORIENTED_EDGE('',*,*,#4417,.F.);
#4417 = EDGE_CURVE('',#4314,#4390,#4418,.T.);
#4418 = SURFACE_CURVE('',#4419,(#4423,#4430),.PCURVE_S1.);
#4419 = LINE('',#4420,#4421);
#4420 = CARTESIAN_POINT('',(40.518828451883,10.769874476987,0.));
#4421 = VECTOR('',#4422,1.);
#4422 = DIRECTION('',(-0.737154140201,-0.675724628517,0.));
#4423 = PCURVE('',#4329,#4424);
#4424 = DEFINITIONAL_REPRESENTATION('',(#4425),#4429);
#4425 = LINE('',#4426,#4427);
#4426 = CARTESIAN_POINT('',(0.,0.));
#4427 = VECTOR('',#4428,1.);
#4428 = DIRECTION('',(1.,0.));
#4429 = ( GEOMETRIC_REPRESENTATION_CONTEXT(2) 
PARAMETRIC_REPRESENTATION_CONTEXT() REPRESENTATION_CONTEXT('2D SPACE',''
  ) );
#4430 = PCURVE('',#2602,#4431);
#4431 = DEFINITIONAL_REPRESENTATION('',(#4432),#4436);
#4432 = LINE('',#4433,#4434);
#4433 = CARTESIAN_POINT('',(3.323138829056,-5.163090950279));
#4434 = VECTOR('',#4435,1.);
#4435 = DIRECTION('',(-0.737154140201,-0.675724628517));
#4436 = ( GEOMETRIC_REPRESENTATION_CONTEXT(2) 
PARAMETRIC_REPRESENTATION_CONTEXT() REPRESENTATION_CONTEXT('2D SPACE',''
  ) );
#4437 = ADVANCED_FACE('',(#4438),#4405,.F.);
#4438 = FACE_BOUND('',#4439,.F.);
#4439 = EDGE_LOOP('',(#4440,#4441,#4464,#4492));
#4440 = ORIENTED_EDGE('',*,*,#4389,.T.);
#4441 = ORIENTED_EDGE('',*,*,#4442,.T.);
#4442 = EDGE_CURVE('',#4367,#4443,#4445,.T.);
#4443 = VERTEX_POINT('',#4444);
#4444 = CARTESIAN_POINT('',(37.430962343096,8.887029288703,3.));
#4445 = SURFACE_CURVE('',#4446,(#4450,#4457),.PCURVE_S1.);
#4446 = LINE('',#4447,#4448);
#4447 = CARTESIAN_POINT('',(39.615062761506,9.941422594142,3.));
#4448 = VECTOR('',#4449,1.);
#4449 = DIRECTION('',(-0.900551636365,-0.434749065831,0.));
#4450 = PCURVE('',#4405,#4451);
#4451 = DEFINITIONAL_REPRESENTATION('',(#4452),#4456);
#4452 = LINE('',#4453,#4454);
#4453 = CARTESIAN_POINT('',(0.,-3.));
#4454 = VECTOR('',#4455,1.);
#4455 = DIRECTION('',(1.,0.));
#4456 = ( GEOMETRIC_REPRESENTATION_CONTEXT(2) 
PARAMETRIC_REPRESENTATION_CONTEXT() REPRESENTATION_CONTEXT('2D SPACE',''
  ) );
#4457 = PCURVE('',#2548,#4458);
#4458 = DEFINITIONAL_REPRESENTATION('',(#4459),#4463);
#4459 = LINE('',#4460,#4461);
#4460 = CARTESIAN_POINT('',(2.41937313868,-5.991542833124));
#4461 = VECTOR('',#4462,1.);
#4462 = DIRECTION('',(-0.900551636365,-0.434749065831));
#4463 = ( GEOMETRIC_REPRESENTATION_CONTEXT(2) 
PARAMETRIC_REPRESENTATION_CONTEXT() REPRESENTATION_CONTEXT('2D SPACE',''
  ) );
#4464 = ORIENTED_EDGE('',*,*,#4465,.F.);
#4465 = EDGE_CURVE('',#4466,#4443,#4468,.T.);
#4466 = VERTEX_POINT('',#4467);
#4467 = CARTESIAN_POINT('',(37.430962343096,8.887029288703,0.));
#4468 = SURFACE_CURVE('',#4469,(#4473,#4480),.PCURVE_S1.);
#4469 = LINE('',#4470,#4471);
#4470 = CARTESIAN_POINT('',(37.430962343096,8.887029288703,0.));
#4471 = VECTOR('',#4472,1.);
#4472 = DIRECTION('',(0.,0.,1.));
#4473 = PCURVE('',#4405,#4474);
#4474 = DEFINITIONAL_REPRESENTATION('',(#4475),#4479);
#4475 = LINE('',#4476,#4477);
#4476 = CARTESIAN_POINT('',(2.425291710342,0.));
#4477 = VECTOR('',#4478,1.);
#4478 = DIRECTION('',(0.,-1.));
#4479 = ( GEOMETRIC_REPRESENTATION_CONTEXT(2) 
PARAMETRIC_REPRESENTATION_CONTEXT() REPRESENTATION_CONTEXT('2D SPACE',''
  ) );
#4480 = PCURVE('',#4481,#4486);
#4481 = PLANE('',#4482);
#4482 = AXIS2_PLACEMENT_3D('',#4483,#4484,#4485);
#4483 = CARTESIAN_POINT('',(37.430962343096,8.887029288703,0.));
#4484 = DIRECTION('',(0.847998304005,-0.529998940003,0.));
#4485 = DIRECTION('',(-0.529998940003,-0.847998304005,0.));
#4486 = DEFINITIONAL_REPRESENTATION('',(#4487),#4491);
#4487 = LINE('',#4488,#4489);
#4488 = CARTESIAN_POINT('',(0.,0.));
#4489 = VECTOR('',#4490,1.);
#4490 = DIRECTION('',(0.,-1.));
#4491 = ( GEOMETRIC_REPRESENTATION_CONTEXT(2) 
PARAMETRIC_REPRESENTATION_CONTEXT() REPRESENTATION_CONTEXT('2D SPACE',''
  ) );
#4492 = ORIENTED_EDGE('',*,*,#4493,.F.);
#4493 = EDGE_CURVE('',#4390,#4466,#4494,.T.);
#4494 = SURFACE_CURVE('',#4495,(#4499,#4506),.PCURVE_S1.);
#4495 = LINE('',#4496,#4497);
#4496 = CARTESIAN_POINT('',(39.615062761506,9.941422594142,0.));
#4497 = VECTOR('',#4498,1.);
#4498 = DIRECTION('',(-0.900551636365,-0.434749065831,0.));
#4499 = PCURVE('',#4405,#4500);
#4500 = DEFINITIONAL_REPRESENTATION('',(#4501),#4505);
#4501 = LINE('',#4502,#4503);
#4502 = CARTESIAN_POINT('',(0.,0.));
#4503 = VECTOR('',#4504,1.);
#4504 = DIRECTION('',(1.,0.));
#4505 = ( GEOMETRIC_REPRESENTATION_CONTEXT(2) 
PARAMETRIC_REPRESENTATION_CONTEXT() REPRESENTATION_CONTEXT('2D SPACE',''
  ) );
#4506 = PCURVE('',#2602,#4507);
#4507 = DEFINITIONAL_REPRESENTATION('',(#4508),#4512);
#4508 = LINE('',#4509,#4510);
#4509 = CARTESIAN_POINT('',(2.41937313868,-5.991542833124));
#4510 = VECTOR('',#4511,1.);
#4511 = DIRECTION('',(-0.900551636365,-0.434749065831));
#4512 = ( GEOMETRIC_REPRESENTATION_CONTEXT(2) 
PARAMETRIC_REPRESENTATION_CONTEXT() REPRESENTATION_CONTEXT('2D SPACE',''
  ) );
#4513 = ADVANCED_FACE('',(#4514),#4481,.F.);
#4514 = FACE_BOUND('',#4515,.F.);
#4515 = EDGE_LOOP('',(#4516,#4517,#4540,#4568));
#4516 = ORIENTED_EDGE('',*,*,#4465,.T.);
#4517 = ORIENTED_EDGE('',*,*,#4518,.T.);
#4518 = EDGE_CURVE('',#4443,#4519,#4521,.T.);
#4519 = VERTEX_POINT('',#4520);
#4520 = CARTESIAN_POINT('',(37.054393305439,8.284518828452,3.));
#4521 = SURFACE_CURVE('',#4522,(#4526,#4533),.PCURVE_S1.);
#4522 = LINE('',#4523,#4524);
#4523 = CARTESIAN_POINT('',(37.430962343096,8.887029288703,3.));
#4524 = VECTOR('',#4525,1.);
#4525 = DIRECTION('',(-0.529998940003,-0.847998304005,0.));
#4526 = PCURVE('',#4481,#4527);
#4527 = DEFINITIONAL_REPRESENTATION('',(#4528),#4532);
#4528 = LINE('',#4529,#4530);
#4529 = CARTESIAN_POINT('',(0.,-3.));
#4530 = VECTOR('',#4531,1.);
#4531 = DIRECTION('',(1.,0.));
#4532 = ( GEOMETRIC_REPRESENTATION_CONTEXT(2) 
PARAMETRIC_REPRESENTATION_CONTEXT() REPRESENTATION_CONTEXT('2D SPACE',''
  ) );
#4533 = PCURVE('',#2548,#4534);
#4534 = DEFINITIONAL_REPRESENTATION('',(#4535),#4539);
#4535 = LINE('',#4536,#4537);
#4536 = CARTESIAN_POINT('',(0.23527272027,-7.045936138564));
#4537 = VECTOR('',#4538,1.);
#4538 = DIRECTION('',(-0.529998940003,-0.847998304005));
#4539 = ( GEOMETRIC_REPRESENTATION_CONTEXT(2) 
PARAMETRIC_REPRESENTATION_CONTEXT() REPRESENTATION_CONTEXT('2D SPACE',''
  ) );
#4540 = ORIENTED_EDGE('',*,*,#4541,.F.);
#4541 = EDGE_CURVE('',#4542,#4519,#4544,.T.);
#4542 = VERTEX_POINT('',#4543);
#4543 = CARTESIAN_POINT('',(37.054393305439,8.284518828452,0.));
#4544 = SURFACE_CURVE('',#4545,(#4549,#4556),.PCURVE_S1.);
#4545 = LINE('',#4546,#4547);
#4546 = CARTESIAN_POINT('',(37.054393305439,8.284518828452,0.));
#4547 = VECTOR('',#4548,1.);
#4548 = DIRECTION('',(0.,0.,1.));
#4549 = PCURVE('',#4481,#4550);
#4550 = DEFINITIONAL_REPRESENTATION('',(#4551),#4555);
#4551 = LINE('',#4552,#4553);
#4552 = CARTESIAN_POINT('',(0.710509039234,0.));
#4553 = VECTOR('',#4554,1.);
#4554 = DIRECTION('',(0.,-1.));
#4555 = ( GEOMETRIC_REPRESENTATION_CONTEXT(2) 
PARAMETRIC_REPRESENTATION_CONTEXT() REPRESENTATION_CONTEXT('2D SPACE',''
  ) );
#4556 = PCURVE('',#4557,#4562);
#4557 = PLANE('',#4558);
#4558 = AXIS2_PLACEMENT_3D('',#4559,#4560,#4561);
#4559 = CARTESIAN_POINT('',(37.054393305439,8.284518828452,0.));
#4560 = DIRECTION('',(0.999822048224,1.886456694761E-02,-0.));
#4561 = DIRECTION('',(1.886456694761E-02,-0.999822048224,0.));
#4562 = DEFINITIONAL_REPRESENTATION('',(#4563),#4567);
#4563 = LINE('',#4564,#4565);
#4564 = CARTESIAN_POINT('',(0.,0.));
#4565 = VECTOR('',#4566,1.);
#4566 = DIRECTION('',(0.,-1.));
#4567 = ( GEOMETRIC_REPRESENTATION_CONTEXT(2) 
PARAMETRIC_REPRESENTATION_CONTEXT() REPRESENTATION_CONTEXT('2D SPACE',''
  ) );
#4568 = ORIENTED_EDGE('',*,*,#4569,.F.);
#4569 = EDGE_CURVE('',#4466,#4542,#4570,.T.);
#4570 = SURFACE_CURVE('',#4571,(#4575,#4582),.PCURVE_S1.);
#4571 = LINE('',#4572,#4573);
#4572 = CARTESIAN_POINT('',(37.430962343096,8.887029288703,0.));
#4573 = VECTOR('',#4574,1.);
#4574 = DIRECTION('',(-0.529998940003,-0.847998304005,0.));
#4575 = PCURVE('',#4481,#4576);
#4576 = DEFINITIONAL_REPRESENTATION('',(#4577),#4581);
#4577 = LINE('',#4578,#4579);
#4578 = CARTESIAN_POINT('',(0.,0.));
#4579 = VECTOR('',#4580,1.);
#4580 = DIRECTION('',(1.,0.));
#4581 = ( GEOMETRIC_REPRESENTATION_CONTEXT(2) 
PARAMETRIC_REPRESENTATION_CONTEXT() REPRESENTATION_CONTEXT('2D SPACE',''
  ) );
#4582 = PCURVE('',#2602,#4583);
#4583 = DEFINITIONAL_REPRESENTATION('',(#4584),#4588);
#4584 = LINE('',#4585,#4586);
#4585 = CARTESIAN_POINT('',(0.23527272027,-7.045936138564));
#4586 = VECTOR('',#4587,1.);
#4587 = DIRECTION('',(-0.529998940003,-0.847998304005));
#4588 = ( GEOMETRIC_REPRESENTATION_CONTEXT(2) 
PARAMETRIC_REPRESENTATION_CONTEXT() REPRESENTATION_CONTEXT('2D SPACE',''
  ) );
#4589 = ADVANCED_FACE('',(#4590),#4557,.F.);
#4590 = FACE_BOUND('',#4591,.F.);
#4591 = EDGE_LOOP('',(#4592,#4593,#4616,#4644));
#4592 = ORIENTED_EDGE('',*,*,#4541,.T.);
#4593 = ORIENTED_EDGE('',*,*,#4594,.T.);
#4594 = EDGE_CURVE('',#4519,#4595,#4597,.T.);
#4595 = VERTEX_POINT('',#4596);
#4596 = CARTESIAN_POINT('',(37.205020920502,0.301255230126,3.));
#4597 = SURFACE_CURVE('',#4598,(#4602,#4609),.PCURVE_S1.);
#4598 = LINE('',#4599,#4600);
#4599 = CARTESIAN_POINT('',(37.054393305439,8.284518828452,3.));
#4600 = VECTOR('',#4601,1.);
#4601 = DIRECTION('',(1.886456694761E-02,-0.999822048224,0.));
#4602 = PCURVE('',#4557,#4603);
#4603 = DEFINITIONAL_REPRESENTATION('',(#4604),#4608);
#4604 = LINE('',#4605,#4606);
#4605 = CARTESIAN_POINT('',(0.,-3.));
#4606 = VECTOR('',#4607,1.);
#4607 = DIRECTION('',(1.,0.));
#4608 = ( GEOMETRIC_REPRESENTATION_CONTEXT(2) 
PARAMETRIC_REPRESENTATION_CONTEXT() REPRESENTATION_CONTEXT('2D SPACE',''
  ) );
#4609 = PCURVE('',#2548,#4610);
#4610 = DEFINITIONAL_REPRESENTATION('',(#4611),#4615);
#4611 = LINE('',#4612,#4613);
#4612 = CARTESIAN_POINT('',(-0.141296317387,-7.648446598815));
#4613 = VECTOR('',#4614,1.);
#4614 = DIRECTION('',(1.886456694761E-02,-0.999822048224));
#4615 = ( GEOMETRIC_REPRESENTATION_CONTEXT(2) 
PARAMETRIC_REPRESENTATION_CONTEXT() REPRESENTATION_CONTEXT('2D SPACE',''
  ) );
#4616 = ORIENTED_EDGE('',*,*,#4617,.F.);
#4617 = EDGE_CURVE('',#4618,#4595,#4620,.T.);
#4618 = VERTEX_POINT('',#4619);
#4619 = CARTESIAN_POINT('',(37.205020920502,0.301255230126,0.));
#4620 = SURFACE_CURVE('',#4621,(#4625,#4632),.PCURVE_S1.);
#4621 = LINE('',#4622,#4623);
#4622 = CARTESIAN_POINT('',(37.205020920502,0.301255230126,0.));
#4623 = VECTOR('',#4624,1.);
#4624 = DIRECTION('',(0.,0.,1.));
#4625 = PCURVE('',#4557,#4626);
#4626 = DEFINITIONAL_REPRESENTATION('',(#4627),#4631);
#4627 = LINE('',#4628,#4629);
#4628 = CARTESIAN_POINT('',(7.984684487115,0.));
#4629 = VECTOR('',#4630,1.);
#4630 = DIRECTION('',(0.,-1.));
#4631 = ( GEOMETRIC_REPRESENTATION_CONTEXT(2) 
PARAMETRIC_REPRESENTATION_CONTEXT() REPRESENTATION_CONTEXT('2D SPACE',''
  ) );
#4632 = PCURVE('',#4633,#4638);
#4633 = PLANE('',#4634);
#4634 = AXIS2_PLACEMENT_3D('',#4635,#4636,#4637);
#4635 = CARTESIAN_POINT('',(37.205020920502,0.301255230126,0.));
#4636 = DIRECTION('',(0.554700196225,0.832050294338,-0.));
#4637 = DIRECTION('',(0.832050294338,-0.554700196225,0.));
#4638 = DEFINITIONAL_REPRESENTATION('',(#4639),#4643);
#4639 = LINE('',#4640,#4641);
#4640 = CARTESIAN_POINT('',(0.,0.));
#4641 = VECTOR('',#4642,1.);
#4642 = DIRECTION('',(0.,-1.));
#4643 = ( GEOMETRIC_REPRESENTATION_CONTEXT(2) 
PARAMETRIC_REPRESENTATION_CONTEXT() REPRESENTATION_CONTEXT('2D SPACE',''
  ) );
#4644 = ORIENTED_EDGE('',*,*,#4645,.F.);
#4645 = EDGE_CURVE('',#4542,#4618,#4646,.T.);
#4646 = SURFACE_CURVE('',#4647,(#4651,#4658),.PCURVE_S1.);
#4647 = LINE('',#4648,#4649);
#4648 = CARTESIAN_POINT('',(37.054393305439,8.284518828452,0.));
#4649 = VECTOR('',#4650,1.);
#4650 = DIRECTION('',(1.886456694761E-02,-0.999822048224,0.));
#4651 = PCURVE('',#4557,#4652);
#4652 = DEFINITIONAL_REPRESENTATION('',(#4653),#4657);
#4653 = LINE('',#4654,#4655);
#4654 = CARTESIAN_POINT('',(0.,0.));
#4655 = VECTOR('',#4656,1.);
#4656 = DIRECTION('',(1.,0.));
#4657 = ( GEOMETRIC_REPRESENTATION_CONTEXT(2) 
PARAMETRIC_REPRESENTATION_CONTEXT() REPRESENTATION_CONTEXT('2D SPACE',''
  ) );
#4658 = PCURVE('',#2602,#4659);
#4659 = DEFINITIONAL_REPRESENTATION('',(#4660),#4664);
#4660 = LINE('',#4661,#4662);
#4661 = CARTESIAN_POINT('',(-0.141296317387,-7.648446598815));
#4662 = VECTOR('',#4663,1.);
#4663 = DIRECTION('',(1.886456694761E-02,-0.999822048224));
#4664 = ( GEOMETRIC_REPRESENTATION_CONTEXT(2) 
PARAMETRIC_REPRESENTATION_CONTEXT() REPRESENTATION_CONTEXT('2D SPACE',''
  ) );
#4665 = ADVANCED_FACE('',(#4666),#4633,.F.);
#4666 = FACE_BOUND('',#4667,.F.);
#4667 = EDGE_LOOP('',(#4668,#4669,#4692,#4720));
#4668 = ORIENTED_EDGE('',*,*,#4617,.T.);
#4669 = ORIENTED_EDGE('',*,*,#4670,.T.);
#4670 = EDGE_CURVE('',#4595,#4671,#4673,.T.);
#4671 = VERTEX_POINT('',#4672);
#4672 = CARTESIAN_POINT('',(37.65690376569,0.,3.));
#4673 = SURFACE_CURVE('',#4674,(#4678,#4685),.PCURVE_S1.);
#4674 = LINE('',#4675,#4676);
#4675 = CARTESIAN_POINT('',(37.205020920502,0.301255230126,3.));
#4676 = VECTOR('',#4677,1.);
#4677 = DIRECTION('',(0.832050294338,-0.554700196225,0.));
#4678 = PCURVE('',#4633,#4679);
#4679 = DEFINITIONAL_REPRESENTATION('',(#4680),#4684);
#4680 = LINE('',#4681,#4682);
#4681 = CARTESIAN_POINT('',(0.,-3.));
#4682 = VECTOR('',#4683,1.);
#4683 = DIRECTION('',(1.,0.));
#4684 = ( GEOMETRIC_REPRESENTATION_CONTEXT(2) 
PARAMETRIC_REPRESENTATION_CONTEXT() REPRESENTATION_CONTEXT('2D SPACE',''
  ) );
#4685 = PCURVE('',#2548,#4686);
#4686 = DEFINITIONAL_REPRESENTATION('',(#4687),#4691);
#4687 = LINE('',#4688,#4689);
#4688 = CARTESIAN_POINT('',(9.331297675573E-03,-15.63171019714));
#4689 = VECTOR('',#4690,1.);
#4690 = DIRECTION('',(0.832050294338,-0.554700196225));
#4691 = ( GEOMETRIC_REPRESENTATION_CONTEXT(2) 
PARAMETRIC_REPRESENTATION_CONTEXT() REPRESENTATION_CONTEXT('2D SPACE',''
  ) );
#4692 = ORIENTED_EDGE('',*,*,#4693,.F.);
#4693 = EDGE_CURVE('',#4694,#4671,#4696,.T.);
#4694 = VERTEX_POINT('',#4695);
#4695 = CARTESIAN_POINT('',(37.65690376569,0.,0.));
#4696 = SURFACE_CURVE('',#4697,(#4701,#4708),.PCURVE_S1.);
#4697 = LINE('',#4698,#4699);
#4698 = CARTESIAN_POINT('',(37.65690376569,0.,0.));
#4699 = VECTOR('',#4700,1.);
#4700 = DIRECTION('',(0.,0.,1.));
#4701 = PCURVE('',#4633,#4702);
#4702 = DEFINITIONAL_REPRESENTATION('',(#4703),#4707);
#4703 = LINE('',#4704,#4705);
#4704 = CARTESIAN_POINT('',(0.54309558961,0.));
#4705 = VECTOR('',#4706,1.);
#4706 = DIRECTION('',(0.,-1.));
#4707 = ( GEOMETRIC_REPRESENTATION_CONTEXT(2) 
PARAMETRIC_REPRESENTATION_CONTEXT() REPRESENTATION_CONTEXT('2D SPACE',''
  ) );
#4708 = PCURVE('',#4709,#4714);
#4709 = PLANE('',#4710);
#4710 = AXIS2_PLACEMENT_3D('',#4711,#4712,#4713);
#4711 = CARTESIAN_POINT('',(37.65690376569,0.,0.));
#4712 = DIRECTION('',(0.,1.,0.));
#4713 = DIRECTION('',(1.,0.,0.));
#4714 = DEFINITIONAL_REPRESENTATION('',(#4715),#4719);
#4715 = LINE('',#4716,#4717);
#4716 = CARTESIAN_POINT('',(0.,0.));
#4717 = VECTOR('',#4718,1.);
#4718 = DIRECTION('',(0.,-1.));
#4719 = ( GEOMETRIC_REPRESENTATION_CONTEXT(2) 
PARAMETRIC_REPRESENTATION_CONTEXT() REPRESENTATION_CONTEXT('2D SPACE',''
  ) );
#4720 = ORIENTED_EDGE('',*,*,#4721,.F.);
#4721 = EDGE_CURVE('',#4618,#4694,#4722,.T.);
#4722 = SURFACE_CURVE('',#4723,(#4727,#4734),.PCURVE_S1.);
#4723 = LINE('',#4724,#4725);
#4724 = CARTESIAN_POINT('',(37.205020920502,0.301255230126,0.));
#4725 = VECTOR('',#4726,1.);
#4726 = DIRECTION('',(0.832050294338,-0.554700196225,0.));
#4727 = PCURVE('',#4633,#4728);
#4728 = DEFINITIONAL_REPRESENTATION('',(#4729),#4733);
#4729 = LINE('',#4730,#4731);
#4730 = CARTESIAN_POINT('',(0.,0.));
#4731 = VECTOR('',#4732,1.);
#4732 = DIRECTION('',(1.,0.));
#4733 = ( GEOMETRIC_REPRESENTATION_CONTEXT(2) 
PARAMETRIC_REPRESENTATION_CONTEXT() REPRESENTATION_CONTEXT('2D SPACE',''
  ) );
#4734 = PCURVE('',#2602,#4735);
#4735 = DEFINITIONAL_REPRESENTATION('',(#4736),#4740);
#4736 = LINE('',#4737,#4738);
#4737 = CARTESIAN_POINT('',(9.331297675573E-03,-15.63171019714));
#4738 = VECTOR('',#4739,1.);
#4739 = DIRECTION('',(0.832050294338,-0.554700196225));
#4740 = ( GEOMETRIC_REPRESENTATION_CONTEXT(2) 
PARAMETRIC_REPRESENTATION_CONTEXT() REPRESENTATION_CONTEXT('2D SPACE',''
  ) );
#4741 = ADVANCED_FACE('',(#4742),#4709,.F.);
#4742 = FACE_BOUND('',#4743,.F.);
#4743 = EDGE_LOOP('',(#4744,#4745,#4768,#4796));
#4744 = ORIENTED_EDGE('',*,*,#4693,.T.);
#4745 = ORIENTED_EDGE('',*,*,#4746,.T.);
#4746 = EDGE_CURVE('',#4671,#4747,#4749,.T.);
#4747 = VERTEX_POINT('',#4748);
#4748 = CARTESIAN_POINT('',(43.606694560669,0.,3.));
#4749 = SURFACE_CURVE('',#4750,(#4754,#4761),.PCURVE_S1.);
#4750 = LINE('',#4751,#4752);
#4751 = CARTESIAN_POINT('',(37.65690376569,0.,3.));
#4752 = VECTOR('',#4753,1.);
#4753 = DIRECTION('',(1.,0.,0.));
#4754 = PCURVE('',#4709,#4755);
#4755 = DEFINITIONAL_REPRESENTATION('',(#4756),#4760);
#4756 = LINE('',#4757,#4758);
#4757 = CARTESIAN_POINT('',(0.,-3.));
#4758 = VECTOR('',#4759,1.);
#4759 = DIRECTION('',(1.,0.));
#4760 = ( GEOMETRIC_REPRESENTATION_CONTEXT(2) 
PARAMETRIC_REPRESENTATION_CONTEXT() REPRESENTATION_CONTEXT('2D SPACE',''
  ) );
#4761 = PCURVE('',#2548,#4762);
#4762 = DEFINITIONAL_REPRESENTATION('',(#4763),#4767);
#4763 = LINE('',#4764,#4765);
#4764 = CARTESIAN_POINT('',(0.461214142864,-15.93296542726));
#4765 = VECTOR('',#4766,1.);
#4766 = DIRECTION('',(1.,0.));
#4767 = ( GEOMETRIC_REPRESENTATION_CONTEXT(2) 
PARAMETRIC_REPRESENTATION_CONTEXT() REPRESENTATION_CONTEXT('2D SPACE',''
  ) );
#4768 = ORIENTED_EDGE('',*,*,#4769,.F.);
#4769 = EDGE_CURVE('',#4770,#4747,#4772,.T.);
#4770 = VERTEX_POINT('',#4771);
#4771 = CARTESIAN_POINT('',(43.606694560669,0.,0.));
#4772 = SURFACE_CURVE('',#4773,(#4777,#4784),.PCURVE_S1.);
#4773 = LINE('',#4774,#4775);
#4774 = CARTESIAN_POINT('',(43.606694560669,0.,0.));
#4775 = VECTOR('',#4776,1.);
#4776 = DIRECTION('',(0.,0.,1.));
#4777 = PCURVE('',#4709,#4778);
#4778 = DEFINITIONAL_REPRESENTATION('',(#4779),#4783);
#4779 = LINE('',#4780,#4781);
#4780 = CARTESIAN_POINT('',(5.949790794979,0.));
#4781 = VECTOR('',#4782,1.);
#4782 = DIRECTION('',(0.,-1.));
#4783 = ( GEOMETRIC_REPRESENTATION_CONTEXT(2) 
PARAMETRIC_REPRESENTATION_CONTEXT() REPRESENTATION_CONTEXT('2D SPACE',''
  ) );
#4784 = PCURVE('',#4785,#4790);
#4785 = PLANE('',#4786);
#4786 = AXIS2_PLACEMENT_3D('',#4787,#4788,#4789);
#4787 = CARTESIAN_POINT('',(43.606694560669,0.,0.));
#4788 = DIRECTION('',(-0.196116135138,0.980580675691,0.));
#4789 = DIRECTION('',(0.980580675691,0.196116135138,0.));
#4790 = DEFINITIONAL_REPRESENTATION('',(#4791),#4795);
#4791 = LINE('',#4792,#4793);
#4792 = CARTESIAN_POINT('',(0.,0.));
#4793 = VECTOR('',#4794,1.);
#4794 = DIRECTION('',(0.,-1.));
#4795 = ( GEOMETRIC_REPRESENTATION_CONTEXT(2) 
PARAMETRIC_REPRESENTATION_CONTEXT() REPRESENTATION_CONTEXT('2D SPACE',''
  ) );
#4796 = ORIENTED_EDGE('',*,*,#4797,.F.);
#4797 = EDGE_CURVE('',#4694,#4770,#4798,.T.);
#4798 = SURFACE_CURVE('',#4799,(#4803,#4810),.PCURVE_S1.);
#4799 = LINE('',#4800,#4801);
#4800 = CARTESIAN_POINT('',(37.65690376569,0.,0.));
#4801 = VECTOR('',#4802,1.);
#4802 = DIRECTION('',(1.,0.,0.));
#4803 = PCURVE('',#4709,#4804);
#4804 = DEFINITIONAL_REPRESENTATION('',(#4805),#4809);
#4805 = LINE('',#4806,#4807);
#4806 = CARTESIAN_POINT('',(0.,0.));
#4807 = VECTOR('',#4808,1.);
#4808 = DIRECTION('',(1.,0.));
#4809 = ( GEOMETRIC_REPRESENTATION_CONTEXT(2) 
PARAMETRIC_REPRESENTATION_CONTEXT() REPRESENTATION_CONTEXT('2D SPACE',''
  ) );
#4810 = PCURVE('',#2602,#4811);
#4811 = DEFINITIONAL_REPRESENTATION('',(#4812),#4816);
#4812 = LINE('',#4813,#4814);
#4813 = CARTESIAN_POINT('',(0.461214142864,-15.93296542726));
#4814 = VECTOR('',#4815,1.);
#4815 = DIRECTION('',(1.,0.));
#4816 = ( GEOMETRIC_REPRESENTATION_CONTEXT(2) 
PARAMETRIC_REPRESENTATION_CONTEXT() REPRESENTATION_CONTEXT('2D SPACE',''
  ) );
#4817 = ADVANCED_FACE('',(#4818),#4785,.F.);
#4818 = FACE_BOUND('',#4819,.F.);
#4819 = EDGE_LOOP('',(#4820,#4821,#4844,#4872));
#4820 = ORIENTED_EDGE('',*,*,#4769,.T.);
#4821 = ORIENTED_EDGE('',*,*,#4822,.T.);
#4822 = EDGE_CURVE('',#4747,#4823,#4825,.T.);
#4823 = VERTEX_POINT('',#4824);
#4824 = CARTESIAN_POINT('',(45.112970711297,0.301255230126,3.));
#4825 = SURFACE_CURVE('',#4826,(#4830,#4837),.PCURVE_S1.);
#4826 = LINE('',#4827,#4828);
#4827 = CARTESIAN_POINT('',(43.606694560669,0.,3.));
#4828 = VECTOR('',#4829,1.);
#4829 = DIRECTION('',(0.980580675691,0.196116135138,0.));
#4830 = PCURVE('',#4785,#4831);
#4831 = DEFINITIONAL_REPRESENTATION('',(#4832),#4836);
#4832 = LINE('',#4833,#4834);
#4833 = CARTESIAN_POINT('',(0.,-3.));
#4834 = VECTOR('',#4835,1.);
#4835 = DIRECTION('',(1.,0.));
#4836 = ( GEOMETRIC_REPRESENTATION_CONTEXT(2) 
PARAMETRIC_REPRESENTATION_CONTEXT() REPRESENTATION_CONTEXT('2D SPACE',''
  ) );
#4837 = PCURVE('',#2548,#4838);
#4838 = DEFINITIONAL_REPRESENTATION('',(#4839),#4843);
#4839 = LINE('',#4840,#4841);
#4840 = CARTESIAN_POINT('',(6.411004937843,-15.93296542726));
#4841 = VECTOR('',#4842,1.);
#4842 = DIRECTION('',(0.980580675691,0.196116135138));
#4843 = ( GEOMETRIC_REPRESENTATION_CONTEXT(2) 
PARAMETRIC_REPRESENTATION_CONTEXT() REPRESENTATION_CONTEXT('2D SPACE',''
  ) );
#4844 = ORIENTED_EDGE('',*,*,#4845,.F.);
#4845 = EDGE_CURVE('',#4846,#4823,#4848,.T.);
#4846 = VERTEX_POINT('',#4847);
#4847 = CARTESIAN_POINT('',(45.112970711297,0.301255230126,0.));
#4848 = SURFACE_CURVE('',#4849,(#4853,#4860),.PCURVE_S1.);
#4849 = LINE('',#4850,#4851);
#4850 = CARTESIAN_POINT('',(45.112970711297,0.301255230126,0.));
#4851 = VECTOR('',#4852,1.);
#4852 = DIRECTION('',(0.,0.,1.));
#4853 = PCURVE('',#4785,#4854);
#4854 = DEFINITIONAL_REPRESENTATION('',(#4855),#4859);
#4855 = LINE('',#4856,#4857);
#4856 = CARTESIAN_POINT('',(1.536106296982,0.));
#4857 = VECTOR('',#4858,1.);
#4858 = DIRECTION('',(0.,-1.));
#4859 = ( GEOMETRIC_REPRESENTATION_CONTEXT(2) 
PARAMETRIC_REPRESENTATION_CONTEXT() REPRESENTATION_CONTEXT('2D SPACE',''
  ) );
#4860 = PCURVE('',#4861,#4866);
#4861 = PLANE('',#4862);
#4862 = AXIS2_PLACEMENT_3D('',#4863,#4864,#4865);
#4863 = CARTESIAN_POINT('',(45.112970711297,0.301255230126,0.));
#4864 = DIRECTION('',(-0.438423632021,0.898768445644,0.));
#4865 = DIRECTION('',(0.898768445644,0.438423632021,0.));
#4866 = DEFINITIONAL_REPRESENTATION('',(#4867),#4871);
#4867 = LINE('',#4868,#4869);
#4868 = CARTESIAN_POINT('',(0.,0.));
#4869 = VECTOR('',#4870,1.);
#4870 = DIRECTION('',(0.,-1.));
#4871 = ( GEOMETRIC_REPRESENTATION_CONTEXT(2) 
PARAMETRIC_REPRESENTATION_CONTEXT() REPRESENTATION_CONTEXT('2D SPACE',''
  ) );
#4872 = ORIENTED_EDGE('',*,*,#4873,.F.);
#4873 = EDGE_CURVE('',#4770,#4846,#4874,.T.);
#4874 = SURFACE_CURVE('',#4875,(#4879,#4886),.PCURVE_S1.);
#4875 = LINE('',#4876,#4877);
#4876 = CARTESIAN_POINT('',(43.606694560669,0.,0.));
#4877 = VECTOR('',#4878,1.);
#4878 = DIRECTION('',(0.980580675691,0.196116135138,0.));
#4879 = PCURVE('',#4785,#4880);
#4880 = DEFINITIONAL_REPRESENTATION('',(#4881),#4885);
#4881 = LINE('',#4882,#4883);
#4882 = CARTESIAN_POINT('',(0.,0.));
#4883 = VECTOR('',#4884,1.);
#4884 = DIRECTION('',(1.,0.));
#4885 = ( GEOMETRIC_REPRESENTATION_CONTEXT(2) 
PARAMETRIC_REPRESENTATION_CONTEXT() REPRESENTATION_CONTEXT('2D SPACE',''
  ) );
#4886 = PCURVE('',#2602,#4887);
#4887 = DEFINITIONAL_REPRESENTATION('',(#4888),#4892);
#4888 = LINE('',#4889,#4890);
#4889 = CARTESIAN_POINT('',(6.411004937843,-15.93296542726));
#4890 = VECTOR('',#4891,1.);
#4891 = DIRECTION('',(0.980580675691,0.196116135138));
#4892 = ( GEOMETRIC_REPRESENTATION_CONTEXT(2) 
PARAMETRIC_REPRESENTATION_CONTEXT() REPRESENTATION_CONTEXT('2D SPACE',''
  ) );
#4893 = ADVANCED_FACE('',(#4894),#4861,.F.);
#4894 = FACE_BOUND('',#4895,.F.);
#4895 = EDGE_LOOP('',(#4896,#4897,#4920,#4948));
#4896 = ORIENTED_EDGE('',*,*,#4845,.T.);
#4897 = ORIENTED_EDGE('',*,*,#4898,.T.);
#4898 = EDGE_CURVE('',#4823,#4899,#4901,.T.);
#4899 = VERTEX_POINT('',#4900);
#4900 = CARTESIAN_POINT('',(48.200836820084,1.807531380753,3.));
#4901 = SURFACE_CURVE('',#4902,(#4906,#4913),.PCURVE_S1.);
#4902 = LINE('',#4903,#4904);
#4903 = CARTESIAN_POINT('',(45.112970711297,0.301255230126,3.));
#4904 = VECTOR('',#4905,1.);
#4905 = DIRECTION('',(0.898768445644,0.438423632021,0.));
#4906 = PCURVE('',#4861,#4907);
#4907 = DEFINITIONAL_REPRESENTATION('',(#4908),#4912);
#4908 = LINE('',#4909,#4910);
#4909 = CARTESIAN_POINT('',(0.,-3.));
#4910 = VECTOR('',#4911,1.);
#4911 = DIRECTION('',(1.,0.));
#4912 = ( GEOMETRIC_REPRESENTATION_CONTEXT(2) 
PARAMETRIC_REPRESENTATION_CONTEXT() REPRESENTATION_CONTEXT('2D SPACE',''
  ) );
#4913 = PCURVE('',#2548,#4914);
#4914 = DEFINITIONAL_REPRESENTATION('',(#4915),#4919);
#4915 = LINE('',#4916,#4917);
#4916 = CARTESIAN_POINT('',(7.917281088471,-15.63171019714));
#4917 = VECTOR('',#4918,1.);
#4918 = DIRECTION('',(0.898768445644,0.438423632021));
#4919 = ( GEOMETRIC_REPRESENTATION_CONTEXT(2) 
PARAMETRIC_REPRESENTATION_CONTEXT() REPRESENTATION_CONTEXT('2D SPACE',''
  ) );
#4920 = ORIENTED_EDGE('',*,*,#4921,.F.);
#4921 = EDGE_CURVE('',#4922,#4899,#4924,.T.);
#4922 = VERTEX_POINT('',#4923);
#4923 = CARTESIAN_POINT('',(48.200836820084,1.807531380753,0.));
#4924 = SURFACE_CURVE('',#4925,(#4929,#4936),.PCURVE_S1.);
#4925 = LINE('',#4926,#4927);
#4926 = CARTESIAN_POINT('',(48.200836820084,1.807531380753,0.));
#4927 = VECTOR('',#4928,1.);
#4928 = DIRECTION('',(0.,0.,1.));
#4929 = PCURVE('',#4861,#4930);
#4930 = DEFINITIONAL_REPRESENTATION('',(#4931),#4935);
#4931 = LINE('',#4932,#4933);
#4932 = CARTESIAN_POINT('',(3.435663683736,0.));
#4933 = VECTOR('',#4934,1.);
#4934 = DIRECTION('',(0.,-1.));
#4935 = ( GEOMETRIC_REPRESENTATION_CONTEXT(2) 
PARAMETRIC_REPRESENTATION_CONTEXT() REPRESENTATION_CONTEXT('2D SPACE',''
  ) );
#4936 = PCURVE('',#4937,#4942);
#4937 = PLANE('',#4938);
#4938 = AXIS2_PLACEMENT_3D('',#4939,#4940,#4941);
#4939 = CARTESIAN_POINT('',(48.200836820084,1.807531380753,0.));
#4940 = DIRECTION('',(-0.748346939228,0.663307514316,0.));
#4941 = DIRECTION('',(0.663307514316,0.748346939228,0.));
#4942 = DEFINITIONAL_REPRESENTATION('',(#4943),#4947);
#4943 = LINE('',#4944,#4945);
#4944 = CARTESIAN_POINT('',(0.,0.));
#4945 = VECTOR('',#4946,1.);
#4946 = DIRECTION('',(0.,-1.));
#4947 = ( GEOMETRIC_REPRESENTATION_CONTEXT(2) 
PARAMETRIC_REPRESENTATION_CONTEXT() REPRESENTATION_CONTEXT('2D SPACE',''
  ) );
#4948 = ORIENTED_EDGE('',*,*,#4949,.F.);
#4949 = EDGE_CURVE('',#4846,#4922,#4950,.T.);
#4950 = SURFACE_CURVE('',#4951,(#4955,#4962),.PCURVE_S1.);
#4951 = LINE('',#4952,#4953);
#4952 = CARTESIAN_POINT('',(45.112970711297,0.301255230126,0.));
#4953 = VECTOR('',#4954,1.);
#4954 = DIRECTION('',(0.898768445644,0.438423632021,0.));
#4955 = PCURVE('',#4861,#4956);
#4956 = DEFINITIONAL_REPRESENTATION('',(#4957),#4961);
#4957 = LINE('',#4958,#4959);
#4958 = CARTESIAN_POINT('',(0.,0.));
#4959 = VECTOR('',#4960,1.);
#4960 = DIRECTION('',(1.,0.));
#4961 = ( GEOMETRIC_REPRESENTATION_CONTEXT(2) 
PARAMETRIC_REPRESENTATION_CONTEXT() REPRESENTATION_CONTEXT('2D SPACE',''
  ) );
#4962 = PCURVE('',#2602,#4963);
#4963 = DEFINITIONAL_REPRESENTATION('',(#4964),#4968);
#4964 = LINE('',#4965,#4966);
#4965 = CARTESIAN_POINT('',(7.917281088471,-15.63171019714));
#4966 = VECTOR('',#4967,1.);
#4967 = DIRECTION('',(0.898768445644,0.438423632021));
#4968 = ( GEOMETRIC_REPRESENTATION_CONTEXT(2) 
PARAMETRIC_REPRESENTATION_CONTEXT() REPRESENTATION_CONTEXT('2D SPACE',''
  ) );
#4969 = ADVANCED_FACE('',(#4970),#4937,.F.);
#4970 = FACE_BOUND('',#4971,.F.);
#4971 = EDGE_LOOP('',(#4972,#4973,#4996,#5024));
#4972 = ORIENTED_EDGE('',*,*,#4921,.T.);
#4973 = ORIENTED_EDGE('',*,*,#4974,.T.);
#4974 = EDGE_CURVE('',#4899,#4975,#4977,.T.);
#4975 = VERTEX_POINT('',#4976);
#4976 = CARTESIAN_POINT('',(51.138075313808,5.121338912134,3.));
#4977 = SURFACE_CURVE('',#4978,(#4982,#4989),.PCURVE_S1.);
#4978 = LINE('',#4979,#4980);
#4979 = CARTESIAN_POINT('',(48.200836820084,1.807531380753,3.));
#4980 = VECTOR('',#4981,1.);
#4981 = DIRECTION('',(0.663307514316,0.748346939228,0.));
#4982 = PCURVE('',#4937,#4983);
#4983 = DEFINITIONAL_REPRESENTATION('',(#4984),#4988);
#4984 = LINE('',#4985,#4986);
#4985 = CARTESIAN_POINT('',(0.,-3.));
#4986 = VECTOR('',#4987,1.);
#4987 = DIRECTION('',(1.,0.));
#4988 = ( GEOMETRIC_REPRESENTATION_CONTEXT(2) 
PARAMETRIC_REPRESENTATION_CONTEXT() REPRESENTATION_CONTEXT('2D SPACE',''
  ) );
#4989 = PCURVE('',#2548,#4990);
#4990 = DEFINITIONAL_REPRESENTATION('',(#4991),#4995);
#4991 = LINE('',#4992,#4993);
#4992 = CARTESIAN_POINT('',(11.005147197257,-14.12543404651));
#4993 = VECTOR('',#4994,1.);
#4994 = DIRECTION('',(0.663307514316,0.748346939228));
#4995 = ( GEOMETRIC_REPRESENTATION_CONTEXT(2) 
PARAMETRIC_REPRESENTATION_CONTEXT() REPRESENTATION_CONTEXT('2D SPACE',''
  ) );
#4996 = ORIENTED_EDGE('',*,*,#4997,.F.);
#4997 = EDGE_CURVE('',#4998,#4975,#5000,.T.);
#4998 = VERTEX_POINT('',#4999);
#4999 = CARTESIAN_POINT('',(51.138075313808,5.121338912134,0.));
#5000 = SURFACE_CURVE('',#5001,(#5005,#5012),.PCURVE_S1.);
#5001 = LINE('',#5002,#5003);
#5002 = CARTESIAN_POINT('',(51.138075313808,5.121338912134,0.));
#5003 = VECTOR('',#5004,1.);
#5004 = DIRECTION('',(0.,0.,1.));
#5005 = PCURVE('',#4937,#5006);
#5006 = DEFINITIONAL_REPRESENTATION('',(#5007),#5011);
#5007 = LINE('',#5008,#5009);
#5008 = CARTESIAN_POINT('',(4.428170087525,0.));
#5009 = VECTOR('',#5010,1.);
#5010 = DIRECTION('',(0.,-1.));
#5011 = ( GEOMETRIC_REPRESENTATION_CONTEXT(2) 
PARAMETRIC_REPRESENTATION_CONTEXT() REPRESENTATION_CONTEXT('2D SPACE',''
  ) );
#5012 = PCURVE('',#5013,#5018);
#5013 = PLANE('',#5014);
#5014 = AXIS2_PLACEMENT_3D('',#5015,#5016,#5017);
#5015 = CARTESIAN_POINT('',(51.138075313808,5.121338912134,0.));
#5016 = DIRECTION('',(-0.954479978035,0.298274993136,0.));
#5017 = DIRECTION('',(0.298274993136,0.954479978035,0.));
#5018 = DEFINITIONAL_REPRESENTATION('',(#5019),#5023);
#5019 = LINE('',#5020,#5021);
#5020 = CARTESIAN_POINT('',(0.,0.));
#5021 = VECTOR('',#5022,1.);
#5022 = DIRECTION('',(0.,-1.));
#5023 = ( GEOMETRIC_REPRESENTATION_CONTEXT(2) 
PARAMETRIC_REPRESENTATION_CONTEXT() REPRESENTATION_CONTEXT('2D SPACE',''
  ) );
#5024 = ORIENTED_EDGE('',*,*,#5025,.F.);
#5025 = EDGE_CURVE('',#4922,#4998,#5026,.T.);
#5026 = SURFACE_CURVE('',#5027,(#5031,#5038),.PCURVE_S1.);
#5027 = LINE('',#5028,#5029);
#5028 = CARTESIAN_POINT('',(48.200836820084,1.807531380753,0.));
#5029 = VECTOR('',#5030,1.);
#5030 = DIRECTION('',(0.663307514316,0.748346939228,0.));
#5031 = PCURVE('',#4937,#5032);
#5032 = DEFINITIONAL_REPRESENTATION('',(#5033),#5037);
#5033 = LINE('',#5034,#5035);
#5034 = CARTESIAN_POINT('',(0.,0.));
#5035 = VECTOR('',#5036,1.);
#5036 = DIRECTION('',(1.,0.));
#5037 = ( GEOMETRIC_REPRESENTATION_CONTEXT(2) 
PARAMETRIC_REPRESENTATION_CONTEXT() REPRESENTATION_CONTEXT('2D SPACE',''
  ) );
#5038 = PCURVE('',#2602,#5039);
#5039 = DEFINITIONAL_REPRESENTATION('',(#5040),#5044);
#5040 = LINE('',#5041,#5042);
#5041 = CARTESIAN_POINT('',(11.005147197257,-14.12543404651));
#5042 = VECTOR('',#5043,1.);
#5043 = DIRECTION('',(0.663307514316,0.748346939228));
#5044 = ( GEOMETRIC_REPRESENTATION_CONTEXT(2) 
PARAMETRIC_REPRESENTATION_CONTEXT() REPRESENTATION_CONTEXT('2D SPACE',''
  ) );
#5045 = ADVANCED_FACE('',(#5046),#5013,.F.);
#5046 = FACE_BOUND('',#5047,.F.);
#5047 = EDGE_LOOP('',(#5048,#5049,#5072,#5100));
#5048 = ORIENTED_EDGE('',*,*,#4997,.T.);
#5049 = ORIENTED_EDGE('',*,*,#5050,.T.);
#5050 = EDGE_CURVE('',#4975,#5051,#5053,.T.);
#5051 = VERTEX_POINT('',#5052);
#5052 = CARTESIAN_POINT('',(52.267782426778,8.73640167364,3.));
#5053 = SURFACE_CURVE('',#5054,(#5058,#5065),.PCURVE_S1.);
#5054 = LINE('',#5055,#5056);
#5055 = CARTESIAN_POINT('',(51.138075313808,5.121338912134,3.));
#5056 = VECTOR('',#5057,1.);
#5057 = DIRECTION('',(0.298274993136,0.954479978035,0.));
#5058 = PCURVE('',#5013,#5059);
#5059 = DEFINITIONAL_REPRESENTATION('',(#5060),#5064);
#5060 = LINE('',#5061,#5062);
#5061 = CARTESIAN_POINT('',(0.,-3.));
#5062 = VECTOR('',#5063,1.);
#5063 = DIRECTION('',(1.,0.));
#5064 = ( GEOMETRIC_REPRESENTATION_CONTEXT(2) 
PARAMETRIC_REPRESENTATION_CONTEXT() REPRESENTATION_CONTEXT('2D SPACE',''
  ) );
#5065 = PCURVE('',#2548,#5066);
#5066 = DEFINITIONAL_REPRESENTATION('',(#5067),#5071);
#5067 = LINE('',#5068,#5069);
#5068 = CARTESIAN_POINT('',(13.942385690981,-10.81162651513));
#5069 = VECTOR('',#5070,1.);
#5070 = DIRECTION('',(0.298274993136,0.954479978035));
#5071 = ( GEOMETRIC_REPRESENTATION_CONTEXT(2) 
PARAMETRIC_REPRESENTATION_CONTEXT() REPRESENTATION_CONTEXT('2D SPACE',''
  ) );
#5072 = ORIENTED_EDGE('',*,*,#5073,.F.);
#5073 = EDGE_CURVE('',#5074,#5051,#5076,.T.);
#5074 = VERTEX_POINT('',#5075);
#5075 = CARTESIAN_POINT('',(52.267782426778,8.73640167364,0.));
#5076 = SURFACE_CURVE('',#5077,(#5081,#5088),.PCURVE_S1.);
#5077 = LINE('',#5078,#5079);
#5078 = CARTESIAN_POINT('',(52.267782426778,8.73640167364,0.));
#5079 = VECTOR('',#5080,1.);
#5080 = DIRECTION('',(0.,0.,1.));
#5081 = PCURVE('',#5013,#5082);
#5082 = DEFINITIONAL_REPRESENTATION('',(#5083),#5087);
#5083 = LINE('',#5084,#5085);
#5084 = CARTESIAN_POINT('',(3.787468406565,0.));
#5085 = VECTOR('',#5086,1.);
#5086 = DIRECTION('',(0.,-1.));
#5087 = ( GEOMETRIC_REPRESENTATION_CONTEXT(2) 
PARAMETRIC_REPRESENTATION_CONTEXT() REPRESENTATION_CONTEXT('2D SPACE',''
  ) );
#5088 = PCURVE('',#5089,#5094);
#5089 = PLANE('',#5090);
#5090 = AXIS2_PLACEMENT_3D('',#5091,#5092,#5093);
#5091 = CARTESIAN_POINT('',(52.267782426778,8.73640167364,0.));
#5092 = DIRECTION('',(-0.99986114004,-1.666435233399E-02,0.));
#5093 = DIRECTION('',(-1.666435233399E-02,0.99986114004,0.));
#5094 = DEFINITIONAL_REPRESENTATION('',(#5095),#5099);
#5095 = LINE('',#5096,#5097);
#5096 = CARTESIAN_POINT('',(0.,0.));
#5097 = VECTOR('',#5098,1.);
#5098 = DIRECTION('',(0.,-1.));
#5099 = ( GEOMETRIC_REPRESENTATION_CONTEXT(2) 
PARAMETRIC_REPRESENTATION_CONTEXT() REPRESENTATION_CONTEXT('2D SPACE',''
  ) );
#5100 = ORIENTED_EDGE('',*,*,#5101,.F.);
#5101 = EDGE_CURVE('',#4998,#5074,#5102,.T.);
#5102 = SURFACE_CURVE('',#5103,(#5107,#5114),.PCURVE_S1.);
#5103 = LINE('',#5104,#5105);
#5104 = CARTESIAN_POINT('',(51.138075313808,5.121338912134,0.));
#5105 = VECTOR('',#5106,1.);
#5106 = DIRECTION('',(0.298274993136,0.954479978035,0.));
#5107 = PCURVE('',#5013,#5108);
#5108 = DEFINITIONAL_REPRESENTATION('',(#5109),#5113);
#5109 = LINE('',#5110,#5111);
#5110 = CARTESIAN_POINT('',(0.,0.));
#5111 = VECTOR('',#5112,1.);
#5112 = DIRECTION('',(1.,0.));
#5113 = ( GEOMETRIC_REPRESENTATION_CONTEXT(2) 
PARAMETRIC_REPRESENTATION_CONTEXT() REPRESENTATION_CONTEXT('2D SPACE',''
  ) );
#5114 = PCURVE('',#2602,#5115);
#5115 = DEFINITIONAL_REPRESENTATION('',(#5116),#5120);
#5116 = LINE('',#5117,#5118);
#5117 = CARTESIAN_POINT('',(13.942385690981,-10.81162651513));
#5118 = VECTOR('',#5119,1.);
#5119 = DIRECTION('',(0.298274993136,0.954479978035));
#5120 = ( GEOMETRIC_REPRESENTATION_CONTEXT(2) 
PARAMETRIC_REPRESENTATION_CONTEXT() REPRESENTATION_CONTEXT('2D SPACE',''
  ) );
#5121 = ADVANCED_FACE('',(#5122),#5089,.F.);
#5122 = FACE_BOUND('',#5123,.F.);
#5123 = EDGE_LOOP('',(#5124,#5125,#5148,#5176));
#5124 = ORIENTED_EDGE('',*,*,#5073,.T.);
#5125 = ORIENTED_EDGE('',*,*,#5126,.T.);
#5126 = EDGE_CURVE('',#5051,#5127,#5129,.T.);
#5127 = VERTEX_POINT('',#5128);
#5128 = CARTESIAN_POINT('',(52.192468619247,13.255230125523,3.));
#5129 = SURFACE_CURVE('',#5130,(#5134,#5141),.PCURVE_S1.);
#5130 = LINE('',#5131,#5132);
#5131 = CARTESIAN_POINT('',(52.267782426778,8.73640167364,3.));
#5132 = VECTOR('',#5133,1.);
#5133 = DIRECTION('',(-1.666435233399E-02,0.99986114004,0.));
#5134 = PCURVE('',#5089,#5135);
#5135 = DEFINITIONAL_REPRESENTATION('',(#5136),#5140);
#5136 = LINE('',#5137,#5138);
#5137 = CARTESIAN_POINT('',(0.,-3.));
#5138 = VECTOR('',#5139,1.);
#5139 = DIRECTION('',(1.,0.));
#5140 = ( GEOMETRIC_REPRESENTATION_CONTEXT(2) 
PARAMETRIC_REPRESENTATION_CONTEXT() REPRESENTATION_CONTEXT('2D SPACE',''
  ) );
#5141 = PCURVE('',#2548,#5142);
#5142 = DEFINITIONAL_REPRESENTATION('',(#5143),#5147);
#5143 = LINE('',#5144,#5145);
#5144 = CARTESIAN_POINT('',(15.072092803952,-7.196563753627));
#5145 = VECTOR('',#5146,1.);
#5146 = DIRECTION('',(-1.666435233399E-02,0.99986114004));
#5147 = ( GEOMETRIC_REPRESENTATION_CONTEXT(2) 
PARAMETRIC_REPRESENTATION_CONTEXT() REPRESENTATION_CONTEXT('2D SPACE',''
  ) );
#5148 = ORIENTED_EDGE('',*,*,#5149,.F.);
#5149 = EDGE_CURVE('',#5150,#5127,#5152,.T.);
#5150 = VERTEX_POINT('',#5151);
#5151 = CARTESIAN_POINT('',(52.192468619247,13.255230125523,0.));
#5152 = SURFACE_CURVE('',#5153,(#5157,#5164),.PCURVE_S1.);
#5153 = LINE('',#5154,#5155);
#5154 = CARTESIAN_POINT('',(52.192468619247,13.255230125523,0.));
#5155 = VECTOR('',#5156,1.);
#5156 = DIRECTION('',(0.,0.,1.));
#5157 = PCURVE('',#5089,#5158);
#5158 = DEFINITIONAL_REPRESENTATION('',(#5159),#5163);
#5159 = LINE('',#5160,#5161);
#5160 = CARTESIAN_POINT('',(4.519456023367,0.));
#5161 = VECTOR('',#5162,1.);
#5162 = DIRECTION('',(0.,-1.));
#5163 = ( GEOMETRIC_REPRESENTATION_CONTEXT(2) 
PARAMETRIC_REPRESENTATION_CONTEXT() REPRESENTATION_CONTEXT('2D SPACE',''
  ) );
#5164 = PCURVE('',#5165,#5170);
#5165 = PLANE('',#5166);
#5166 = AXIS2_PLACEMENT_3D('',#5167,#5168,#5169);
#5167 = CARTESIAN_POINT('',(52.192468619247,13.255230125523,0.));
#5168 = DIRECTION('',(-0.939793423488,-0.341743063087,0.));
#5169 = DIRECTION('',(-0.341743063087,0.939793423488,0.));
#5170 = DEFINITIONAL_REPRESENTATION('',(#5171),#5175);
#5171 = LINE('',#5172,#5173);
#5172 = CARTESIAN_POINT('',(0.,0.));
#5173 = VECTOR('',#5174,1.);
#5174 = DIRECTION('',(0.,-1.));
#5175 = ( GEOMETRIC_REPRESENTATION_CONTEXT(2) 
PARAMETRIC_REPRESENTATION_CONTEXT() REPRESENTATION_CONTEXT('2D SPACE',''
  ) );
#5176 = ORIENTED_EDGE('',*,*,#5177,.F.);
#5177 = EDGE_CURVE('',#5074,#5150,#5178,.T.);
#5178 = SURFACE_CURVE('',#5179,(#5183,#5190),.PCURVE_S1.);
#5179 = LINE('',#5180,#5181);
#5180 = CARTESIAN_POINT('',(52.267782426778,8.73640167364,0.));
#5181 = VECTOR('',#5182,1.);
#5182 = DIRECTION('',(-1.666435233399E-02,0.99986114004,0.));
#5183 = PCURVE('',#5089,#5184);
#5184 = DEFINITIONAL_REPRESENTATION('',(#5185),#5189);
#5185 = LINE('',#5186,#5187);
#5186 = CARTESIAN_POINT('',(0.,0.));
#5187 = VECTOR('',#5188,1.);
#5188 = DIRECTION('',(1.,0.));
#5189 = ( GEOMETRIC_REPRESENTATION_CONTEXT(2) 
PARAMETRIC_REPRESENTATION_CONTEXT() REPRESENTATION_CONTEXT('2D SPACE',''
  ) );
#5190 = PCURVE('',#2602,#5191);
#5191 = DEFINITIONAL_REPRESENTATION('',(#5192),#5196);
#5192 = LINE('',#5193,#5194);
#5193 = CARTESIAN_POINT('',(15.072092803952,-7.196563753627));
#5194 = VECTOR('',#5195,1.);
#5195 = DIRECTION('',(-1.666435233399E-02,0.99986114004));
#5196 = ( GEOMETRIC_REPRESENTATION_CONTEXT(2) 
PARAMETRIC_REPRESENTATION_CONTEXT() REPRESENTATION_CONTEXT('2D SPACE',''
  ) );
#5197 = ADVANCED_FACE('',(#5198),#5165,.F.);
#5198 = FACE_BOUND('',#5199,.F.);
#5199 = EDGE_LOOP('',(#5200,#5201,#5224,#5252));
#5200 = ORIENTED_EDGE('',*,*,#5149,.T.);
#5201 = ORIENTED_EDGE('',*,*,#5202,.T.);
#5202 = EDGE_CURVE('',#5127,#5203,#5205,.T.);
#5203 = VERTEX_POINT('',#5204);
#5204 = CARTESIAN_POINT('',(51.28870292887,15.740585774059,3.));
#5205 = SURFACE_CURVE('',#5206,(#5210,#5217),.PCURVE_S1.);
#5206 = LINE('',#5207,#5208);
#5207 = CARTESIAN_POINT('',(52.192468619247,13.255230125523,3.));
#5208 = VECTOR('',#5209,1.);
#5209 = DIRECTION('',(-0.341743063087,0.939793423488,0.));
#5210 = PCURVE('',#5165,#5211);
#5211 = DEFINITIONAL_REPRESENTATION('',(#5212),#5216);
#5212 = LINE('',#5213,#5214);
#5213 = CARTESIAN_POINT('',(0.,-3.));
#5214 = VECTOR('',#5215,1.);
#5215 = DIRECTION('',(1.,0.));
#5216 = ( GEOMETRIC_REPRESENTATION_CONTEXT(2) 
PARAMETRIC_REPRESENTATION_CONTEXT() REPRESENTATION_CONTEXT('2D SPACE',''
  ) );
#5217 = PCURVE('',#2548,#5218);
#5218 = DEFINITIONAL_REPRESENTATION('',(#5219),#5223);
#5219 = LINE('',#5220,#5221);
#5220 = CARTESIAN_POINT('',(14.99677899642,-2.677735301744));
#5221 = VECTOR('',#5222,1.);
#5222 = DIRECTION('',(-0.341743063087,0.939793423488));
#5223 = ( GEOMETRIC_REPRESENTATION_CONTEXT(2) 
PARAMETRIC_REPRESENTATION_CONTEXT() REPRESENTATION_CONTEXT('2D SPACE',''
  ) );
#5224 = ORIENTED_EDGE('',*,*,#5225,.F.);
#5225 = EDGE_CURVE('',#5226,#5203,#5228,.T.);
#5226 = VERTEX_POINT('',#5227);
#5227 = CARTESIAN_POINT('',(51.28870292887,15.740585774059,0.));
#5228 = SURFACE_CURVE('',#5229,(#5233,#5240),.PCURVE_S1.);
#5229 = LINE('',#5230,#5231);
#5230 = CARTESIAN_POINT('',(51.28870292887,15.740585774059,0.));
#5231 = VECTOR('',#5232,1.);
#5232 = DIRECTION('',(0.,0.,1.));
#5233 = PCURVE('',#5165,#5234);
#5234 = DEFINITIONAL_REPRESENTATION('',(#5235),#5239);
#5235 = LINE('',#5236,#5237);
#5236 = CARTESIAN_POINT('',(2.644576548866,0.));
#5237 = VECTOR('',#5238,1.);
#5238 = DIRECTION('',(0.,-1.));
#5239 = ( GEOMETRIC_REPRESENTATION_CONTEXT(2) 
PARAMETRIC_REPRESENTATION_CONTEXT() REPRESENTATION_CONTEXT('2D SPACE',''
  ) );
#5240 = PCURVE('',#5241,#5246);
#5241 = PLANE('',#5242);
#5242 = AXIS2_PLACEMENT_3D('',#5243,#5244,#5245);
#5243 = CARTESIAN_POINT('',(51.28870292887,15.740585774059,0.));
#5244 = DIRECTION('',(-0.777630026941,-0.628722149442,0.));
#5245 = DIRECTION('',(-0.628722149442,0.777630026941,0.));
#5246 = DEFINITIONAL_REPRESENTATION('',(#5247),#5251);
#5247 = LINE('',#5248,#5249);
#5248 = CARTESIAN_POINT('',(0.,0.));
#5249 = VECTOR('',#5250,1.);
#5250 = DIRECTION('',(0.,-1.));
#5251 = ( GEOMETRIC_REPRESENTATION_CONTEXT(2) 
PARAMETRIC_REPRESENTATION_CONTEXT() REPRESENTATION_CONTEXT('2D SPACE',''
  ) );
#5252 = ORIENTED_EDGE('',*,*,#5253,.F.);
#5253 = EDGE_CURVE('',#5150,#5226,#5254,.T.);
#5254 = SURFACE_CURVE('',#5255,(#5259,#5266),.PCURVE_S1.);
#5255 = LINE('',#5256,#5257);
#5256 = CARTESIAN_POINT('',(52.192468619247,13.255230125523,0.));
#5257 = VECTOR('',#5258,1.);
#5258 = DIRECTION('',(-0.341743063087,0.939793423488,0.));
#5259 = PCURVE('',#5165,#5260);
#5260 = DEFINITIONAL_REPRESENTATION('',(#5261),#5265);
#5261 = LINE('',#5262,#5263);
#5262 = CARTESIAN_POINT('',(0.,0.));
#5263 = VECTOR('',#5264,1.);
#5264 = DIRECTION('',(1.,0.));
#5265 = ( GEOMETRIC_REPRESENTATION_CONTEXT(2) 
PARAMETRIC_REPRESENTATION_CONTEXT() REPRESENTATION_CONTEXT('2D SPACE',''
  ) );
#5266 = PCURVE('',#2602,#5267);
#5267 = DEFINITIONAL_REPRESENTATION('',(#5268),#5272);
#5268 = LINE('',#5269,#5270);
#5269 = CARTESIAN_POINT('',(14.99677899642,-2.677735301744));
#5270 = VECTOR('',#5271,1.);
#5271 = DIRECTION('',(-0.341743063087,0.939793423488));
#5272 = ( GEOMETRIC_REPRESENTATION_CONTEXT(2) 
PARAMETRIC_REPRESENTATION_CONTEXT() REPRESENTATION_CONTEXT('2D SPACE',''
  ) );
#5273 = ADVANCED_FACE('',(#5274),#5241,.F.);
#5274 = FACE_BOUND('',#5275,.F.);
#5275 = EDGE_LOOP('',(#5276,#5277,#5300,#5328));
#5276 = ORIENTED_EDGE('',*,*,#5225,.T.);
#5277 = ORIENTED_EDGE('',*,*,#5278,.T.);
#5278 = EDGE_CURVE('',#5203,#5279,#5281,.T.);
#5279 = VERTEX_POINT('',#5280);
#5280 = CARTESIAN_POINT('',(48.426778242678,19.280334728033,3.));
#5281 = SURFACE_CURVE('',#5282,(#5286,#5293),.PCURVE_S1.);
#5282 = LINE('',#5283,#5284);
#5283 = CARTESIAN_POINT('',(51.28870292887,15.740585774059,3.));
#5284 = VECTOR('',#5285,1.);
#5285 = DIRECTION('',(-0.628722149442,0.777630026941,0.));
#5286 = PCURVE('',#5241,#5287);
#5287 = DEFINITIONAL_REPRESENTATION('',(#5288),#5292);
#5288 = LINE('',#5289,#5290);
#5289 = CARTESIAN_POINT('',(0.,-3.));
#5290 = VECTOR('',#5291,1.);
#5291 = DIRECTION('',(1.,0.));
#5292 = ( GEOMETRIC_REPRESENTATION_CONTEXT(2) 
PARAMETRIC_REPRESENTATION_CONTEXT() REPRESENTATION_CONTEXT('2D SPACE',''
  ) );
#5293 = PCURVE('',#2548,#5294);
#5294 = DEFINITIONAL_REPRESENTATION('',(#5295),#5299);
#5295 = LINE('',#5296,#5297);
#5296 = CARTESIAN_POINT('',(14.093013306044,-0.192379653208));
#5297 = VECTOR('',#5298,1.);
#5298 = DIRECTION('',(-0.628722149442,0.777630026941));
#5299 = ( GEOMETRIC_REPRESENTATION_CONTEXT(2) 
PARAMETRIC_REPRESENTATION_CONTEXT() REPRESENTATION_CONTEXT('2D SPACE',''
  ) );
#5300 = ORIENTED_EDGE('',*,*,#5301,.F.);
#5301 = EDGE_CURVE('',#5302,#5279,#5304,.T.);
#5302 = VERTEX_POINT('',#5303);
#5303 = CARTESIAN_POINT('',(48.426778242678,19.280334728033,0.));
#5304 = SURFACE_CURVE('',#5305,(#5309,#5316),.PCURVE_S1.);
#5305 = LINE('',#5306,#5307);
#5306 = CARTESIAN_POINT('',(48.426778242678,19.280334728033,0.));
#5307 = VECTOR('',#5308,1.);
#5308 = DIRECTION('',(0.,0.,1.));
#5309 = PCURVE('',#5241,#5310);
#5310 = DEFINITIONAL_REPRESENTATION('',(#5311),#5315);
#5311 = LINE('',#5312,#5313);
#5312 = CARTESIAN_POINT('',(4.55197051469,0.));
#5313 = VECTOR('',#5314,1.);
#5314 = DIRECTION('',(0.,-1.));
#5315 = ( GEOMETRIC_REPRESENTATION_CONTEXT(2) 
PARAMETRIC_REPRESENTATION_CONTEXT() REPRESENTATION_CONTEXT('2D SPACE',''
  ) );
#5316 = PCURVE('',#5317,#5322);
#5317 = PLANE('',#5318);
#5318 = AXIS2_PLACEMENT_3D('',#5319,#5320,#5321);
#5319 = CARTESIAN_POINT('',(48.426778242678,19.280334728033,0.));
#5320 = DIRECTION('',(-0.935601718951,0.353057252434,0.));
#5321 = DIRECTION('',(0.353057252434,0.935601718951,0.));
#5322 = DEFINITIONAL_REPRESENTATION('',(#5323),#5327);
#5323 = LINE('',#5324,#5325);
#5324 = CARTESIAN_POINT('',(0.,0.));
#5325 = VECTOR('',#5326,1.);
#5326 = DIRECTION('',(0.,-1.));
#5327 = ( GEOMETRIC_REPRESENTATION_CONTEXT(2) 
PARAMETRIC_REPRESENTATION_CONTEXT() REPRESENTATION_CONTEXT('2D SPACE',''
  ) );
#5328 = ORIENTED_EDGE('',*,*,#5329,.F.);
#5329 = EDGE_CURVE('',#5226,#5302,#5330,.T.);
#5330 = SURFACE_CURVE('',#5331,(#5335,#5342),.PCURVE_S1.);
#5331 = LINE('',#5332,#5333);
#5332 = CARTESIAN_POINT('',(51.28870292887,15.740585774059,0.));
#5333 = VECTOR('',#5334,1.);
#5334 = DIRECTION('',(-0.628722149442,0.777630026941,0.));
#5335 = PCURVE('',#5241,#5336);
#5336 = DEFINITIONAL_REPRESENTATION('',(#5337),#5341);
#5337 = LINE('',#5338,#5339);
#5338 = CARTESIAN_POINT('',(0.,0.));
#5339 = VECTOR('',#5340,1.);
#5340 = DIRECTION('',(1.,0.));
#5341 = ( GEOMETRIC_REPRESENTATION_CONTEXT(2) 
PARAMETRIC_REPRESENTATION_CONTEXT() REPRESENTATION_CONTEXT('2D SPACE',''
  ) );
#5342 = PCURVE('',#2602,#5343);
#5343 = DEFINITIONAL_REPRESENTATION('',(#5344),#5348);
#5344 = LINE('',#5345,#5346);
#5345 = CARTESIAN_POINT('',(14.093013306044,-0.192379653208));
#5346 = VECTOR('',#5347,1.);
#5347 = DIRECTION('',(-0.628722149442,0.777630026941));
#5348 = ( GEOMETRIC_REPRESENTATION_CONTEXT(2) 
PARAMETRIC_REPRESENTATION_CONTEXT() REPRESENTATION_CONTEXT('2D SPACE',''
  ) );
#5349 = ADVANCED_FACE('',(#5350),#5317,.F.);
#5350 = FACE_BOUND('',#5351,.F.);
#5351 = EDGE_LOOP('',(#5352,#5353,#5376,#5404));
#5352 = ORIENTED_EDGE('',*,*,#5301,.T.);
#5353 = ORIENTED_EDGE('',*,*,#5354,.T.);
#5354 = EDGE_CURVE('',#5279,#5355,#5357,.T.);
#5355 = VERTEX_POINT('',#5356);
#5356 = CARTESIAN_POINT('',(49.933054393305,23.271966527197,3.));
#5357 = SURFACE_CURVE('',#5358,(#5362,#5369),.PCURVE_S1.);
#5358 = LINE('',#5359,#5360);
#5359 = CARTESIAN_POINT('',(48.426778242678,19.280334728033,3.));
#5360 = VECTOR('',#5361,1.);
#5361 = DIRECTION('',(0.353057252434,0.935601718951,0.));
#5362 = PCURVE('',#5317,#5363);
#5363 = DEFINITIONAL_REPRESENTATION('',(#5364),#5368);
#5364 = LINE('',#5365,#5366);
#5365 = CARTESIAN_POINT('',(0.,-3.));
#5366 = VECTOR('',#5367,1.);
#5367 = DIRECTION('',(1.,0.));
#5368 = ( GEOMETRIC_REPRESENTATION_CONTEXT(2) 
PARAMETRIC_REPRESENTATION_CONTEXT() REPRESENTATION_CONTEXT('2D SPACE',''
  ) );
#5369 = PCURVE('',#2548,#5370);
#5370 = DEFINITIONAL_REPRESENTATION('',(#5371),#5375);
#5371 = LINE('',#5372,#5373);
#5372 = CARTESIAN_POINT('',(11.231088619851,3.347369300767));
#5373 = VECTOR('',#5374,1.);
#5374 = DIRECTION('',(0.353057252434,0.935601718951));
#5375 = ( GEOMETRIC_REPRESENTATION_CONTEXT(2) 
PARAMETRIC_REPRESENTATION_CONTEXT() REPRESENTATION_CONTEXT('2D SPACE',''
  ) );
#5376 = ORIENTED_EDGE('',*,*,#5377,.F.);
#5377 = EDGE_CURVE('',#5378,#5355,#5380,.T.);
#5378 = VERTEX_POINT('',#5379);
#5379 = CARTESIAN_POINT('',(49.933054393305,23.271966527197,0.));
#5380 = SURFACE_CURVE('',#5381,(#5385,#5392),.PCURVE_S1.);
#5381 = LINE('',#5382,#5383);
#5382 = CARTESIAN_POINT('',(49.933054393305,23.271966527197,0.));
#5383 = VECTOR('',#5384,1.);
#5384 = DIRECTION('',(0.,0.,1.));
#5385 = PCURVE('',#5317,#5386);
#5386 = DEFINITIONAL_REPRESENTATION('',(#5387),#5391);
#5387 = LINE('',#5388,#5389);
#5388 = CARTESIAN_POINT('',(4.266379291863,0.));
#5389 = VECTOR('',#5390,1.);
#5390 = DIRECTION('',(0.,-1.));
#5391 = ( GEOMETRIC_REPRESENTATION_CONTEXT(2) 
PARAMETRIC_REPRESENTATION_CONTEXT() REPRESENTATION_CONTEXT('2D SPACE',''
  ) );
#5392 = PCURVE('',#5393,#5398);
#5393 = PLANE('',#5394);
#5394 = AXIS2_PLACEMENT_3D('',#5395,#5396,#5397);
#5395 = CARTESIAN_POINT('',(49.933054393305,23.271966527197,0.));
#5396 = DIRECTION('',(-0.998687663477,5.121475197316E-02,0.));
#5397 = DIRECTION('',(5.121475197316E-02,0.998687663477,0.));
#5398 = DEFINITIONAL_REPRESENTATION('',(#5399),#5403);
#5399 = LINE('',#5400,#5401);
#5400 = CARTESIAN_POINT('',(0.,0.));
#5401 = VECTOR('',#5402,1.);
#5402 = DIRECTION('',(0.,-1.));
#5403 = ( GEOMETRIC_REPRESENTATION_CONTEXT(2) 
PARAMETRIC_REPRESENTATION_CONTEXT() REPRESENTATION_CONTEXT('2D SPACE',''
  ) );
#5404 = ORIENTED_EDGE('',*,*,#5405,.F.);
#5405 = EDGE_CURVE('',#5302,#5378,#5406,.T.);
#5406 = SURFACE_CURVE('',#5407,(#5411,#5418),.PCURVE_S1.);
#5407 = LINE('',#5408,#5409);
#5408 = CARTESIAN_POINT('',(48.426778242678,19.280334728033,0.));
#5409 = VECTOR('',#5410,1.);
#5410 = DIRECTION('',(0.353057252434,0.935601718951,0.));
#5411 = PCURVE('',#5317,#5412);
#5412 = DEFINITIONAL_REPRESENTATION('',(#5413),#5417);
#5413 = LINE('',#5414,#5415);
#5414 = CARTESIAN_POINT('',(0.,0.));
#5415 = VECTOR('',#5416,1.);
#5416 = DIRECTION('',(1.,0.));
#5417 = ( GEOMETRIC_REPRESENTATION_CONTEXT(2) 
PARAMETRIC_REPRESENTATION_CONTEXT() REPRESENTATION_CONTEXT('2D SPACE',''
  ) );
#5418 = PCURVE('',#2602,#5419);
#5419 = DEFINITIONAL_REPRESENTATION('',(#5420),#5424);
#5420 = LINE('',#5421,#5422);
#5421 = CARTESIAN_POINT('',(11.231088619851,3.347369300767));
#5422 = VECTOR('',#5423,1.);
#5423 = DIRECTION('',(0.353057252434,0.935601718951));
#5424 = ( GEOMETRIC_REPRESENTATION_CONTEXT(2) 
PARAMETRIC_REPRESENTATION_CONTEXT() REPRESENTATION_CONTEXT('2D SPACE',''
  ) );
#5425 = ADVANCED_FACE('',(#5426),#5393,.F.);
#5426 = FACE_BOUND('',#5427,.F.);
#5427 = EDGE_LOOP('',(#5428,#5429,#5452,#5480));
#5428 = ORIENTED_EDGE('',*,*,#5377,.T.);
#5429 = ORIENTED_EDGE('',*,*,#5430,.T.);
#5430 = EDGE_CURVE('',#5355,#5431,#5433,.T.);
#5431 = VERTEX_POINT('',#5432);
#5432 = CARTESIAN_POINT('',(50.083682008368,26.209205020921,3.));
#5433 = SURFACE_CURVE('',#5434,(#5438,#5445),.PCURVE_S1.);
#5434 = LINE('',#5435,#5436);
#5435 = CARTESIAN_POINT('',(49.933054393305,23.271966527197,3.));
#5436 = VECTOR('',#5437,1.);
#5437 = DIRECTION('',(5.121475197316E-02,0.998687663477,0.));
#5438 = PCURVE('',#5393,#5439);
#5439 = DEFINITIONAL_REPRESENTATION('',(#5440),#5444);
#5440 = LINE('',#5441,#5442);
#5441 = CARTESIAN_POINT('',(0.,-3.));
#5442 = VECTOR('',#5443,1.);
#5443 = DIRECTION('',(1.,0.));
#5444 = ( GEOMETRIC_REPRESENTATION_CONTEXT(2) 
PARAMETRIC_REPRESENTATION_CONTEXT() REPRESENTATION_CONTEXT('2D SPACE',''
  ) );
#5445 = PCURVE('',#2548,#5446);
#5446 = DEFINITIONAL_REPRESENTATION('',(#5447),#5451);
#5447 = LINE('',#5448,#5449);
#5448 = CARTESIAN_POINT('',(12.737364770479,7.33900109993));
#5449 = VECTOR('',#5450,1.);
#5450 = DIRECTION('',(5.121475197316E-02,0.998687663477));
#5451 = ( GEOMETRIC_REPRESENTATION_CONTEXT(2) 
PARAMETRIC_REPRESENTATION_CONTEXT() REPRESENTATION_CONTEXT('2D SPACE',''
  ) );
#5452 = ORIENTED_EDGE('',*,*,#5453,.F.);
#5453 = EDGE_CURVE('',#5454,#5431,#5456,.T.);
#5454 = VERTEX_POINT('',#5455);
#5455 = CARTESIAN_POINT('',(50.083682008368,26.209205020921,0.));
#5456 = SURFACE_CURVE('',#5457,(#5461,#5468),.PCURVE_S1.);
#5457 = LINE('',#5458,#5459);
#5458 = CARTESIAN_POINT('',(50.083682008368,26.209205020921,0.));
#5459 = VECTOR('',#5460,1.);
#5460 = DIRECTION('',(0.,0.,1.));
#5461 = PCURVE('',#5393,#5462);
#5462 = DEFINITIONAL_REPRESENTATION('',(#5463),#5467);
#5463 = LINE('',#5464,#5465);
#5464 = CARTESIAN_POINT('',(2.941098204316,0.));
#5465 = VECTOR('',#5466,1.);
#5466 = DIRECTION('',(0.,-1.));
#5467 = ( GEOMETRIC_REPRESENTATION_CONTEXT(2) 
PARAMETRIC_REPRESENTATION_CONTEXT() REPRESENTATION_CONTEXT('2D SPACE',''
  ) );
#5468 = PCURVE('',#5469,#5474);
#5469 = PLANE('',#5470);
#5470 = AXIS2_PLACEMENT_3D('',#5471,#5472,#5473);
#5471 = CARTESIAN_POINT('',(50.083682008368,26.209205020921,0.));
#5472 = DIRECTION('',(-0.976187060184,-0.216930457819,0.));
#5473 = DIRECTION('',(-0.216930457819,0.976187060184,0.));
#5474 = DEFINITIONAL_REPRESENTATION('',(#5475),#5479);
#5475 = LINE('',#5476,#5477);
#5476 = CARTESIAN_POINT('',(0.,0.));
#5477 = VECTOR('',#5478,1.);
#5478 = DIRECTION('',(0.,-1.));
#5479 = ( GEOMETRIC_REPRESENTATION_CONTEXT(2) 
PARAMETRIC_REPRESENTATION_CONTEXT() REPRESENTATION_CONTEXT('2D SPACE',''
  ) );
#5480 = ORIENTED_EDGE('',*,*,#5481,.F.);
#5481 = EDGE_CURVE('',#5378,#5454,#5482,.T.);
#5482 = SURFACE_CURVE('',#5483,(#5487,#5494),.PCURVE_S1.);
#5483 = LINE('',#5484,#5485);
#5484 = CARTESIAN_POINT('',(49.933054393305,23.271966527197,0.));
#5485 = VECTOR('',#5486,1.);
#5486 = DIRECTION('',(5.121475197316E-02,0.998687663477,0.));
#5487 = PCURVE('',#5393,#5488);
#5488 = DEFINITIONAL_REPRESENTATION('',(#5489),#5493);
#5489 = LINE('',#5490,#5491);
#5490 = CARTESIAN_POINT('',(0.,0.));
#5491 = VECTOR('',#5492,1.);
#5492 = DIRECTION('',(1.,0.));
#5493 = ( GEOMETRIC_REPRESENTATION_CONTEXT(2) 
PARAMETRIC_REPRESENTATION_CONTEXT() REPRESENTATION_CONTEXT('2D SPACE',''
  ) );
#5494 = PCURVE('',#2602,#5495);
#5495 = DEFINITIONAL_REPRESENTATION('',(#5496),#5500);
#5496 = LINE('',#5497,#5498);
#5497 = CARTESIAN_POINT('',(12.737364770479,7.33900109993));
#5498 = VECTOR('',#5499,1.);
#5499 = DIRECTION('',(5.121475197316E-02,0.998687663477));
#5500 = ( GEOMETRIC_REPRESENTATION_CONTEXT(2) 
PARAMETRIC_REPRESENTATION_CONTEXT() REPRESENTATION_CONTEXT('2D SPACE',''
  ) );
#5501 = ADVANCED_FACE('',(#5502),#5469,.F.);
#5502 = FACE_BOUND('',#5503,.F.);
#5503 = EDGE_LOOP('',(#5504,#5505,#5528,#5556));
#5504 = ORIENTED_EDGE('',*,*,#5453,.T.);
#5505 = ORIENTED_EDGE('',*,*,#5506,.T.);
#5506 = EDGE_CURVE('',#5431,#5507,#5509,.T.);
#5507 = VERTEX_POINT('',#5508);
#5508 = CARTESIAN_POINT('',(49.481171548117,28.92050209205,3.));
#5509 = SURFACE_CURVE('',#5510,(#5514,#5521),.PCURVE_S1.);
#5510 = LINE('',#5511,#5512);
#5511 = CARTESIAN_POINT('',(50.083682008368,26.209205020921,3.));
#5512 = VECTOR('',#5513,1.);
#5513 = DIRECTION('',(-0.216930457819,0.976187060184,0.));
#5514 = PCURVE('',#5469,#5515);
#5515 = DEFINITIONAL_REPRESENTATION('',(#5516),#5520);
#5516 = LINE('',#5517,#5518);
#5517 = CARTESIAN_POINT('',(0.,-3.));
#5518 = VECTOR('',#5519,1.);
#5519 = DIRECTION('',(1.,0.));
#5520 = ( GEOMETRIC_REPRESENTATION_CONTEXT(2) 
PARAMETRIC_REPRESENTATION_CONTEXT() REPRESENTATION_CONTEXT('2D SPACE',''
  ) );
#5521 = PCURVE('',#2548,#5522);
#5522 = DEFINITIONAL_REPRESENTATION('',(#5523),#5527);
#5523 = LINE('',#5524,#5525);
#5524 = CARTESIAN_POINT('',(12.887992385542,10.276239593654));
#5525 = VECTOR('',#5526,1.);
#5526 = DIRECTION('',(-0.216930457819,0.976187060184));
#5527 = ( GEOMETRIC_REPRESENTATION_CONTEXT(2) 
PARAMETRIC_REPRESENTATION_CONTEXT() REPRESENTATION_CONTEXT('2D SPACE',''
  ) );
#5528 = ORIENTED_EDGE('',*,*,#5529,.F.);
#5529 = EDGE_CURVE('',#5530,#5507,#5532,.T.);
#5530 = VERTEX_POINT('',#5531);
#5531 = CARTESIAN_POINT('',(49.481171548117,28.92050209205,0.));
#5532 = SURFACE_CURVE('',#5533,(#5537,#5544),.PCURVE_S1.);
#5533 = LINE('',#5534,#5535);
#5534 = CARTESIAN_POINT('',(49.481171548117,28.92050209205,0.));
#5535 = VECTOR('',#5536,1.);
#5536 = DIRECTION('',(0.,0.,1.));
#5537 = PCURVE('',#5469,#5538);
#5538 = DEFINITIONAL_REPRESENTATION('',(#5539),#5543);
#5539 = LINE('',#5540,#5541);
#5540 = CARTESIAN_POINT('',(2.777435987134,0.));
#5541 = VECTOR('',#5542,1.);
#5542 = DIRECTION('',(0.,-1.));
#5543 = ( GEOMETRIC_REPRESENTATION_CONTEXT(2) 
PARAMETRIC_REPRESENTATION_CONTEXT() REPRESENTATION_CONTEXT('2D SPACE',''
  ) );
#5544 = PCURVE('',#5545,#5550);
#5545 = PLANE('',#5546);
#5546 = AXIS2_PLACEMENT_3D('',#5547,#5548,#5549);
#5547 = CARTESIAN_POINT('',(49.481171548117,28.92050209205,0.));
#5548 = DIRECTION('',(-0.907008967748,-0.421111306455,0.));
#5549 = DIRECTION('',(-0.421111306455,0.907008967748,0.));
#5550 = DEFINITIONAL_REPRESENTATION('',(#5551),#5555);
#5551 = LINE('',#5552,#5553);
#5552 = CARTESIAN_POINT('',(0.,0.));
#5553 = VECTOR('',#5554,1.);
#5554 = DIRECTION('',(0.,-1.));
#5555 = ( GEOMETRIC_REPRESENTATION_CONTEXT(2) 
PARAMETRIC_REPRESENTATION_CONTEXT() REPRESENTATION_CONTEXT('2D SPACE',''
  ) );
#5556 = ORIENTED_EDGE('',*,*,#5557,.F.);
#5557 = EDGE_CURVE('',#5454,#5530,#5558,.T.);
#5558 = SURFACE_CURVE('',#5559,(#5563,#5570),.PCURVE_S1.);
#5559 = LINE('',#5560,#5561);
#5560 = CARTESIAN_POINT('',(50.083682008368,26.209205020921,0.));
#5561 = VECTOR('',#5562,1.);
#5562 = DIRECTION('',(-0.216930457819,0.976187060184,0.));
#5563 = PCURVE('',#5469,#5564);
#5564 = DEFINITIONAL_REPRESENTATION('',(#5565),#5569);
#5565 = LINE('',#5566,#5567);
#5566 = CARTESIAN_POINT('',(0.,0.));
#5567 = VECTOR('',#5568,1.);
#5568 = DIRECTION('',(1.,0.));
#5569 = ( GEOMETRIC_REPRESENTATION_CONTEXT(2) 
PARAMETRIC_REPRESENTATION_CONTEXT() REPRESENTATION_CONTEXT('2D SPACE',''
  ) );
#5570 = PCURVE('',#2602,#5571);
#5571 = DEFINITIONAL_REPRESENTATION('',(#5572),#5576);
#5572 = LINE('',#5573,#5574);
#5573 = CARTESIAN_POINT('',(12.887992385542,10.276239593654));
#5574 = VECTOR('',#5575,1.);
#5575 = DIRECTION('',(-0.216930457819,0.976187060184));
#5576 = ( GEOMETRIC_REPRESENTATION_CONTEXT(2) 
PARAMETRIC_REPRESENTATION_CONTEXT() REPRESENTATION_CONTEXT('2D SPACE',''
  ) );
#5577 = ADVANCED_FACE('',(#5578),#5545,.F.);
#5578 = FACE_BOUND('',#5579,.F.);
#5579 = EDGE_LOOP('',(#5580,#5581,#5604,#5627));
#5580 = ORIENTED_EDGE('',*,*,#5529,.T.);
#5581 = ORIENTED_EDGE('',*,*,#5582,.T.);
#5582 = EDGE_CURVE('',#5507,#5583,#5585,.T.);
#5583 = VERTEX_POINT('',#5584);
#5584 = CARTESIAN_POINT('',(48.502092050209,31.029288702929,3.));
#5585 = SURFACE_CURVE('',#5586,(#5590,#5597),.PCURVE_S1.);
#5586 = LINE('',#5587,#5588);
#5587 = CARTESIAN_POINT('',(49.481171548117,28.92050209205,3.));
#5588 = VECTOR('',#5589,1.);
#5589 = DIRECTION('',(-0.421111306455,0.907008967748,0.));
#5590 = PCURVE('',#5545,#5591);
#5591 = DEFINITIONAL_REPRESENTATION('',(#5592),#5596);
#5592 = LINE('',#5593,#5594);
#5593 = CARTESIAN_POINT('',(0.,-3.));
#5594 = VECTOR('',#5595,1.);
#5595 = DIRECTION('',(1.,0.));
#5596 = ( GEOMETRIC_REPRESENTATION_CONTEXT(2) 
PARAMETRIC_REPRESENTATION_CONTEXT() REPRESENTATION_CONTEXT('2D SPACE',''
  ) );
#5597 = PCURVE('',#2548,#5598);
#5598 = DEFINITIONAL_REPRESENTATION('',(#5599),#5603);
#5599 = LINE('',#5600,#5601);
#5600 = CARTESIAN_POINT('',(12.285481925291,12.987536664783));
#5601 = VECTOR('',#5602,1.);
#5602 = DIRECTION('',(-0.421111306455,0.907008967748));
#5603 = ( GEOMETRIC_REPRESENTATION_CONTEXT(2) 
PARAMETRIC_REPRESENTATION_CONTEXT() REPRESENTATION_CONTEXT('2D SPACE',''
  ) );
#5604 = ORIENTED_EDGE('',*,*,#5605,.F.);
#5605 = EDGE_CURVE('',#5606,#5583,#5608,.T.);
#5606 = VERTEX_POINT('',#5607);
#5607 = CARTESIAN_POINT('',(48.502092050209,31.029288702929,0.));
#5608 = SURFACE_CURVE('',#5609,(#5613,#5620),.PCURVE_S1.);
#5609 = LINE('',#5610,#5611);
#5610 = CARTESIAN_POINT('',(48.502092050209,31.029288702929,0.));
#5611 = VECTOR('',#5612,1.);
#5612 = DIRECTION('',(0.,0.,1.));
#5613 = PCURVE('',#5545,#5614);
#5614 = DEFINITIONAL_REPRESENTATION('',(#5615),#5619);
#5615 = LINE('',#5616,#5617);
#5616 = CARTESIAN_POINT('',(2.324989813622,0.));
#5617 = VECTOR('',#5618,1.);
#5618 = DIRECTION('',(0.,-1.));
#5619 = ( GEOMETRIC_REPRESENTATION_CONTEXT(2) 
PARAMETRIC_REPRESENTATION_CONTEXT() REPRESENTATION_CONTEXT('2D SPACE',''
  ) );
#5620 = PCURVE('',#2520,#5621);
#5621 = DEFINITIONAL_REPRESENTATION('',(#5622),#5626);
#5622 = LINE('',#5623,#5624);
#5623 = CARTESIAN_POINT('',(0.,0.));
#5624 = VECTOR('',#5625,1.);
#5625 = DIRECTION('',(0.,-1.));
#5626 = ( GEOMETRIC_REPRESENTATION_CONTEXT(2) 
PARAMETRIC_REPRESENTATION_CONTEXT() REPRESENTATION_CONTEXT('2D SPACE',''
  ) );
#5627 = ORIENTED_EDGE('',*,*,#5628,.F.);
#5628 = EDGE_CURVE('',#5530,#5606,#5629,.T.);
#5629 = SURFACE_CURVE('',#5630,(#5634,#5641),.PCURVE_S1.);
#5630 = LINE('',#5631,#5632);
#5631 = CARTESIAN_POINT('',(49.481171548117,28.92050209205,0.));
#5632 = VECTOR('',#5633,1.);
#5633 = DIRECTION('',(-0.421111306455,0.907008967748,0.));
#5634 = PCURVE('',#5545,#5635);
#5635 = DEFINITIONAL_REPRESENTATION('',(#5636),#5640);
#5636 = LINE('',#5637,#5638);
#5637 = CARTESIAN_POINT('',(0.,0.));
#5638 = VECTOR('',#5639,1.);
#5639 = DIRECTION('',(1.,0.));
#5640 = ( GEOMETRIC_REPRESENTATION_CONTEXT(2) 
PARAMETRIC_REPRESENTATION_CONTEXT() REPRESENTATION_CONTEXT('2D SPACE',''
  ) );
#5641 = PCURVE('',#2602,#5642);
#5642 = DEFINITIONAL_REPRESENTATION('',(#5643),#5647);
#5643 = LINE('',#5644,#5645);
#5644 = CARTESIAN_POINT('',(12.285481925291,12.987536664783));
#5645 = VECTOR('',#5646,1.);
#5646 = DIRECTION('',(-0.421111306455,0.907008967748));
#5647 = ( GEOMETRIC_REPRESENTATION_CONTEXT(2) 
PARAMETRIC_REPRESENTATION_CONTEXT() REPRESENTATION_CONTEXT('2D SPACE',''
  ) );
#5648 = ADVANCED_FACE('',(#5649),#2520,.F.);
#5649 = FACE_BOUND('',#5650,.F.);
#5650 = EDGE_LOOP('',(#5651,#5652,#5673,#5674));
#5651 = ORIENTED_EDGE('',*,*,#5605,.T.);
#5652 = ORIENTED_EDGE('',*,*,#5653,.T.);
#5653 = EDGE_CURVE('',#5583,#2500,#5654,.T.);
#5654 = SURFACE_CURVE('',#5655,(#5659,#5666),.PCURVE_S1.);
#5655 = LINE('',#5656,#5657);
#5656 = CARTESIAN_POINT('',(48.502092050209,31.029288702929,3.));
#5657 = VECTOR('',#5658,1.);
#5658 = DIRECTION('',(-0.722990691153,0.690857771546,0.));
#5659 = PCURVE('',#2520,#5660);
#5660 = DEFINITIONAL_REPRESENTATION('',(#5661),#5665);
#5661 = LINE('',#5662,#5663);
#5662 = CARTESIAN_POINT('',(0.,-3.));
#5663 = VECTOR('',#5664,1.);
#5664 = DIRECTION('',(1.,0.));
#5665 = ( GEOMETRIC_REPRESENTATION_CONTEXT(2) 
PARAMETRIC_REPRESENTATION_CONTEXT() REPRESENTATION_CONTEXT('2D SPACE',''
  ) );
#5666 = PCURVE('',#2548,#5667);
#5667 = DEFINITIONAL_REPRESENTATION('',(#5668),#5672);
#5668 = LINE('',#5669,#5670);
#5669 = CARTESIAN_POINT('',(11.306402427383,15.096323275662));
#5670 = VECTOR('',#5671,1.);
#5671 = DIRECTION('',(-0.722990691153,0.690857771546));
#5672 = ( GEOMETRIC_REPRESENTATION_CONTEXT(2) 
PARAMETRIC_REPRESENTATION_CONTEXT() REPRESENTATION_CONTEXT('2D SPACE',''
  ) );
#5673 = ORIENTED_EDGE('',*,*,#2497,.F.);
#5674 = ORIENTED_EDGE('',*,*,#5675,.F.);
#5675 = EDGE_CURVE('',#5606,#2498,#5676,.T.);
#5676 = SURFACE_CURVE('',#5677,(#5681,#5688),.PCURVE_S1.);
#5677 = LINE('',#5678,#5679);
#5678 = CARTESIAN_POINT('',(48.502092050209,31.029288702929,0.));
#5679 = VECTOR('',#5680,1.);
#5680 = DIRECTION('',(-0.722990691153,0.690857771546,0.));
#5681 = PCURVE('',#2520,#5682);
#5682 = DEFINITIONAL_REPRESENTATION('',(#5683),#5687);
#5683 = LINE('',#5684,#5685);
#5684 = CARTESIAN_POINT('',(0.,0.));
#5685 = VECTOR('',#5686,1.);
#5686 = DIRECTION('',(1.,0.));
#5687 = ( GEOMETRIC_REPRESENTATION_CONTEXT(2) 
PARAMETRIC_REPRESENTATION_CONTEXT() REPRESENTATION_CONTEXT('2D SPACE',''
  ) );
#5688 = PCURVE('',#2602,#5689);
#5689 = DEFINITIONAL_REPRESENTATION('',(#5690),#5694);
#5690 = LINE('',#5691,#5692);
#5691 = CARTESIAN_POINT('',(11.306402427383,15.096323275662));
#5692 = VECTOR('',#5693,1.);
#5693 = DIRECTION('',(-0.722990691153,0.690857771546));
#5694 = ( GEOMETRIC_REPRESENTATION_CONTEXT(2) 
PARAMETRIC_REPRESENTATION_CONTEXT() REPRESENTATION_CONTEXT('2D SPACE',''
  ) );
#5695 = ADVANCED_FACE('',(#5696),#2602,.F.);
#5696 = FACE_BOUND('',#5697,.F.);
#5697 = EDGE_LOOP('',(#5698,#5699,#5700,#5701,#5702,#5703,#5704,#5705,
    #5706,#5707,#5708,#5709,#5710,#5711,#5712,#5713,#5714,#5715,#5716,
    #5717,#5718,#5719,#5720,#5721,#5722,#5723,#5724,#5725,#5726,#5727,
    #5728,#5729,#5730,#5731,#5732,#5733,#5734,#5735,#5736,#5737,#5738,
    #5739));
#5698 = ORIENTED_EDGE('',*,*,#2588,.T.);
#5699 = ORIENTED_EDGE('',*,*,#2669,.T.);
#5700 = ORIENTED_EDGE('',*,*,#2745,.T.);
#5701 = ORIENTED_EDGE('',*,*,#2821,.T.);
#5702 = ORIENTED_EDGE('',*,*,#2897,.T.);
#5703 = ORIENTED_EDGE('',*,*,#2973,.T.);
#5704 = ORIENTED_EDGE('',*,*,#3049,.T.);
#5705 = ORIENTED_EDGE('',*,*,#3125,.T.);
#5706 = ORIENTED_EDGE('',*,*,#3201,.T.);
#5707 = ORIENTED_EDGE('',*,*,#3277,.T.);
#5708 = ORIENTED_EDGE('',*,*,#3353,.T.);
#5709 = ORIENTED_EDGE('',*,*,#3429,.T.);
#5710 = ORIENTED_EDGE('',*,*,#3505,.T.);
#5711 = ORIENTED_EDGE('',*,*,#3581,.T.);
#5712 = ORIENTED_EDGE('',*,*,#3657,.T.);
#5713 = ORIENTED_EDGE('',*,*,#3733,.T.);
#5714 = ORIENTED_EDGE('',*,*,#3809,.T.);
#5715 = ORIENTED_EDGE('',*,*,#3885,.T.);
#5716 = ORIENTED_EDGE('',*,*,#3961,.T.);
#5717 = ORIENTED_EDGE('',*,*,#4037,.T.);
#5718 = ORIENTED_EDGE('',*,*,#4113,.T.);
#5719 = ORIENTED_EDGE('',*,*,#4189,.T.);
#5720 = ORIENTED_EDGE('',*,*,#4265,.T.);
#5721 = ORIENTED_EDGE('',*,*,#4341,.T.);
#5722 = ORIENTED_EDGE('',*,*,#4417,.T.);
#5723 = ORIENTED_EDGE('',*,*,#4493,.T.);
#5724 = ORIENTED_EDGE('',*,*,#4569,.T.);
#5725 = ORIENTED_EDGE('',*,*,#4645,.T.);
#5726 = ORIENTED_EDGE('',*,*,#4721,.T.);
#5727 = ORIENTED_EDGE('',*,*,#4797,.T.);
#5728 = ORIENTED_EDGE('',*,*,#4873,.T.);
#5729 = ORIENTED_EDGE('',*,*,#4949,.T.);
#5730 = ORIENTED_EDGE('',*,*,#5025,.T.);
#5731 = ORIENTED_EDGE('',*,*,#5101,.T.);
#5732 = ORIENTED_EDGE('',*,*,#5177,.T.);
#5733 = ORIENTED_EDGE('',*,*,#5253,.T.);
#5734 = ORIENTED_EDGE('',*,*,#5329,.T.);
#5735 = ORIENTED_EDGE('',*,*,#5405,.T.);
#5736 = ORIENTED_EDGE('',*,*,#5481,.T.);
#5737 = ORIENTED_EDGE('',*,*,#5557,.T.);
#5738 = ORIENTED_EDGE('',*,*,#5628,.T.);
#5739 = ORIENTED_EDGE('',*,*,#5675,.T.);
#5740 = ADVANCED_FACE('',(#5741),#2548,.T.);
#5741 = FACE_BOUND('',#5742,.T.);
#5742 = EDGE_LOOP('',(#5743,#5744,#5745,#5746,#5747,#5748,#5749,#5750,
    #5751,#5752,#5753,#5754,#5755,#5756,#5757,#5758,#5759,#5760,#5761,
    #5762,#5763,#5764,#5765,#5766,#5767,#5768,#5769,#5770,#5771,#5772,
    #5773,#5774,#5775,#5776,#5777,#5778,#5779,#5780,#5781,#5782,#5783,
    #5784));
#5743 = ORIENTED_EDGE('',*,*,#2532,.T.);
#5744 = ORIENTED_EDGE('',*,*,#2618,.T.);
#5745 = ORIENTED_EDGE('',*,*,#2694,.T.);
#5746 = ORIENTED_EDGE('',*,*,#2770,.T.);
#5747 = ORIENTED_EDGE('',*,*,#2846,.T.);
#5748 = ORIENTED_EDGE('',*,*,#2922,.T.);
#5749 = ORIENTED_EDGE('',*,*,#2998,.T.);
#5750 = ORIENTED_EDGE('',*,*,#3074,.T.);
#5751 = ORIENTED_EDGE('',*,*,#3150,.T.);
#5752 = ORIENTED_EDGE('',*,*,#3226,.T.);
#5753 = ORIENTED_EDGE('',*,*,#3302,.T.);
#5754 = ORIENTED_EDGE('',*,*,#3378,.T.);
#5755 = ORIENTED_EDGE('',*,*,#3454,.T.);
#5756 = ORIENTED_EDGE('',*,*,#3530,.T.);
#5757 = ORIENTED_EDGE('',*,*,#3606,.T.);
#5758 = ORIENTED_EDGE('',*,*,#3682,.T.);
#5759 = ORIENTED_EDGE('',*,*,#3758,.T.);
#5760 = ORIENTED_EDGE('',*,*,#3834,.T.);
#5761 = ORIENTED_EDGE('',*,*,#3910,.T.);
#5762 = ORIENTED_EDGE('',*,*,#3986,.T.);
#5763 = ORIENTED_EDGE('',*,*,#4062,.T.);
#5764 = ORIENTED_EDGE('',*,*,#4138,.T.);
#5765 = ORIENTED_EDGE('',*,*,#4214,.T.);
#5766 = ORIENTED_EDGE('',*,*,#4290,.T.);
#5767 = ORIENTED_EDGE('',*,*,#4366,.T.);
#5768 = ORIENTED_EDGE('',*,*,#4442,.T.);
#5769 = ORIENTED_EDGE('',*,*,#4518,.T.);
#5770 = ORIENTED_EDGE('',*,*,#4594,.T.);
#5771 = ORIENTED_EDGE('',*,*,#4670,.T.);
#5772 = ORIENTED_EDGE('',*,*,#4746,.T.);
#5773 = ORIENTED_EDGE('',*,*,#4822,.T.);
#5774 = ORIENTED_EDGE('',*,*,#4898,.T.);
#5775 = ORIENTED_EDGE('',*,*,#4974,.T.);
#5776 = ORIENTED_EDGE('',*,*,#5050,.T.);
#5777 = ORIENTED_EDGE('',*,*,#5126,.T.);
#5778 = ORIENTED_EDGE('',*,*,#5202,.T.);
#5779 = ORIENTED_EDGE('',*,*,#5278,.T.);
#5780 = ORIENTED_EDGE('',*,*,#5354,.T.);
#5781 = ORIENTED_EDGE('',*,*,#5430,.T.);
#5782 = ORIENTED_EDGE('',*,*,#5506,.T.);
#5783 = ORIENTED_EDGE('',*,*,#5582,.T.);
#5784 = ORIENTED_EDGE('',*,*,#5653,.T.);
#5785 = ( GEOMETRIC_REPRESENTATION_CONTEXT(3) 
GLOBAL_UNCERTAINTY_ASSIGNED_CONTEXT((#5789)) 
GLOBAL_UNIT_ASSIGNED_CONTEXT((#5786,#5787,#5788)) REPRESENTATION_CONTEXT
('Context #1','3D Context with UNIT and UNCERTAINTY') );
#5786 = ( LENGTH_UNIT() NAMED_UNIT(*) SI_UNIT(.MILLI.,.METRE.) );
#5787 = ( NAMED_UNIT(*) PLANE_ANGLE_UNIT() SI_UNIT($,.RADIAN.) );
#5788 = ( NAMED_UNIT(*) SI_UNIT($,.STERADIAN.) SOLID_ANGLE_UNIT() );
#5789 = UNCERTAINTY_MEASURE_WITH_UNIT(LENGTH_MEASURE(1.E-07),#5786,
  'distance_accuracy_value','confusion accuracy');
#5790 = CONTEXT_DEPENDENT_SHAPE_REPRESENTATION(#5791,#5793);
#5791 = ( REPRESENTATION_RELATIONSHIP('','',#36,#10) 
REPRESENTATION_RELATIONSHIP_WITH_TRANSFORMATION(#5792) 
SHAPE_REPRESENTATION_RELATIONSHIP() );
#5792 = ITEM_DEFINED_TRANSFORMATION('','',#11,#15);
#5793 = PRODUCT_DEFINITION_SHAPE('Placement','Placement of an item',
  #5794);
#5794 = NEXT_ASSEMBLY_USAGE_OCCURRENCE('1','blue','',#5,#31,$);
#5795 = PRODUCT_RELATED_PRODUCT_CATEGORY('part',$,(#33));
#5796 = SHAPE_DEFINITION_REPRESENTATION(#5797,#5803);
#5797 = PRODUCT_DEFINITION_SHAPE('','',#5798);
#5798 = PRODUCT_DEFINITION('design','',#5799,#5802);
#5799 = PRODUCT_DEFINITION_FORMATION('','',#5800);
#5800 = PRODUCT('red','red','',(#5801));
#5801 = PRODUCT_CONTEXT('',#2,'mechanical');
#5802 = PRODUCT_DEFINITION_CONTEXT('part definition',#2,'design');
#5803 = SHAPE_REPRESENTATION('',(#11,#5804,#7928,#10520,#11786,#14768),
  #16112);
#5804 = MANIFOLD_SOLID_BREP('',#5805);
#5805 = CLOSED_SHELL('',(#5806,#5926,#6002,#6078,#6154,#6230,#6306,#6382
    ,#6458,#6534,#6610,#6686,#6762,#6838,#6914,#6990,#7066,#7142,#7218,
    #7294,#7370,#7446,#7522,#7598,#7674,#7750,#7821,#7868,#7898));
#5806 = ADVANCED_FACE('',(#5807),#5821,.F.);
#5807 = FACE_BOUND('',#5808,.F.);
#5808 = EDGE_LOOP('',(#5809,#5844,#5872,#5900));
#5809 = ORIENTED_EDGE('',*,*,#5810,.T.);
#5810 = EDGE_CURVE('',#5811,#5813,#5815,.T.);
#5811 = VERTEX_POINT('',#5812);
#5812 = CARTESIAN_POINT('',(175.70711297071,35.322175732218,0.));
#5813 = VERTEX_POINT('',#5814);
#5814 = CARTESIAN_POINT('',(175.70711297071,35.322175732218,3.));
#5815 = SURFACE_CURVE('',#5816,(#5820,#5832),.PCURVE_S1.);
#5816 = LINE('',#5817,#5818);
#5817 = CARTESIAN_POINT('',(175.70711297071,35.322175732218,0.));
#5818 = VECTOR('',#5819,1.);
#5819 = DIRECTION('',(0.,0.,1.));
#5820 = PCURVE('',#5821,#5826);
#5821 = PLANE('',#5822);
#5822 = AXIS2_PLACEMENT_3D('',#5823,#5824,#5825);
#5823 = CARTESIAN_POINT('',(175.70711297071,35.322175732218,0.));
#5824 = DIRECTION('',(0.813733471207,-0.581238193719,0.));
#5825 = DIRECTION('',(-0.581238193719,-0.813733471207,0.));
#5826 = DEFINITIONAL_REPRESENTATION('',(#5827),#5831);
#5827 = LINE('',#5828,#5829);
#5828 = CARTESIAN_POINT('',(0.,0.));
#5829 = VECTOR('',#5830,1.);
#5830 = DIRECTION('',(0.,-1.));
#5831 = ( GEOMETRIC_REPRESENTATION_CONTEXT(2) 
PARAMETRIC_REPRESENTATION_CONTEXT() REPRESENTATION_CONTEXT('2D SPACE',''
  ) );
#5832 = PCURVE('',#5833,#5838);
#5833 = PLANE('',#5834);
#5834 = AXIS2_PLACEMENT_3D('',#5835,#5836,#5837);
#5835 = CARTESIAN_POINT('',(193.33054393305,35.397489539749,0.));
#5836 = DIRECTION('',(4.273465250879E-03,-0.999990868706,0.));
#5837 = DIRECTION('',(-0.999990868706,-4.273465250879E-03,0.));
#5838 = DEFINITIONAL_REPRESENTATION('',(#5839),#5843);
#5839 = LINE('',#5840,#5841);
#5840 = CARTESIAN_POINT('',(17.623591888548,0.));
#5841 = VECTOR('',#5842,1.);
#5842 = DIRECTION('',(0.,-1.));
#5843 = ( GEOMETRIC_REPRESENTATION_CONTEXT(2) 
PARAMETRIC_REPRESENTATION_CONTEXT() REPRESENTATION_CONTEXT('2D SPACE',''
  ) );
#5844 = ORIENTED_EDGE('',*,*,#5845,.T.);
#5845 = EDGE_CURVE('',#5813,#5846,#5848,.T.);
#5846 = VERTEX_POINT('',#5847);
#5847 = CARTESIAN_POINT('',(175.33054393305,34.794979079498,3.));
#5848 = SURFACE_CURVE('',#5849,(#5853,#5860),.PCURVE_S1.);
#5849 = LINE('',#5850,#5851);
#5850 = CARTESIAN_POINT('',(175.70711297071,35.322175732218,3.));
#5851 = VECTOR('',#5852,1.);
#5852 = DIRECTION('',(-0.581238193719,-0.813733471207,0.));
#5853 = PCURVE('',#5821,#5854);
#5854 = DEFINITIONAL_REPRESENTATION('',(#5855),#5859);
#5855 = LINE('',#5856,#5857);
#5856 = CARTESIAN_POINT('',(0.,-3.));
#5857 = VECTOR('',#5858,1.);
#5858 = DIRECTION('',(1.,0.));
#5859 = ( GEOMETRIC_REPRESENTATION_CONTEXT(2) 
PARAMETRIC_REPRESENTATION_CONTEXT() REPRESENTATION_CONTEXT('2D SPACE',''
  ) );
#5860 = PCURVE('',#5861,#5866);
#5861 = PLANE('',#5862);
#5862 = AXIS2_PLACEMENT_3D('',#5863,#5864,#5865);
#5863 = CARTESIAN_POINT('',(186.94198796399,17.380405848902,3.));
#5864 = DIRECTION('',(0.,0.,1.));
#5865 = DIRECTION('',(1.,0.,-0.));
#5866 = DEFINITIONAL_REPRESENTATION('',(#5867),#5871);
#5867 = LINE('',#5868,#5869);
#5868 = CARTESIAN_POINT('',(-11.23487499328,17.941769883316));
#5869 = VECTOR('',#5870,1.);
#5870 = DIRECTION('',(-0.581238193719,-0.813733471207));
#5871 = ( GEOMETRIC_REPRESENTATION_CONTEXT(2) 
PARAMETRIC_REPRESENTATION_CONTEXT() REPRESENTATION_CONTEXT('2D SPACE',''
  ) );
#5872 = ORIENTED_EDGE('',*,*,#5873,.F.);
#5873 = EDGE_CURVE('',#5874,#5846,#5876,.T.);
#5874 = VERTEX_POINT('',#5875);
#5875 = CARTESIAN_POINT('',(175.33054393305,34.794979079498,0.));
#5876 = SURFACE_CURVE('',#5877,(#5881,#5888),.PCURVE_S1.);
#5877 = LINE('',#5878,#5879);
#5878 = CARTESIAN_POINT('',(175.33054393305,34.794979079498,0.));
#5879 = VECTOR('',#5880,1.);
#5880 = DIRECTION('',(0.,0.,1.));
#5881 = PCURVE('',#5821,#5882);
#5882 = DEFINITIONAL_REPRESENTATION('',(#5883),#5887);
#5883 = LINE('',#5884,#5885);
#5884 = CARTESIAN_POINT('',(0.647873869484,0.));
#5885 = VECTOR('',#5886,1.);
#5886 = DIRECTION('',(0.,-1.));
#5887 = ( GEOMETRIC_REPRESENTATION_CONTEXT(2) 
PARAMETRIC_REPRESENTATION_CONTEXT() REPRESENTATION_CONTEXT('2D SPACE',''
  ) );
#5888 = PCURVE('',#5889,#5894);
#5889 = PLANE('',#5890);
#5890 = AXIS2_PLACEMENT_3D('',#5891,#5892,#5893);
#5891 = CARTESIAN_POINT('',(175.33054393305,34.794979079498,0.));
#5892 = DIRECTION('',(0.999858796949,1.680434952856E-02,-0.));
#5893 = DIRECTION('',(1.680434952856E-02,-0.999858796949,0.));
#5894 = DEFINITIONAL_REPRESENTATION('',(#5895),#5899);
#5895 = LINE('',#5896,#5897);
#5896 = CARTESIAN_POINT('',(0.,0.));
#5897 = VECTOR('',#5898,1.);
#5898 = DIRECTION('',(0.,-1.));
#5899 = ( GEOMETRIC_REPRESENTATION_CONTEXT(2) 
PARAMETRIC_REPRESENTATION_CONTEXT() REPRESENTATION_CONTEXT('2D SPACE',''
  ) );
#5900 = ORIENTED_EDGE('',*,*,#5901,.F.);
#5901 = EDGE_CURVE('',#5811,#5874,#5902,.T.);
#5902 = SURFACE_CURVE('',#5903,(#5907,#5914),.PCURVE_S1.);
#5903 = LINE('',#5904,#5905);
#5904 = CARTESIAN_POINT('',(175.70711297071,35.322175732218,0.));
#5905 = VECTOR('',#5906,1.);
#5906 = DIRECTION('',(-0.581238193719,-0.813733471207,0.));
#5907 = PCURVE('',#5821,#5908);
#5908 = DEFINITIONAL_REPRESENTATION('',(#5909),#5913);
#5909 = LINE('',#5910,#5911);
#5910 = CARTESIAN_POINT('',(0.,0.));
#5911 = VECTOR('',#5912,1.);
#5912 = DIRECTION('',(1.,0.));
#5913 = ( GEOMETRIC_REPRESENTATION_CONTEXT(2) 
PARAMETRIC_REPRESENTATION_CONTEXT() REPRESENTATION_CONTEXT('2D SPACE',''
  ) );
#5914 = PCURVE('',#5915,#5920);
#5915 = PLANE('',#5916);
#5916 = AXIS2_PLACEMENT_3D('',#5917,#5918,#5919);
#5917 = CARTESIAN_POINT('',(186.94198796399,17.380405848902,0.));
#5918 = DIRECTION('',(0.,0.,1.));
#5919 = DIRECTION('',(1.,0.,-0.));
#5920 = DEFINITIONAL_REPRESENTATION('',(#5921),#5925);
#5921 = LINE('',#5922,#5923);
#5922 = CARTESIAN_POINT('',(-11.23487499328,17.941769883316));
#5923 = VECTOR('',#5924,1.);
#5924 = DIRECTION('',(-0.581238193719,-0.813733471207));
#5925 = ( GEOMETRIC_REPRESENTATION_CONTEXT(2) 
PARAMETRIC_REPRESENTATION_CONTEXT() REPRESENTATION_CONTEXT('2D SPACE',''
  ) );
#5926 = ADVANCED_FACE('',(#5927),#5889,.F.);
#5927 = FACE_BOUND('',#5928,.F.);
#5928 = EDGE_LOOP('',(#5929,#5930,#5953,#5981));
#5929 = ORIENTED_EDGE('',*,*,#5873,.T.);
#5930 = ORIENTED_EDGE('',*,*,#5931,.T.);
#5931 = EDGE_CURVE('',#5846,#5932,#5934,.T.);
#5932 = VERTEX_POINT('',#5933);
#5933 = CARTESIAN_POINT('',(175.48117154811,25.832635983264,3.));
#5934 = SURFACE_CURVE('',#5935,(#5939,#5946),.PCURVE_S1.);
#5935 = LINE('',#5936,#5937);
#5936 = CARTESIAN_POINT('',(175.33054393305,34.794979079498,3.));
#5937 = VECTOR('',#5938,1.);
#5938 = DIRECTION('',(1.680434952856E-02,-0.999858796949,0.));
#5939 = PCURVE('',#5889,#5940);
#5940 = DEFINITIONAL_REPRESENTATION('',(#5941),#5945);
#5941 = LINE('',#5942,#5943);
#5942 = CARTESIAN_POINT('',(0.,-3.));
#5943 = VECTOR('',#5944,1.);
#5944 = DIRECTION('',(1.,0.));
#5945 = ( GEOMETRIC_REPRESENTATION_CONTEXT(2) 
PARAMETRIC_REPRESENTATION_CONTEXT() REPRESENTATION_CONTEXT('2D SPACE',''
  ) );
#5946 = PCURVE('',#5861,#5947);
#5947 = DEFINITIONAL_REPRESENTATION('',(#5948),#5952);
#5948 = LINE('',#5949,#5950);
#5949 = CARTESIAN_POINT('',(-11.61144403093,17.414573230596));
#5950 = VECTOR('',#5951,1.);
#5951 = DIRECTION('',(1.680434952856E-02,-0.999858796949));
#5952 = ( GEOMETRIC_REPRESENTATION_CONTEXT(2) 
PARAMETRIC_REPRESENTATION_CONTEXT() REPRESENTATION_CONTEXT('2D SPACE',''
  ) );
#5953 = ORIENTED_EDGE('',*,*,#5954,.F.);
#5954 = EDGE_CURVE('',#5955,#5932,#5957,.T.);
#5955 = VERTEX_POINT('',#5956);
#5956 = CARTESIAN_POINT('',(175.48117154811,25.832635983264,0.));
#5957 = SURFACE_CURVE('',#5958,(#5962,#5969),.PCURVE_S1.);
#5958 = LINE('',#5959,#5960);
#5959 = CARTESIAN_POINT('',(175.48117154811,25.832635983264,0.));
#5960 = VECTOR('',#5961,1.);
#5961 = DIRECTION('',(0.,0.,1.));
#5962 = PCURVE('',#5889,#5963);
#5963 = DEFINITIONAL_REPRESENTATION('',(#5964),#5968);
#5964 = LINE('',#5965,#5966);
#5965 = CARTESIAN_POINT('',(8.96360878514,0.));
#5966 = VECTOR('',#5967,1.);
#5967 = DIRECTION('',(0.,-1.));
#5968 = ( GEOMETRIC_REPRESENTATION_CONTEXT(2) 
PARAMETRIC_REPRESENTATION_CONTEXT() REPRESENTATION_CONTEXT('2D SPACE',''
  ) );
#5969 = PCURVE('',#5970,#5975);
#5970 = PLANE('',#5971);
#5971 = AXIS2_PLACEMENT_3D('',#5972,#5973,#5974);
#5972 = CARTESIAN_POINT('',(175.48117154811,25.832635983264,0.));
#5973 = DIRECTION('',(0.529998940003,0.847998304005,-0.));
#5974 = DIRECTION('',(0.847998304005,-0.529998940003,0.));
#5975 = DEFINITIONAL_REPRESENTATION('',(#5976),#5980);
#5976 = LINE('',#5977,#5978);
#5977 = CARTESIAN_POINT('',(0.,0.));
#5978 = VECTOR('',#5979,1.);
#5979 = DIRECTION('',(0.,-1.));
#5980 = ( GEOMETRIC_REPRESENTATION_CONTEXT(2) 
PARAMETRIC_REPRESENTATION_CONTEXT() REPRESENTATION_CONTEXT('2D SPACE',''
  ) );
#5981 = ORIENTED_EDGE('',*,*,#5982,.F.);
#5982 = EDGE_CURVE('',#5874,#5955,#5983,.T.);
#5983 = SURFACE_CURVE('',#5984,(#5988,#5995),.PCURVE_S1.);
#5984 = LINE('',#5985,#5986);
#5985 = CARTESIAN_POINT('',(175.33054393305,34.794979079498,0.));
#5986 = VECTOR('',#5987,1.);
#5987 = DIRECTION('',(1.680434952856E-02,-0.999858796949,0.));
#5988 = PCURVE('',#5889,#5989);
#5989 = DEFINITIONAL_REPRESENTATION('',(#5990),#5994);
#5990 = LINE('',#5991,#5992);
#5991 = CARTESIAN_POINT('',(0.,0.));
#5992 = VECTOR('',#5993,1.);
#5993 = DIRECTION('',(1.,0.));
#5994 = ( GEOMETRIC_REPRESENTATION_CONTEXT(2) 
PARAMETRIC_REPRESENTATION_CONTEXT() REPRESENTATION_CONTEXT('2D SPACE',''
  ) );
#5995 = PCURVE('',#5915,#5996);
#5996 = DEFINITIONAL_REPRESENTATION('',(#5997),#6001);
#5997 = LINE('',#5998,#5999);
#5998 = CARTESIAN_POINT('',(-11.61144403093,17.414573230596));
#5999 = VECTOR('',#6000,1.);
#6000 = DIRECTION('',(1.680434952856E-02,-0.999858796949));
#6001 = ( GEOMETRIC_REPRESENTATION_CONTEXT(2) 
PARAMETRIC_REPRESENTATION_CONTEXT() REPRESENTATION_CONTEXT('2D SPACE',''
  ) );
#6002 = ADVANCED_FACE('',(#6003),#5970,.F.);
#6003 = FACE_BOUND('',#6004,.F.);
#6004 = EDGE_LOOP('',(#6005,#6006,#6029,#6057));
#6005 = ORIENTED_EDGE('',*,*,#5954,.T.);
#6006 = ORIENTED_EDGE('',*,*,#6007,.T.);
#6007 = EDGE_CURVE('',#5932,#6008,#6010,.T.);
#6008 = VERTEX_POINT('',#6009);
#6009 = CARTESIAN_POINT('',(176.08368200836,25.456066945607,3.));
#6010 = SURFACE_CURVE('',#6011,(#6015,#6022),.PCURVE_S1.);
#6011 = LINE('',#6012,#6013);
#6012 = CARTESIAN_POINT('',(175.48117154811,25.832635983264,3.));
#6013 = VECTOR('',#6014,1.);
#6014 = DIRECTION('',(0.847998304005,-0.529998940003,0.));
#6015 = PCURVE('',#5970,#6016);
#6016 = DEFINITIONAL_REPRESENTATION('',(#6017),#6021);
#6017 = LINE('',#6018,#6019);
#6018 = CARTESIAN_POINT('',(0.,-3.));
#6019 = VECTOR('',#6020,1.);
#6020 = DIRECTION('',(1.,0.));
#6021 = ( GEOMETRIC_REPRESENTATION_CONTEXT(2) 
PARAMETRIC_REPRESENTATION_CONTEXT() REPRESENTATION_CONTEXT('2D SPACE',''
  ) );
#6022 = PCURVE('',#5861,#6023);
#6023 = DEFINITIONAL_REPRESENTATION('',(#6024),#6028);
#6024 = LINE('',#6025,#6026);
#6025 = CARTESIAN_POINT('',(-11.46081641587,8.452230134362));
#6026 = VECTOR('',#6027,1.);
#6027 = DIRECTION('',(0.847998304005,-0.529998940003));
#6028 = ( GEOMETRIC_REPRESENTATION_CONTEXT(2) 
PARAMETRIC_REPRESENTATION_CONTEXT() REPRESENTATION_CONTEXT('2D SPACE',''
  ) );
#6029 = ORIENTED_EDGE('',*,*,#6030,.F.);
#6030 = EDGE_CURVE('',#6031,#6008,#6033,.T.);
#6031 = VERTEX_POINT('',#6032);
#6032 = CARTESIAN_POINT('',(176.08368200836,25.456066945607,0.));
#6033 = SURFACE_CURVE('',#6034,(#6038,#6045),.PCURVE_S1.);
#6034 = LINE('',#6035,#6036);
#6035 = CARTESIAN_POINT('',(176.08368200836,25.456066945607,0.));
#6036 = VECTOR('',#6037,1.);
#6037 = DIRECTION('',(0.,0.,1.));
#6038 = PCURVE('',#5970,#6039);
#6039 = DEFINITIONAL_REPRESENTATION('',(#6040),#6044);
#6040 = LINE('',#6041,#6042);
#6041 = CARTESIAN_POINT('',(0.710509039234,0.));
#6042 = VECTOR('',#6043,1.);
#6043 = DIRECTION('',(0.,-1.));
#6044 = ( GEOMETRIC_REPRESENTATION_CONTEXT(2) 
PARAMETRIC_REPRESENTATION_CONTEXT() REPRESENTATION_CONTEXT('2D SPACE',''
  ) );
#6045 = PCURVE('',#6046,#6051);
#6046 = PLANE('',#6047);
#6047 = AXIS2_PLACEMENT_3D('',#6048,#6049,#6050);
#6048 = CARTESIAN_POINT('',(176.08368200836,25.456066945607,0.));
#6049 = DIRECTION('',(0.,1.,0.));
#6050 = DIRECTION('',(1.,0.,0.));
#6051 = DEFINITIONAL_REPRESENTATION('',(#6052),#6056);
#6052 = LINE('',#6053,#6054);
#6053 = CARTESIAN_POINT('',(0.,0.));
#6054 = VECTOR('',#6055,1.);
#6055 = DIRECTION('',(0.,-1.));
#6056 = ( GEOMETRIC_REPRESENTATION_CONTEXT(2) 
PARAMETRIC_REPRESENTATION_CONTEXT() REPRESENTATION_CONTEXT('2D SPACE',''
  ) );
#6057 = ORIENTED_EDGE('',*,*,#6058,.F.);
#6058 = EDGE_CURVE('',#5955,#6031,#6059,.T.);
#6059 = SURFACE_CURVE('',#6060,(#6064,#6071),.PCURVE_S1.);
#6060 = LINE('',#6061,#6062);
#6061 = CARTESIAN_POINT('',(175.48117154811,25.832635983264,0.));
#6062 = VECTOR('',#6063,1.);
#6063 = DIRECTION('',(0.847998304005,-0.529998940003,0.));
#6064 = PCURVE('',#5970,#6065);
#6065 = DEFINITIONAL_REPRESENTATION('',(#6066),#6070);
#6066 = LINE('',#6067,#6068);
#6067 = CARTESIAN_POINT('',(0.,0.));
#6068 = VECTOR('',#6069,1.);
#6069 = DIRECTION('',(1.,0.));
#6070 = ( GEOMETRIC_REPRESENTATION_CONTEXT(2) 
PARAMETRIC_REPRESENTATION_CONTEXT() REPRESENTATION_CONTEXT('2D SPACE',''
  ) );
#6071 = PCURVE('',#5915,#6072);
#6072 = DEFINITIONAL_REPRESENTATION('',(#6073),#6077);
#6073 = LINE('',#6074,#6075);
#6074 = CARTESIAN_POINT('',(-11.46081641587,8.452230134362));
#6075 = VECTOR('',#6076,1.);
#6076 = DIRECTION('',(0.847998304005,-0.529998940003));
#6077 = ( GEOMETRIC_REPRESENTATION_CONTEXT(2) 
PARAMETRIC_REPRESENTATION_CONTEXT() REPRESENTATION_CONTEXT('2D SPACE',''
  ) );
#6078 = ADVANCED_FACE('',(#6079),#6046,.F.);
#6079 = FACE_BOUND('',#6080,.F.);
#6080 = EDGE_LOOP('',(#6081,#6082,#6105,#6133));
#6081 = ORIENTED_EDGE('',*,*,#6030,.T.);
#6082 = ORIENTED_EDGE('',*,*,#6083,.T.);
#6083 = EDGE_CURVE('',#6008,#6084,#6086,.T.);
#6084 = VERTEX_POINT('',#6085);
#6085 = CARTESIAN_POINT('',(185.0460251046,25.456066945607,3.));
#6086 = SURFACE_CURVE('',#6087,(#6091,#6098),.PCURVE_S1.);
#6087 = LINE('',#6088,#6089);
#6088 = CARTESIAN_POINT('',(176.08368200836,25.456066945607,3.));
#6089 = VECTOR('',#6090,1.);
#6090 = DIRECTION('',(1.,0.,0.));
#6091 = PCURVE('',#6046,#6092);
#6092 = DEFINITIONAL_REPRESENTATION('',(#6093),#6097);
#6093 = LINE('',#6094,#6095);
#6094 = CARTESIAN_POINT('',(0.,-3.));
#6095 = VECTOR('',#6096,1.);
#6096 = DIRECTION('',(1.,0.));
#6097 = ( GEOMETRIC_REPRESENTATION_CONTEXT(2) 
PARAMETRIC_REPRESENTATION_CONTEXT() REPRESENTATION_CONTEXT('2D SPACE',''
  ) );
#6098 = PCURVE('',#5861,#6099);
#6099 = DEFINITIONAL_REPRESENTATION('',(#6100),#6104);
#6100 = LINE('',#6101,#6102);
#6101 = CARTESIAN_POINT('',(-10.85830595562,8.075661096705));
#6102 = VECTOR('',#6103,1.);
#6103 = DIRECTION('',(1.,0.));
#6104 = ( GEOMETRIC_REPRESENTATION_CONTEXT(2) 
PARAMETRIC_REPRESENTATION_CONTEXT() REPRESENTATION_CONTEXT('2D SPACE',''
  ) );
#6105 = ORIENTED_EDGE('',*,*,#6106,.F.);
#6106 = EDGE_CURVE('',#6107,#6084,#6109,.T.);
#6107 = VERTEX_POINT('',#6108);
#6108 = CARTESIAN_POINT('',(185.0460251046,25.456066945607,0.));
#6109 = SURFACE_CURVE('',#6110,(#6114,#6121),.PCURVE_S1.);
#6110 = LINE('',#6111,#6112);
#6111 = CARTESIAN_POINT('',(185.0460251046,25.456066945607,0.));
#6112 = VECTOR('',#6113,1.);
#6113 = DIRECTION('',(0.,0.,1.));
#6114 = PCURVE('',#6046,#6115);
#6115 = DEFINITIONAL_REPRESENTATION('',(#6116),#6120);
#6116 = LINE('',#6117,#6118);
#6117 = CARTESIAN_POINT('',(8.962343096234,0.));
#6118 = VECTOR('',#6119,1.);
#6119 = DIRECTION('',(0.,-1.));
#6120 = ( GEOMETRIC_REPRESENTATION_CONTEXT(2) 
PARAMETRIC_REPRESENTATION_CONTEXT() REPRESENTATION_CONTEXT('2D SPACE',''
  ) );
#6121 = PCURVE('',#6122,#6127);
#6122 = PLANE('',#6123);
#6123 = AXIS2_PLACEMENT_3D('',#6124,#6125,#6126);
#6124 = CARTESIAN_POINT('',(185.0460251046,25.456066945607,0.));
#6125 = DIRECTION('',(0.485642931179,0.874157276122,-0.));
#6126 = DIRECTION('',(0.874157276122,-0.485642931179,0.));
#6127 = DEFINITIONAL_REPRESENTATION('',(#6128),#6132);
#6128 = LINE('',#6129,#6130);
#6129 = CARTESIAN_POINT('',(0.,0.));
#6130 = VECTOR('',#6131,1.);
#6131 = DIRECTION('',(0.,-1.));
#6132 = ( GEOMETRIC_REPRESENTATION_CONTEXT(2) 
PARAMETRIC_REPRESENTATION_CONTEXT() REPRESENTATION_CONTEXT('2D SPACE',''
  ) );
#6133 = ORIENTED_EDGE('',*,*,#6134,.F.);
#6134 = EDGE_CURVE('',#6031,#6107,#6135,.T.);
#6135 = SURFACE_CURVE('',#6136,(#6140,#6147),.PCURVE_S1.);
#6136 = LINE('',#6137,#6138);
#6137 = CARTESIAN_POINT('',(176.08368200836,25.456066945607,0.));
#6138 = VECTOR('',#6139,1.);
#6139 = DIRECTION('',(1.,0.,0.));
#6140 = PCURVE('',#6046,#6141);
#6141 = DEFINITIONAL_REPRESENTATION('',(#6142),#6146);
#6142 = LINE('',#6143,#6144);
#6143 = CARTESIAN_POINT('',(0.,0.));
#6144 = VECTOR('',#6145,1.);
#6145 = DIRECTION('',(1.,0.));
#6146 = ( GEOMETRIC_REPRESENTATION_CONTEXT(2) 
PARAMETRIC_REPRESENTATION_CONTEXT() REPRESENTATION_CONTEXT('2D SPACE',''
  ) );
#6147 = PCURVE('',#5915,#6148);
#6148 = DEFINITIONAL_REPRESENTATION('',(#6149),#6153);
#6149 = LINE('',#6150,#6151);
#6150 = CARTESIAN_POINT('',(-10.85830595562,8.075661096705));
#6151 = VECTOR('',#6152,1.);
#6152 = DIRECTION('',(1.,0.));
#6153 = ( GEOMETRIC_REPRESENTATION_CONTEXT(2) 
PARAMETRIC_REPRESENTATION_CONTEXT() REPRESENTATION_CONTEXT('2D SPACE',''
  ) );
#6154 = ADVANCED_FACE('',(#6155),#6122,.F.);
#6155 = FACE_BOUND('',#6156,.F.);
#6156 = EDGE_LOOP('',(#6157,#6158,#6181,#6209));
#6157 = ORIENTED_EDGE('',*,*,#6106,.T.);
#6158 = ORIENTED_EDGE('',*,*,#6159,.T.);
#6159 = EDGE_CURVE('',#6084,#6160,#6162,.T.);
#6160 = VERTEX_POINT('',#6161);
#6161 = CARTESIAN_POINT('',(185.72384937238,25.07949790795,3.));
#6162 = SURFACE_CURVE('',#6163,(#6167,#6174),.PCURVE_S1.);
#6163 = LINE('',#6164,#6165);
#6164 = CARTESIAN_POINT('',(185.0460251046,25.456066945607,3.));
#6165 = VECTOR('',#6166,1.);
#6166 = DIRECTION('',(0.874157276122,-0.485642931179,0.));
#6167 = PCURVE('',#6122,#6168);
#6168 = DEFINITIONAL_REPRESENTATION('',(#6169),#6173);
#6169 = LINE('',#6170,#6171);
#6170 = CARTESIAN_POINT('',(0.,-3.));
#6171 = VECTOR('',#6172,1.);
#6172 = DIRECTION('',(1.,0.));
#6173 = ( GEOMETRIC_REPRESENTATION_CONTEXT(2) 
PARAMETRIC_REPRESENTATION_CONTEXT() REPRESENTATION_CONTEXT('2D SPACE',''
  ) );
#6174 = PCURVE('',#5861,#6175);
#6175 = DEFINITIONAL_REPRESENTATION('',(#6176),#6180);
#6176 = LINE('',#6177,#6178);
#6177 = CARTESIAN_POINT('',(-1.895962859391,8.075661096705));
#6178 = VECTOR('',#6179,1.);
#6179 = DIRECTION('',(0.874157276122,-0.485642931179));
#6180 = ( GEOMETRIC_REPRESENTATION_CONTEXT(2) 
PARAMETRIC_REPRESENTATION_CONTEXT() REPRESENTATION_CONTEXT('2D SPACE',''
  ) );
#6181 = ORIENTED_EDGE('',*,*,#6182,.F.);
#6182 = EDGE_CURVE('',#6183,#6160,#6185,.T.);
#6183 = VERTEX_POINT('',#6184);
#6184 = CARTESIAN_POINT('',(185.72384937238,25.07949790795,0.));
#6185 = SURFACE_CURVE('',#6186,(#6190,#6197),.PCURVE_S1.);
#6186 = LINE('',#6187,#6188);
#6187 = CARTESIAN_POINT('',(185.72384937238,25.07949790795,0.));
#6188 = VECTOR('',#6189,1.);
#6189 = DIRECTION('',(0.,0.,1.));
#6190 = PCURVE('',#6122,#6191);
#6191 = DEFINITIONAL_REPRESENTATION('',(#6192),#6196);
#6192 = LINE('',#6193,#6194);
#6193 = CARTESIAN_POINT('',(0.775403106853,0.));
#6194 = VECTOR('',#6195,1.);
#6195 = DIRECTION('',(0.,-1.));
#6196 = ( GEOMETRIC_REPRESENTATION_CONTEXT(2) 
PARAMETRIC_REPRESENTATION_CONTEXT() REPRESENTATION_CONTEXT('2D SPACE',''
  ) );
#6197 = PCURVE('',#6198,#6203);
#6198 = PLANE('',#6199);
#6199 = AXIS2_PLACEMENT_3D('',#6200,#6201,#6202);
#6200 = CARTESIAN_POINT('',(185.72384937238,25.07949790795,0.));
#6201 = DIRECTION('',(1.,0.,-0.));
#6202 = DIRECTION('',(0.,-1.,0.));
#6203 = DEFINITIONAL_REPRESENTATION('',(#6204),#6208);
#6204 = LINE('',#6205,#6206);
#6205 = CARTESIAN_POINT('',(0.,0.));
#6206 = VECTOR('',#6207,1.);
#6207 = DIRECTION('',(0.,-1.));
#6208 = ( GEOMETRIC_REPRESENTATION_CONTEXT(2) 
PARAMETRIC_REPRESENTATION_CONTEXT() REPRESENTATION_CONTEXT('2D SPACE',''
  ) );
#6209 = ORIENTED_EDGE('',*,*,#6210,.F.);
#6210 = EDGE_CURVE('',#6107,#6183,#6211,.T.);
#6211 = SURFACE_CURVE('',#6212,(#6216,#6223),.PCURVE_S1.);
#6212 = LINE('',#6213,#6214);
#6213 = CARTESIAN_POINT('',(185.0460251046,25.456066945607,0.));
#6214 = VECTOR('',#6215,1.);
#6215 = DIRECTION('',(0.874157276122,-0.485642931179,0.));
#6216 = PCURVE('',#6122,#6217);
#6217 = DEFINITIONAL_REPRESENTATION('',(#6218),#6222);
#6218 = LINE('',#6219,#6220);
#6219 = CARTESIAN_POINT('',(0.,0.));
#6220 = VECTOR('',#6221,1.);
#6221 = DIRECTION('',(1.,0.));
#6222 = ( GEOMETRIC_REPRESENTATION_CONTEXT(2) 
PARAMETRIC_REPRESENTATION_CONTEXT() REPRESENTATION_CONTEXT('2D SPACE',''
  ) );
#6223 = PCURVE('',#5915,#6224);
#6224 = DEFINITIONAL_REPRESENTATION('',(#6225),#6229);
#6225 = LINE('',#6226,#6227);
#6226 = CARTESIAN_POINT('',(-1.895962859391,8.075661096705));
#6227 = VECTOR('',#6228,1.);
#6228 = DIRECTION('',(0.874157276122,-0.485642931179));
#6229 = ( GEOMETRIC_REPRESENTATION_CONTEXT(2) 
PARAMETRIC_REPRESENTATION_CONTEXT() REPRESENTATION_CONTEXT('2D SPACE',''
  ) );
#6230 = ADVANCED_FACE('',(#6231),#6198,.F.);
#6231 = FACE_BOUND('',#6232,.F.);
#6232 = EDGE_LOOP('',(#6233,#6234,#6257,#6285));
#6233 = ORIENTED_EDGE('',*,*,#6182,.T.);
#6234 = ORIENTED_EDGE('',*,*,#6235,.T.);
#6235 = EDGE_CURVE('',#6160,#6236,#6238,.T.);
#6236 = VERTEX_POINT('',#6237);
#6237 = CARTESIAN_POINT('',(185.72384937238,24.627615062762,3.));
#6238 = SURFACE_CURVE('',#6239,(#6243,#6250),.PCURVE_S1.);
#6239 = LINE('',#6240,#6241);
#6240 = CARTESIAN_POINT('',(185.72384937238,25.07949790795,3.));
#6241 = VECTOR('',#6242,1.);
#6242 = DIRECTION('',(0.,-1.,0.));
#6243 = PCURVE('',#6198,#6244);
#6244 = DEFINITIONAL_REPRESENTATION('',(#6245),#6249);
#6245 = LINE('',#6246,#6247);
#6246 = CARTESIAN_POINT('',(0.,-3.));
#6247 = VECTOR('',#6248,1.);
#6248 = DIRECTION('',(1.,0.));
#6249 = ( GEOMETRIC_REPRESENTATION_CONTEXT(2) 
PARAMETRIC_REPRESENTATION_CONTEXT() REPRESENTATION_CONTEXT('2D SPACE',''
  ) );
#6250 = PCURVE('',#5861,#6251);
#6251 = DEFINITIONAL_REPRESENTATION('',(#6252),#6256);
#6252 = LINE('',#6253,#6254);
#6253 = CARTESIAN_POINT('',(-1.218138591609,7.699092059048));
#6254 = VECTOR('',#6255,1.);
#6255 = DIRECTION('',(0.,-1.));
#6256 = ( GEOMETRIC_REPRESENTATION_CONTEXT(2) 
PARAMETRIC_REPRESENTATION_CONTEXT() REPRESENTATION_CONTEXT('2D SPACE',''
  ) );
#6257 = ORIENTED_EDGE('',*,*,#6258,.F.);
#6258 = EDGE_CURVE('',#6259,#6236,#6261,.T.);
#6259 = VERTEX_POINT('',#6260);
#6260 = CARTESIAN_POINT('',(185.72384937238,24.627615062762,0.));
#6261 = SURFACE_CURVE('',#6262,(#6266,#6273),.PCURVE_S1.);
#6262 = LINE('',#6263,#6264);
#6263 = CARTESIAN_POINT('',(185.72384937238,24.627615062762,0.));
#6264 = VECTOR('',#6265,1.);
#6265 = DIRECTION('',(0.,0.,1.));
#6266 = PCURVE('',#6198,#6267);
#6267 = DEFINITIONAL_REPRESENTATION('',(#6268),#6272);
#6268 = LINE('',#6269,#6270);
#6269 = CARTESIAN_POINT('',(0.451882845188,0.));
#6270 = VECTOR('',#6271,1.);
#6271 = DIRECTION('',(0.,-1.));
#6272 = ( GEOMETRIC_REPRESENTATION_CONTEXT(2) 
PARAMETRIC_REPRESENTATION_CONTEXT() REPRESENTATION_CONTEXT('2D SPACE',''
  ) );
#6273 = PCURVE('',#6274,#6279);
#6274 = PLANE('',#6275);
#6275 = AXIS2_PLACEMENT_3D('',#6276,#6277,#6278);
#6276 = CARTESIAN_POINT('',(185.72384937238,24.627615062762,0.));
#6277 = DIRECTION('',(0.775379943968,-0.631495005912,0.));
#6278 = DIRECTION('',(-0.631495005912,-0.775379943968,0.));
#6279 = DEFINITIONAL_REPRESENTATION('',(#6280),#6284);
#6280 = LINE('',#6281,#6282);
#6281 = CARTESIAN_POINT('',(0.,0.));
#6282 = VECTOR('',#6283,1.);
#6283 = DIRECTION('',(0.,-1.));
#6284 = ( GEOMETRIC_REPRESENTATION_CONTEXT(2) 
PARAMETRIC_REPRESENTATION_CONTEXT() REPRESENTATION_CONTEXT('2D SPACE',''
  ) );
#6285 = ORIENTED_EDGE('',*,*,#6286,.F.);
#6286 = EDGE_CURVE('',#6183,#6259,#6287,.T.);
#6287 = SURFACE_CURVE('',#6288,(#6292,#6299),.PCURVE_S1.);
#6288 = LINE('',#6289,#6290);
#6289 = CARTESIAN_POINT('',(185.72384937238,25.07949790795,0.));
#6290 = VECTOR('',#6291,1.);
#6291 = DIRECTION('',(0.,-1.,0.));
#6292 = PCURVE('',#6198,#6293);
#6293 = DEFINITIONAL_REPRESENTATION('',(#6294),#6298);
#6294 = LINE('',#6295,#6296);
#6295 = CARTESIAN_POINT('',(0.,0.));
#6296 = VECTOR('',#6297,1.);
#6297 = DIRECTION('',(1.,0.));
#6298 = ( GEOMETRIC_REPRESENTATION_CONTEXT(2) 
PARAMETRIC_REPRESENTATION_CONTEXT() REPRESENTATION_CONTEXT('2D SPACE',''
  ) );
#6299 = PCURVE('',#5915,#6300);
#6300 = DEFINITIONAL_REPRESENTATION('',(#6301),#6305);
#6301 = LINE('',#6302,#6303);
#6302 = CARTESIAN_POINT('',(-1.218138591609,7.699092059048));
#6303 = VECTOR('',#6304,1.);
#6304 = DIRECTION('',(0.,-1.));
#6305 = ( GEOMETRIC_REPRESENTATION_CONTEXT(2) 
PARAMETRIC_REPRESENTATION_CONTEXT() REPRESENTATION_CONTEXT('2D SPACE',''
  ) );
#6306 = ADVANCED_FACE('',(#6307),#6274,.F.);
#6307 = FACE_BOUND('',#6308,.F.);
#6308 = EDGE_LOOP('',(#6309,#6310,#6333,#6361));
#6309 = ORIENTED_EDGE('',*,*,#6258,.T.);
#6310 = ORIENTED_EDGE('',*,*,#6311,.T.);
#6311 = EDGE_CURVE('',#6236,#6312,#6314,.T.);
#6312 = VERTEX_POINT('',#6313);
#6313 = CARTESIAN_POINT('',(173.82426778242,10.016736401674,3.));
#6314 = SURFACE_CURVE('',#6315,(#6319,#6326),.PCURVE_S1.);
#6315 = LINE('',#6316,#6317);
#6316 = CARTESIAN_POINT('',(185.72384937238,24.627615062762,3.));
#6317 = VECTOR('',#6318,1.);
#6318 = DIRECTION('',(-0.631495005912,-0.775379943968,0.));
#6319 = PCURVE('',#6274,#6320);
#6320 = DEFINITIONAL_REPRESENTATION('',(#6321),#6325);
#6321 = LINE('',#6322,#6323);
#6322 = CARTESIAN_POINT('',(0.,-3.));
#6323 = VECTOR('',#6324,1.);
#6324 = DIRECTION('',(1.,0.));
#6325 = ( GEOMETRIC_REPRESENTATION_CONTEXT(2) 
PARAMETRIC_REPRESENTATION_CONTEXT() REPRESENTATION_CONTEXT('2D SPACE',''
  ) );
#6326 = PCURVE('',#5861,#6327);
#6327 = DEFINITIONAL_REPRESENTATION('',(#6328),#6332);
#6328 = LINE('',#6329,#6330);
#6329 = CARTESIAN_POINT('',(-1.218138591609,7.24720921386));
#6330 = VECTOR('',#6331,1.);
#6331 = DIRECTION('',(-0.631495005912,-0.775379943968));
#6332 = ( GEOMETRIC_REPRESENTATION_CONTEXT(2) 
PARAMETRIC_REPRESENTATION_CONTEXT() REPRESENTATION_CONTEXT('2D SPACE',''
  ) );
#6333 = ORIENTED_EDGE('',*,*,#6334,.F.);
#6334 = EDGE_CURVE('',#6335,#6312,#6337,.T.);
#6335 = VERTEX_POINT('',#6336);
#6336 = CARTESIAN_POINT('',(173.82426778242,10.016736401674,0.));
#6337 = SURFACE_CURVE('',#6338,(#6342,#6349),.PCURVE_S1.);
#6338 = LINE('',#6339,#6340);
#6339 = CARTESIAN_POINT('',(173.82426778242,10.016736401674,0.));
#6340 = VECTOR('',#6341,1.);
#6341 = DIRECTION('',(0.,0.,1.));
#6342 = PCURVE('',#6274,#6343);
#6343 = DEFINITIONAL_REPRESENTATION('',(#6344),#6348);
#6344 = LINE('',#6345,#6346);
#6345 = CARTESIAN_POINT('',(18.843508624062,0.));
#6346 = VECTOR('',#6347,1.);
#6347 = DIRECTION('',(0.,-1.));
#6348 = ( GEOMETRIC_REPRESENTATION_CONTEXT(2) 
PARAMETRIC_REPRESENTATION_CONTEXT() REPRESENTATION_CONTEXT('2D SPACE',''
  ) );
#6349 = PCURVE('',#6350,#6355);
#6350 = PLANE('',#6351);
#6351 = AXIS2_PLACEMENT_3D('',#6352,#6353,#6354);
#6352 = CARTESIAN_POINT('',(173.82426778242,10.016736401674,0.));
#6353 = DIRECTION('',(0.961523947641,-0.274721127897,0.));
#6354 = DIRECTION('',(-0.274721127897,-0.961523947641,0.));
#6355 = DEFINITIONAL_REPRESENTATION('',(#6356),#6360);
#6356 = LINE('',#6357,#6358);
#6357 = CARTESIAN_POINT('',(0.,0.));
#6358 = VECTOR('',#6359,1.);
#6359 = DIRECTION('',(0.,-1.));
#6360 = ( GEOMETRIC_REPRESENTATION_CONTEXT(2) 
PARAMETRIC_REPRESENTATION_CONTEXT() REPRESENTATION_CONTEXT('2D SPACE',''
  ) );
#6361 = ORIENTED_EDGE('',*,*,#6362,.F.);
#6362 = EDGE_CURVE('',#6259,#6335,#6363,.T.);
#6363 = SURFACE_CURVE('',#6364,(#6368,#6375),.PCURVE_S1.);
#6364 = LINE('',#6365,#6366);
#6365 = CARTESIAN_POINT('',(185.72384937238,24.627615062762,0.));
#6366 = VECTOR('',#6367,1.);
#6367 = DIRECTION('',(-0.631495005912,-0.775379943968,0.));
#6368 = PCURVE('',#6274,#6369);
#6369 = DEFINITIONAL_REPRESENTATION('',(#6370),#6374);
#6370 = LINE('',#6371,#6372);
#6371 = CARTESIAN_POINT('',(0.,0.));
#6372 = VECTOR('',#6373,1.);
#6373 = DIRECTION('',(1.,0.));
#6374 = ( GEOMETRIC_REPRESENTATION_CONTEXT(2) 
PARAMETRIC_REPRESENTATION_CONTEXT() REPRESENTATION_CONTEXT('2D SPACE',''
  ) );
#6375 = PCURVE('',#5915,#6376);
#6376 = DEFINITIONAL_REPRESENTATION('',(#6377),#6381);
#6377 = LINE('',#6378,#6379);
#6378 = CARTESIAN_POINT('',(-1.218138591609,7.24720921386));
#6379 = VECTOR('',#6380,1.);
#6380 = DIRECTION('',(-0.631495005912,-0.775379943968));
#6381 = ( GEOMETRIC_REPRESENTATION_CONTEXT(2) 
PARAMETRIC_REPRESENTATION_CONTEXT() REPRESENTATION_CONTEXT('2D SPACE',''
  ) );
#6382 = ADVANCED_FACE('',(#6383),#6350,.F.);
#6383 = FACE_BOUND('',#6384,.F.);
#6384 = EDGE_LOOP('',(#6385,#6386,#6409,#6437));
#6385 = ORIENTED_EDGE('',*,*,#6334,.T.);
#6386 = ORIENTED_EDGE('',*,*,#6387,.T.);
#6387 = EDGE_CURVE('',#6312,#6388,#6390,.T.);
#6388 = VERTEX_POINT('',#6389);
#6389 = CARTESIAN_POINT('',(173.22175732217,7.907949790795,3.));
#6390 = SURFACE_CURVE('',#6391,(#6395,#6402),.PCURVE_S1.);
#6391 = LINE('',#6392,#6393);
#6392 = CARTESIAN_POINT('',(173.82426778242,10.016736401674,3.));
#6393 = VECTOR('',#6394,1.);
#6394 = DIRECTION('',(-0.274721127897,-0.961523947641,0.));
#6395 = PCURVE('',#6350,#6396);
#6396 = DEFINITIONAL_REPRESENTATION('',(#6397),#6401);
#6397 = LINE('',#6398,#6399);
#6398 = CARTESIAN_POINT('',(0.,-3.));
#6399 = VECTOR('',#6400,1.);
#6400 = DIRECTION('',(1.,0.));
#6401 = ( GEOMETRIC_REPRESENTATION_CONTEXT(2) 
PARAMETRIC_REPRESENTATION_CONTEXT() REPRESENTATION_CONTEXT('2D SPACE',''
  ) );
#6402 = PCURVE('',#5861,#6403);
#6403 = DEFINITIONAL_REPRESENTATION('',(#6404),#6408);
#6404 = LINE('',#6405,#6406);
#6405 = CARTESIAN_POINT('',(-13.11772018156,-7.363669447228));
#6406 = VECTOR('',#6407,1.);
#6407 = DIRECTION('',(-0.274721127897,-0.961523947641));
#6408 = ( GEOMETRIC_REPRESENTATION_CONTEXT(2) 
PARAMETRIC_REPRESENTATION_CONTEXT() REPRESENTATION_CONTEXT('2D SPACE',''
  ) );
#6409 = ORIENTED_EDGE('',*,*,#6410,.F.);
#6410 = EDGE_CURVE('',#6411,#6388,#6413,.T.);
#6411 = VERTEX_POINT('',#6412);
#6412 = CARTESIAN_POINT('',(173.22175732217,7.907949790795,0.));
#6413 = SURFACE_CURVE('',#6414,(#6418,#6425),.PCURVE_S1.);
#6414 = LINE('',#6415,#6416);
#6415 = CARTESIAN_POINT('',(173.22175732217,7.907949790795,0.));
#6416 = VECTOR('',#6417,1.);
#6417 = DIRECTION('',(0.,0.,1.));
#6418 = PCURVE('',#6350,#6419);
#6419 = DEFINITIONAL_REPRESENTATION('',(#6420),#6424);
#6420 = LINE('',#6421,#6422);
#6421 = CARTESIAN_POINT('',(2.193171180034,0.));
#6422 = VECTOR('',#6423,1.);
#6423 = DIRECTION('',(0.,-1.));
#6424 = ( GEOMETRIC_REPRESENTATION_CONTEXT(2) 
PARAMETRIC_REPRESENTATION_CONTEXT() REPRESENTATION_CONTEXT('2D SPACE',''
  ) );
#6425 = PCURVE('',#6426,#6431);
#6426 = PLANE('',#6427);
#6427 = AXIS2_PLACEMENT_3D('',#6428,#6429,#6430);
#6428 = CARTESIAN_POINT('',(173.22175732217,7.907949790795,0.));
#6429 = DIRECTION('',(1.,0.,-0.));
#6430 = DIRECTION('',(0.,-1.,0.));
#6431 = DEFINITIONAL_REPRESENTATION('',(#6432),#6436);
#6432 = LINE('',#6433,#6434);
#6433 = CARTESIAN_POINT('',(0.,0.));
#6434 = VECTOR('',#6435,1.);
#6435 = DIRECTION('',(0.,-1.));
#6436 = ( GEOMETRIC_REPRESENTATION_CONTEXT(2) 
PARAMETRIC_REPRESENTATION_CONTEXT() REPRESENTATION_CONTEXT('2D SPACE',''
  ) );
#6437 = ORIENTED_EDGE('',*,*,#6438,.F.);
#6438 = EDGE_CURVE('',#6335,#6411,#6439,.T.);
#6439 = SURFACE_CURVE('',#6440,(#6444,#6451),.PCURVE_S1.);
#6440 = LINE('',#6441,#6442);
#6441 = CARTESIAN_POINT('',(173.82426778242,10.016736401674,0.));
#6442 = VECTOR('',#6443,1.);
#6443 = DIRECTION('',(-0.274721127897,-0.961523947641,0.));
#6444 = PCURVE('',#6350,#6445);
#6445 = DEFINITIONAL_REPRESENTATION('',(#6446),#6450);
#6446 = LINE('',#6447,#6448);
#6447 = CARTESIAN_POINT('',(0.,0.));
#6448 = VECTOR('',#6449,1.);
#6449 = DIRECTION('',(1.,0.));
#6450 = ( GEOMETRIC_REPRESENTATION_CONTEXT(2) 
PARAMETRIC_REPRESENTATION_CONTEXT() REPRESENTATION_CONTEXT('2D SPACE',''
  ) );
#6451 = PCURVE('',#5915,#6452);
#6452 = DEFINITIONAL_REPRESENTATION('',(#6453),#6457);
#6453 = LINE('',#6454,#6455);
#6454 = CARTESIAN_POINT('',(-13.11772018156,-7.363669447228));
#6455 = VECTOR('',#6456,1.);
#6456 = DIRECTION('',(-0.274721127897,-0.961523947641));
#6457 = ( GEOMETRIC_REPRESENTATION_CONTEXT(2) 
PARAMETRIC_REPRESENTATION_CONTEXT() REPRESENTATION_CONTEXT('2D SPACE',''
  ) );
#6458 = ADVANCED_FACE('',(#6459),#6426,.F.);
#6459 = FACE_BOUND('',#6460,.F.);
#6460 = EDGE_LOOP('',(#6461,#6462,#6485,#6513));
#6461 = ORIENTED_EDGE('',*,*,#6410,.T.);
#6462 = ORIENTED_EDGE('',*,*,#6463,.T.);
#6463 = EDGE_CURVE('',#6388,#6464,#6466,.T.);
#6464 = VERTEX_POINT('',#6465);
#6465 = CARTESIAN_POINT('',(173.22175732217,5.799163179916,3.));
#6466 = SURFACE_CURVE('',#6467,(#6471,#6478),.PCURVE_S1.);
#6467 = LINE('',#6468,#6469);
#6468 = CARTESIAN_POINT('',(173.22175732217,7.907949790795,3.));
#6469 = VECTOR('',#6470,1.);
#6470 = DIRECTION('',(0.,-1.,0.));
#6471 = PCURVE('',#6426,#6472);
#6472 = DEFINITIONAL_REPRESENTATION('',(#6473),#6477);
#6473 = LINE('',#6474,#6475);
#6474 = CARTESIAN_POINT('',(0.,-3.));
#6475 = VECTOR('',#6476,1.);
#6476 = DIRECTION('',(1.,0.));
#6477 = ( GEOMETRIC_REPRESENTATION_CONTEXT(2) 
PARAMETRIC_REPRESENTATION_CONTEXT() REPRESENTATION_CONTEXT('2D SPACE',''
  ) );
#6478 = PCURVE('',#5861,#6479);
#6479 = DEFINITIONAL_REPRESENTATION('',(#6480),#6484);
#6480 = LINE('',#6481,#6482);
#6481 = CARTESIAN_POINT('',(-13.72023064181,-9.472456058107));
#6482 = VECTOR('',#6483,1.);
#6483 = DIRECTION('',(0.,-1.));
#6484 = ( GEOMETRIC_REPRESENTATION_CONTEXT(2) 
PARAMETRIC_REPRESENTATION_CONTEXT() REPRESENTATION_CONTEXT('2D SPACE',''
  ) );
#6485 = ORIENTED_EDGE('',*,*,#6486,.F.);
#6486 = EDGE_CURVE('',#6487,#6464,#6489,.T.);
#6487 = VERTEX_POINT('',#6488);
#6488 = CARTESIAN_POINT('',(173.22175732217,5.799163179916,0.));
#6489 = SURFACE_CURVE('',#6490,(#6494,#6501),.PCURVE_S1.);
#6490 = LINE('',#6491,#6492);
#6491 = CARTESIAN_POINT('',(173.22175732217,5.799163179916,0.));
#6492 = VECTOR('',#6493,1.);
#6493 = DIRECTION('',(0.,0.,1.));
#6494 = PCURVE('',#6426,#6495);
#6495 = DEFINITIONAL_REPRESENTATION('',(#6496),#6500);
#6496 = LINE('',#6497,#6498);
#6497 = CARTESIAN_POINT('',(2.108786610879,0.));
#6498 = VECTOR('',#6499,1.);
#6499 = DIRECTION('',(0.,-1.));
#6500 = ( GEOMETRIC_REPRESENTATION_CONTEXT(2) 
PARAMETRIC_REPRESENTATION_CONTEXT() REPRESENTATION_CONTEXT('2D SPACE',''
  ) );
#6501 = PCURVE('',#6502,#6507);
#6502 = PLANE('',#6503);
#6503 = AXIS2_PLACEMENT_3D('',#6504,#6505,#6506);
#6504 = CARTESIAN_POINT('',(173.22175732217,5.799163179916,0.));
#6505 = DIRECTION('',(0.980580675691,0.196116135138,-0.));
#6506 = DIRECTION('',(0.196116135138,-0.980580675691,0.));
#6507 = DEFINITIONAL_REPRESENTATION('',(#6508),#6512);
#6508 = LINE('',#6509,#6510);
#6509 = CARTESIAN_POINT('',(0.,0.));
#6510 = VECTOR('',#6511,1.);
#6511 = DIRECTION('',(0.,-1.));
#6512 = ( GEOMETRIC_REPRESENTATION_CONTEXT(2) 
PARAMETRIC_REPRESENTATION_CONTEXT() REPRESENTATION_CONTEXT('2D SPACE',''
  ) );
#6513 = ORIENTED_EDGE('',*,*,#6514,.F.);
#6514 = EDGE_CURVE('',#6411,#6487,#6515,.T.);
#6515 = SURFACE_CURVE('',#6516,(#6520,#6527),.PCURVE_S1.);
#6516 = LINE('',#6517,#6518);
#6517 = CARTESIAN_POINT('',(173.22175732217,7.907949790795,0.));
#6518 = VECTOR('',#6519,1.);
#6519 = DIRECTION('',(0.,-1.,0.));
#6520 = PCURVE('',#6426,#6521);
#6521 = DEFINITIONAL_REPRESENTATION('',(#6522),#6526);
#6522 = LINE('',#6523,#6524);
#6523 = CARTESIAN_POINT('',(0.,0.));
#6524 = VECTOR('',#6525,1.);
#6525 = DIRECTION('',(1.,0.));
#6526 = ( GEOMETRIC_REPRESENTATION_CONTEXT(2) 
PARAMETRIC_REPRESENTATION_CONTEXT() REPRESENTATION_CONTEXT('2D SPACE',''
  ) );
#6527 = PCURVE('',#5915,#6528);
#6528 = DEFINITIONAL_REPRESENTATION('',(#6529),#6533);
#6529 = LINE('',#6530,#6531);
#6530 = CARTESIAN_POINT('',(-13.72023064181,-9.472456058107));
#6531 = VECTOR('',#6532,1.);
#6532 = DIRECTION('',(0.,-1.));
#6533 = ( GEOMETRIC_REPRESENTATION_CONTEXT(2) 
PARAMETRIC_REPRESENTATION_CONTEXT() REPRESENTATION_CONTEXT('2D SPACE',''
  ) );
#6534 = ADVANCED_FACE('',(#6535),#6502,.F.);
#6535 = FACE_BOUND('',#6536,.F.);
#6536 = EDGE_LOOP('',(#6537,#6538,#6561,#6589));
#6537 = ORIENTED_EDGE('',*,*,#6486,.T.);
#6538 = ORIENTED_EDGE('',*,*,#6539,.T.);
#6539 = EDGE_CURVE('',#6464,#6540,#6542,.T.);
#6540 = VERTEX_POINT('',#6541);
#6541 = CARTESIAN_POINT('',(173.5230125523,4.292887029289,3.));
#6542 = SURFACE_CURVE('',#6543,(#6547,#6554),.PCURVE_S1.);
#6543 = LINE('',#6544,#6545);
#6544 = CARTESIAN_POINT('',(173.22175732217,5.799163179916,3.));
#6545 = VECTOR('',#6546,1.);
#6546 = DIRECTION('',(0.196116135138,-0.980580675691,0.));
#6547 = PCURVE('',#6502,#6548);
#6548 = DEFINITIONAL_REPRESENTATION('',(#6549),#6553);
#6549 = LINE('',#6550,#6551);
#6550 = CARTESIAN_POINT('',(0.,-3.));
#6551 = VECTOR('',#6552,1.);
#6552 = DIRECTION('',(1.,0.));
#6553 = ( GEOMETRIC_REPRESENTATION_CONTEXT(2) 
PARAMETRIC_REPRESENTATION_CONTEXT() REPRESENTATION_CONTEXT('2D SPACE',''
  ) );
#6554 = PCURVE('',#5861,#6555);
#6555 = DEFINITIONAL_REPRESENTATION('',(#6556),#6560);
#6556 = LINE('',#6557,#6558);
#6557 = CARTESIAN_POINT('',(-13.72023064181,-11.58124266898));
#6558 = VECTOR('',#6559,1.);
#6559 = DIRECTION('',(0.196116135138,-0.980580675691));
#6560 = ( GEOMETRIC_REPRESENTATION_CONTEXT(2) 
PARAMETRIC_REPRESENTATION_CONTEXT() REPRESENTATION_CONTEXT('2D SPACE',''
  ) );
#6561 = ORIENTED_EDGE('',*,*,#6562,.F.);
#6562 = EDGE_CURVE('',#6563,#6540,#6565,.T.);
#6563 = VERTEX_POINT('',#6564);
#6564 = CARTESIAN_POINT('',(173.5230125523,4.292887029289,0.));
#6565 = SURFACE_CURVE('',#6566,(#6570,#6577),.PCURVE_S1.);
#6566 = LINE('',#6567,#6568);
#6567 = CARTESIAN_POINT('',(173.5230125523,4.292887029289,0.));
#6568 = VECTOR('',#6569,1.);
#6569 = DIRECTION('',(0.,0.,1.));
#6570 = PCURVE('',#6502,#6571);
#6571 = DEFINITIONAL_REPRESENTATION('',(#6572),#6576);
#6572 = LINE('',#6573,#6574);
#6573 = CARTESIAN_POINT('',(1.536106296982,0.));
#6574 = VECTOR('',#6575,1.);
#6575 = DIRECTION('',(0.,-1.));
#6576 = ( GEOMETRIC_REPRESENTATION_CONTEXT(2) 
PARAMETRIC_REPRESENTATION_CONTEXT() REPRESENTATION_CONTEXT('2D SPACE',''
  ) );
#6577 = PCURVE('',#6578,#6583);
#6578 = PLANE('',#6579);
#6579 = AXIS2_PLACEMENT_3D('',#6580,#6581,#6582);
#6580 = CARTESIAN_POINT('',(173.5230125523,4.292887029289,0.));
#6581 = DIRECTION('',(0.861934215158,0.507020126563,-0.));
#6582 = DIRECTION('',(0.507020126563,-0.861934215158,0.));
#6583 = DEFINITIONAL_REPRESENTATION('',(#6584),#6588);
#6584 = LINE('',#6585,#6586);
#6585 = CARTESIAN_POINT('',(0.,0.));
#6586 = VECTOR('',#6587,1.);
#6587 = DIRECTION('',(0.,-1.));
#6588 = ( GEOMETRIC_REPRESENTATION_CONTEXT(2) 
PARAMETRIC_REPRESENTATION_CONTEXT() REPRESENTATION_CONTEXT('2D SPACE',''
  ) );
#6589 = ORIENTED_EDGE('',*,*,#6590,.F.);
#6590 = EDGE_CURVE('',#6487,#6563,#6591,.T.);
#6591 = SURFACE_CURVE('',#6592,(#6596,#6603),.PCURVE_S1.);
#6592 = LINE('',#6593,#6594);
#6593 = CARTESIAN_POINT('',(173.22175732217,5.799163179916,0.));
#6594 = VECTOR('',#6595,1.);
#6595 = DIRECTION('',(0.196116135138,-0.980580675691,0.));
#6596 = PCURVE('',#6502,#6597);
#6597 = DEFINITIONAL_REPRESENTATION('',(#6598),#6602);
#6598 = LINE('',#6599,#6600);
#6599 = CARTESIAN_POINT('',(0.,0.));
#6600 = VECTOR('',#6601,1.);
#6601 = DIRECTION('',(1.,0.));
#6602 = ( GEOMETRIC_REPRESENTATION_CONTEXT(2) 
PARAMETRIC_REPRESENTATION_CONTEXT() REPRESENTATION_CONTEXT('2D SPACE',''
  ) );
#6603 = PCURVE('',#5915,#6604);
#6604 = DEFINITIONAL_REPRESENTATION('',(#6605),#6609);
#6605 = LINE('',#6606,#6607);
#6606 = CARTESIAN_POINT('',(-13.72023064181,-11.58124266898));
#6607 = VECTOR('',#6608,1.);
#6608 = DIRECTION('',(0.196116135138,-0.980580675691));
#6609 = ( GEOMETRIC_REPRESENTATION_CONTEXT(2) 
PARAMETRIC_REPRESENTATION_CONTEXT() REPRESENTATION_CONTEXT('2D SPACE',''
  ) );
#6610 = ADVANCED_FACE('',(#6611),#6578,.F.);
#6611 = FACE_BOUND('',#6612,.F.);
#6612 = EDGE_LOOP('',(#6613,#6614,#6637,#6665));
#6613 = ORIENTED_EDGE('',*,*,#6562,.T.);
#6614 = ORIENTED_EDGE('',*,*,#6615,.T.);
#6615 = EDGE_CURVE('',#6540,#6616,#6618,.T.);
#6616 = VERTEX_POINT('',#6617);
#6617 = CARTESIAN_POINT('',(174.27615062761,3.012552301255,3.));
#6618 = SURFACE_CURVE('',#6619,(#6623,#6630),.PCURVE_S1.);
#6619 = LINE('',#6620,#6621);
#6620 = CARTESIAN_POINT('',(173.5230125523,4.292887029289,3.));
#6621 = VECTOR('',#6622,1.);
#6622 = DIRECTION('',(0.507020126563,-0.861934215158,0.));
#6623 = PCURVE('',#6578,#6624);
#6624 = DEFINITIONAL_REPRESENTATION('',(#6625),#6629);
#6625 = LINE('',#6626,#6627);
#6626 = CARTESIAN_POINT('',(0.,-3.));
#6627 = VECTOR('',#6628,1.);
#6628 = DIRECTION('',(1.,0.));
#6629 = ( GEOMETRIC_REPRESENTATION_CONTEXT(2) 
PARAMETRIC_REPRESENTATION_CONTEXT() REPRESENTATION_CONTEXT('2D SPACE',''
  ) );
#6630 = PCURVE('',#5861,#6631);
#6631 = DEFINITIONAL_REPRESENTATION('',(#6632),#6636);
#6632 = LINE('',#6633,#6634);
#6633 = CARTESIAN_POINT('',(-13.41897541169,-13.08751881961));
#6634 = VECTOR('',#6635,1.);
#6635 = DIRECTION('',(0.507020126563,-0.861934215158));
#6636 = ( GEOMETRIC_REPRESENTATION_CONTEXT(2) 
PARAMETRIC_REPRESENTATION_CONTEXT() REPRESENTATION_CONTEXT('2D SPACE',''
  ) );
#6637 = ORIENTED_EDGE('',*,*,#6638,.F.);
#6638 = EDGE_CURVE('',#6639,#6616,#6641,.T.);
#6639 = VERTEX_POINT('',#6640);
#6640 = CARTESIAN_POINT('',(174.27615062761,3.012552301255,0.));
#6641 = SURFACE_CURVE('',#6642,(#6646,#6653),.PCURVE_S1.);
#6642 = LINE('',#6643,#6644);
#6643 = CARTESIAN_POINT('',(174.27615062761,3.012552301255,0.));
#6644 = VECTOR('',#6645,1.);
#6645 = DIRECTION('',(0.,0.,1.));
#6646 = PCURVE('',#6578,#6647);
#6647 = DEFINITIONAL_REPRESENTATION('',(#6648),#6652);
#6648 = LINE('',#6649,#6650);
#6649 = CARTESIAN_POINT('',(1.485420471212,0.));
#6650 = VECTOR('',#6651,1.);
#6651 = DIRECTION('',(0.,-1.));
#6652 = ( GEOMETRIC_REPRESENTATION_CONTEXT(2) 
PARAMETRIC_REPRESENTATION_CONTEXT() REPRESENTATION_CONTEXT('2D SPACE',''
  ) );
#6653 = PCURVE('',#6654,#6659);
#6654 = PLANE('',#6655);
#6655 = AXIS2_PLACEMENT_3D('',#6656,#6657,#6658);
#6656 = CARTESIAN_POINT('',(174.27615062761,3.012552301255,0.));
#6657 = DIRECTION('',(0.707106781187,0.707106781187,-0.));
#6658 = DIRECTION('',(0.707106781187,-0.707106781187,0.));
#6659 = DEFINITIONAL_REPRESENTATION('',(#6660),#6664);
#6660 = LINE('',#6661,#6662);
#6661 = CARTESIAN_POINT('',(0.,0.));
#6662 = VECTOR('',#6663,1.);
#6663 = DIRECTION('',(0.,-1.));
#6664 = ( GEOMETRIC_REPRESENTATION_CONTEXT(2) 
PARAMETRIC_REPRESENTATION_CONTEXT() REPRESENTATION_CONTEXT('2D SPACE',''
  ) );
#6665 = ORIENTED_EDGE('',*,*,#6666,.F.);
#6666 = EDGE_CURVE('',#6563,#6639,#6667,.T.);
#6667 = SURFACE_CURVE('',#6668,(#6672,#6679),.PCURVE_S1.);
#6668 = LINE('',#6669,#6670);
#6669 = CARTESIAN_POINT('',(173.5230125523,4.292887029289,0.));
#6670 = VECTOR('',#6671,1.);
#6671 = DIRECTION('',(0.507020126563,-0.861934215158,0.));
#6672 = PCURVE('',#6578,#6673);
#6673 = DEFINITIONAL_REPRESENTATION('',(#6674),#6678);
#6674 = LINE('',#6675,#6676);
#6675 = CARTESIAN_POINT('',(0.,0.));
#6676 = VECTOR('',#6677,1.);
#6677 = DIRECTION('',(1.,0.));
#6678 = ( GEOMETRIC_REPRESENTATION_CONTEXT(2) 
PARAMETRIC_REPRESENTATION_CONTEXT() REPRESENTATION_CONTEXT('2D SPACE',''
  ) );
#6679 = PCURVE('',#5915,#6680);
#6680 = DEFINITIONAL_REPRESENTATION('',(#6681),#6685);
#6681 = LINE('',#6682,#6683);
#6682 = CARTESIAN_POINT('',(-13.41897541169,-13.08751881961));
#6683 = VECTOR('',#6684,1.);
#6684 = DIRECTION('',(0.507020126563,-0.861934215158));
#6685 = ( GEOMETRIC_REPRESENTATION_CONTEXT(2) 
PARAMETRIC_REPRESENTATION_CONTEXT() REPRESENTATION_CONTEXT('2D SPACE',''
  ) );
#6686 = ADVANCED_FACE('',(#6687),#6654,.F.);
#6687 = FACE_BOUND('',#6688,.F.);
#6688 = EDGE_LOOP('',(#6689,#6690,#6713,#6741));
#6689 = ORIENTED_EDGE('',*,*,#6638,.T.);
#6690 = ORIENTED_EDGE('',*,*,#6691,.T.);
#6691 = EDGE_CURVE('',#6616,#6692,#6694,.T.);
#6692 = VERTEX_POINT('',#6693);
#6693 = CARTESIAN_POINT('',(176.1589958159,1.129707112971,3.));
#6694 = SURFACE_CURVE('',#6695,(#6699,#6706),.PCURVE_S1.);
#6695 = LINE('',#6696,#6697);
#6696 = CARTESIAN_POINT('',(174.27615062761,3.012552301255,3.));
#6697 = VECTOR('',#6698,1.);
#6698 = DIRECTION('',(0.707106781187,-0.707106781187,0.));
#6699 = PCURVE('',#6654,#6700);
#6700 = DEFINITIONAL_REPRESENTATION('',(#6701),#6705);
#6701 = LINE('',#6702,#6703);
#6702 = CARTESIAN_POINT('',(0.,-3.));
#6703 = VECTOR('',#6704,1.);
#6704 = DIRECTION('',(1.,0.));
#6705 = ( GEOMETRIC_REPRESENTATION_CONTEXT(2) 
PARAMETRIC_REPRESENTATION_CONTEXT() REPRESENTATION_CONTEXT('2D SPACE',''
  ) );
#6706 = PCURVE('',#5861,#6707);
#6707 = DEFINITIONAL_REPRESENTATION('',(#6708),#6712);
#6708 = LINE('',#6709,#6710);
#6709 = CARTESIAN_POINT('',(-12.66583733637,-14.36785354764));
#6710 = VECTOR('',#6711,1.);
#6711 = DIRECTION('',(0.707106781187,-0.707106781187));
#6712 = ( GEOMETRIC_REPRESENTATION_CONTEXT(2) 
PARAMETRIC_REPRESENTATION_CONTEXT() REPRESENTATION_CONTEXT('2D SPACE',''
  ) );
#6713 = ORIENTED_EDGE('',*,*,#6714,.F.);
#6714 = EDGE_CURVE('',#6715,#6692,#6717,.T.);
#6715 = VERTEX_POINT('',#6716);
#6716 = CARTESIAN_POINT('',(176.1589958159,1.129707112971,0.));
#6717 = SURFACE_CURVE('',#6718,(#6722,#6729),.PCURVE_S1.);
#6718 = LINE('',#6719,#6720);
#6719 = CARTESIAN_POINT('',(176.1589958159,1.129707112971,0.));
#6720 = VECTOR('',#6721,1.);
#6721 = DIRECTION('',(0.,0.,1.));
#6722 = PCURVE('',#6654,#6723);
#6723 = DEFINITIONAL_REPRESENTATION('',(#6724),#6728);
#6724 = LINE('',#6725,#6726);
#6725 = CARTESIAN_POINT('',(2.662745201121,0.));
#6726 = VECTOR('',#6727,1.);
#6727 = DIRECTION('',(0.,-1.));
#6728 = ( GEOMETRIC_REPRESENTATION_CONTEXT(2) 
PARAMETRIC_REPRESENTATION_CONTEXT() REPRESENTATION_CONTEXT('2D SPACE',''
  ) );
#6729 = PCURVE('',#6730,#6735);
#6730 = PLANE('',#6731);
#6731 = AXIS2_PLACEMENT_3D('',#6732,#6733,#6734);
#6732 = CARTESIAN_POINT('',(176.1589958159,1.129707112971,0.));
#6733 = DIRECTION('',(0.380749805254,0.924678098475,-0.));
#6734 = DIRECTION('',(0.924678098475,-0.380749805254,0.));
#6735 = DEFINITIONAL_REPRESENTATION('',(#6736),#6740);
#6736 = LINE('',#6737,#6738);
#6737 = CARTESIAN_POINT('',(0.,0.));
#6738 = VECTOR('',#6739,1.);
#6739 = DIRECTION('',(0.,-1.));
#6740 = ( GEOMETRIC_REPRESENTATION_CONTEXT(2) 
PARAMETRIC_REPRESENTATION_CONTEXT() REPRESENTATION_CONTEXT('2D SPACE',''
  ) );
#6741 = ORIENTED_EDGE('',*,*,#6742,.F.);
#6742 = EDGE_CURVE('',#6639,#6715,#6743,.T.);
#6743 = SURFACE_CURVE('',#6744,(#6748,#6755),.PCURVE_S1.);
#6744 = LINE('',#6745,#6746);
#6745 = CARTESIAN_POINT('',(174.27615062761,3.012552301255,0.));
#6746 = VECTOR('',#6747,1.);
#6747 = DIRECTION('',(0.707106781187,-0.707106781187,0.));
#6748 = PCURVE('',#6654,#6749);
#6749 = DEFINITIONAL_REPRESENTATION('',(#6750),#6754);
#6750 = LINE('',#6751,#6752);
#6751 = CARTESIAN_POINT('',(0.,0.));
#6752 = VECTOR('',#6753,1.);
#6753 = DIRECTION('',(1.,0.));
#6754 = ( GEOMETRIC_REPRESENTATION_CONTEXT(2) 
PARAMETRIC_REPRESENTATION_CONTEXT() REPRESENTATION_CONTEXT('2D SPACE',''
  ) );
#6755 = PCURVE('',#5915,#6756);
#6756 = DEFINITIONAL_REPRESENTATION('',(#6757),#6761);
#6757 = LINE('',#6758,#6759);
#6758 = CARTESIAN_POINT('',(-12.66583733637,-14.36785354764));
#6759 = VECTOR('',#6760,1.);
#6760 = DIRECTION('',(0.707106781187,-0.707106781187));
#6761 = ( GEOMETRIC_REPRESENTATION_CONTEXT(2) 
PARAMETRIC_REPRESENTATION_CONTEXT() REPRESENTATION_CONTEXT('2D SPACE',''
  ) );
#6762 = ADVANCED_FACE('',(#6763),#6730,.F.);
#6763 = FACE_BOUND('',#6764,.F.);
#6764 = EDGE_LOOP('',(#6765,#6766,#6789,#6817));
#6765 = ORIENTED_EDGE('',*,*,#6714,.T.);
#6766 = ORIENTED_EDGE('',*,*,#6767,.T.);
#6767 = EDGE_CURVE('',#6692,#6768,#6770,.T.);
#6768 = VERTEX_POINT('',#6769);
#6769 = CARTESIAN_POINT('',(178.71966527196,7.531380753138E-02,3.));
#6770 = SURFACE_CURVE('',#6771,(#6775,#6782),.PCURVE_S1.);
#6771 = LINE('',#6772,#6773);
#6772 = CARTESIAN_POINT('',(176.1589958159,1.129707112971,3.));
#6773 = VECTOR('',#6774,1.);
#6774 = DIRECTION('',(0.924678098475,-0.380749805254,0.));
#6775 = PCURVE('',#6730,#6776);
#6776 = DEFINITIONAL_REPRESENTATION('',(#6777),#6781);
#6777 = LINE('',#6778,#6779);
#6778 = CARTESIAN_POINT('',(0.,-3.));
#6779 = VECTOR('',#6780,1.);
#6780 = DIRECTION('',(1.,0.));
#6781 = ( GEOMETRIC_REPRESENTATION_CONTEXT(2) 
PARAMETRIC_REPRESENTATION_CONTEXT() REPRESENTATION_CONTEXT('2D SPACE',''
  ) );
#6782 = PCURVE('',#5861,#6783);
#6783 = DEFINITIONAL_REPRESENTATION('',(#6784),#6788);
#6784 = LINE('',#6785,#6786);
#6785 = CARTESIAN_POINT('',(-10.78299214809,-16.25069873593));
#6786 = VECTOR('',#6787,1.);
#6787 = DIRECTION('',(0.924678098475,-0.380749805254));
#6788 = ( GEOMETRIC_REPRESENTATION_CONTEXT(2) 
PARAMETRIC_REPRESENTATION_CONTEXT() REPRESENTATION_CONTEXT('2D SPACE',''
  ) );
#6789 = ORIENTED_EDGE('',*,*,#6790,.F.);
#6790 = EDGE_CURVE('',#6791,#6768,#6793,.T.);
#6791 = VERTEX_POINT('',#6792);
#6792 = CARTESIAN_POINT('',(178.71966527196,7.531380753138E-02,0.));
#6793 = SURFACE_CURVE('',#6794,(#6798,#6805),.PCURVE_S1.);
#6794 = LINE('',#6795,#6796);
#6795 = CARTESIAN_POINT('',(178.71966527196,7.531380753138E-02,0.));
#6796 = VECTOR('',#6797,1.);
#6797 = DIRECTION('',(0.,0.,1.));
#6798 = PCURVE('',#6730,#6799);
#6799 = DEFINITIONAL_REPRESENTATION('',(#6800),#6804);
#6800 = LINE('',#6801,#6802);
#6801 = CARTESIAN_POINT('',(2.769255009166,0.));
#6802 = VECTOR('',#6803,1.);
#6803 = DIRECTION('',(0.,-1.));
#6804 = ( GEOMETRIC_REPRESENTATION_CONTEXT(2) 
PARAMETRIC_REPRESENTATION_CONTEXT() REPRESENTATION_CONTEXT('2D SPACE',''
  ) );
#6805 = PCURVE('',#6806,#6811);
#6806 = PLANE('',#6807);
#6807 = AXIS2_PLACEMENT_3D('',#6808,#6809,#6810);
#6808 = CARTESIAN_POINT('',(178.71966527196,7.531380753138E-02,0.));
#6809 = DIRECTION('',(-3.636339594528E-03,0.999993388495,0.));
#6810 = DIRECTION('',(0.999993388495,3.636339594528E-03,0.));
#6811 = DEFINITIONAL_REPRESENTATION('',(#6812),#6816);
#6812 = LINE('',#6813,#6814);
#6813 = CARTESIAN_POINT('',(0.,0.));
#6814 = VECTOR('',#6815,1.);
#6815 = DIRECTION('',(0.,-1.));
#6816 = ( GEOMETRIC_REPRESENTATION_CONTEXT(2) 
PARAMETRIC_REPRESENTATION_CONTEXT() REPRESENTATION_CONTEXT('2D SPACE',''
  ) );
#6817 = ORIENTED_EDGE('',*,*,#6818,.F.);
#6818 = EDGE_CURVE('',#6715,#6791,#6819,.T.);
#6819 = SURFACE_CURVE('',#6820,(#6824,#6831),.PCURVE_S1.);
#6820 = LINE('',#6821,#6822);
#6821 = CARTESIAN_POINT('',(176.1589958159,1.129707112971,0.));
#6822 = VECTOR('',#6823,1.);
#6823 = DIRECTION('',(0.924678098475,-0.380749805254,0.));
#6824 = PCURVE('',#6730,#6825);
#6825 = DEFINITIONAL_REPRESENTATION('',(#6826),#6830);
#6826 = LINE('',#6827,#6828);
#6827 = CARTESIAN_POINT('',(0.,0.));
#6828 = VECTOR('',#6829,1.);
#6829 = DIRECTION('',(1.,0.));
#6830 = ( GEOMETRIC_REPRESENTATION_CONTEXT(2) 
PARAMETRIC_REPRESENTATION_CONTEXT() REPRESENTATION_CONTEXT('2D SPACE',''
  ) );
#6831 = PCURVE('',#5915,#6832);
#6832 = DEFINITIONAL_REPRESENTATION('',(#6833),#6837);
#6833 = LINE('',#6834,#6835);
#6834 = CARTESIAN_POINT('',(-10.78299214809,-16.25069873593));
#6835 = VECTOR('',#6836,1.);
#6836 = DIRECTION('',(0.924678098475,-0.380749805254));
#6837 = ( GEOMETRIC_REPRESENTATION_CONTEXT(2) 
PARAMETRIC_REPRESENTATION_CONTEXT() REPRESENTATION_CONTEXT('2D SPACE',''
  ) );
#6838 = ADVANCED_FACE('',(#6839),#6806,.F.);
#6839 = FACE_BOUND('',#6840,.F.);
#6840 = EDGE_LOOP('',(#6841,#6842,#6865,#6893));
#6841 = ORIENTED_EDGE('',*,*,#6790,.T.);
#6842 = ORIENTED_EDGE('',*,*,#6843,.T.);
#6843 = EDGE_CURVE('',#6768,#6844,#6846,.T.);
#6844 = VERTEX_POINT('',#6845);
#6845 = CARTESIAN_POINT('',(199.43096234309,0.150627615063,3.));
#6846 = SURFACE_CURVE('',#6847,(#6851,#6858),.PCURVE_S1.);
#6847 = LINE('',#6848,#6849);
#6848 = CARTESIAN_POINT('',(178.71966527196,7.531380753138E-02,3.));
#6849 = VECTOR('',#6850,1.);
#6850 = DIRECTION('',(0.999993388495,3.636339594528E-03,0.));
#6851 = PCURVE('',#6806,#6852);
#6852 = DEFINITIONAL_REPRESENTATION('',(#6853),#6857);
#6853 = LINE('',#6854,#6855);
#6854 = CARTESIAN_POINT('',(0.,-3.));
#6855 = VECTOR('',#6856,1.);
#6856 = DIRECTION('',(1.,0.));
#6857 = ( GEOMETRIC_REPRESENTATION_CONTEXT(2) 
PARAMETRIC_REPRESENTATION_CONTEXT() REPRESENTATION_CONTEXT('2D SPACE',''
  ) );
#6858 = PCURVE('',#5861,#6859);
#6859 = DEFINITIONAL_REPRESENTATION('',(#6860),#6864);
#6860 = LINE('',#6861,#6862);
#6861 = CARTESIAN_POINT('',(-8.222322692027,-17.30509204137));
#6862 = VECTOR('',#6863,1.);
#6863 = DIRECTION('',(0.999993388495,3.636339594528E-03));
#6864 = ( GEOMETRIC_REPRESENTATION_CONTEXT(2) 
PARAMETRIC_REPRESENTATION_CONTEXT() REPRESENTATION_CONTEXT('2D SPACE',''
  ) );
#6865 = ORIENTED_EDGE('',*,*,#6866,.F.);
#6866 = EDGE_CURVE('',#6867,#6844,#6869,.T.);
#6867 = VERTEX_POINT('',#6868);
#6868 = CARTESIAN_POINT('',(199.43096234309,0.150627615063,0.));
#6869 = SURFACE_CURVE('',#6870,(#6874,#6881),.PCURVE_S1.);
#6870 = LINE('',#6871,#6872);
#6871 = CARTESIAN_POINT('',(199.43096234309,0.150627615063,0.));
#6872 = VECTOR('',#6873,1.);
#6873 = DIRECTION('',(0.,0.,1.));
#6874 = PCURVE('',#6806,#6875);
#6875 = DEFINITIONAL_REPRESENTATION('',(#6876),#6880);
#6876 = LINE('',#6877,#6878);
#6877 = CARTESIAN_POINT('',(20.711434004873,0.));
#6878 = VECTOR('',#6879,1.);
#6879 = DIRECTION('',(0.,-1.));
#6880 = ( GEOMETRIC_REPRESENTATION_CONTEXT(2) 
PARAMETRIC_REPRESENTATION_CONTEXT() REPRESENTATION_CONTEXT('2D SPACE',''
  ) );
#6881 = PCURVE('',#6882,#6887);
#6882 = PLANE('',#6883);
#6883 = AXIS2_PLACEMENT_3D('',#6884,#6885,#6886);
#6884 = CARTESIAN_POINT('',(199.43096234309,0.150627615063,0.));
#6885 = DIRECTION('',(-0.999702690643,2.438299245471E-02,0.));
#6886 = DIRECTION('',(2.438299245471E-02,0.999702690643,0.));
#6887 = DEFINITIONAL_REPRESENTATION('',(#6888),#6892);
#6888 = LINE('',#6889,#6890);
#6889 = CARTESIAN_POINT('',(0.,0.));
#6890 = VECTOR('',#6891,1.);
#6891 = DIRECTION('',(0.,-1.));
#6892 = ( GEOMETRIC_REPRESENTATION_CONTEXT(2) 
PARAMETRIC_REPRESENTATION_CONTEXT() REPRESENTATION_CONTEXT('2D SPACE',''
  ) );
#6893 = ORIENTED_EDGE('',*,*,#6894,.F.);
#6894 = EDGE_CURVE('',#6791,#6867,#6895,.T.);
#6895 = SURFACE_CURVE('',#6896,(#6900,#6907),.PCURVE_S1.);
#6896 = LINE('',#6897,#6898);
#6897 = CARTESIAN_POINT('',(178.71966527196,7.531380753138E-02,0.));
#6898 = VECTOR('',#6899,1.);
#6899 = DIRECTION('',(0.999993388495,3.636339594528E-03,0.));
#6900 = PCURVE('',#6806,#6901);
#6901 = DEFINITIONAL_REPRESENTATION('',(#6902),#6906);
#6902 = LINE('',#6903,#6904);
#6903 = CARTESIAN_POINT('',(0.,0.));
#6904 = VECTOR('',#6905,1.);
#6905 = DIRECTION('',(1.,0.));
#6906 = ( GEOMETRIC_REPRESENTATION_CONTEXT(2) 
PARAMETRIC_REPRESENTATION_CONTEXT() REPRESENTATION_CONTEXT('2D SPACE',''
  ) );
#6907 = PCURVE('',#5915,#6908);
#6908 = DEFINITIONAL_REPRESENTATION('',(#6909),#6913);
#6909 = LINE('',#6910,#6911);
#6910 = CARTESIAN_POINT('',(-8.222322692027,-17.30509204137));
#6911 = VECTOR('',#6912,1.);
#6912 = DIRECTION('',(0.999993388495,3.636339594528E-03));
#6913 = ( GEOMETRIC_REPRESENTATION_CONTEXT(2) 
PARAMETRIC_REPRESENTATION_CONTEXT() REPRESENTATION_CONTEXT('2D SPACE',''
  ) );
#6914 = ADVANCED_FACE('',(#6915),#6882,.F.);
#6915 = FACE_BOUND('',#6916,.F.);
#6916 = EDGE_LOOP('',(#6917,#6918,#6941,#6969));
#6917 = ORIENTED_EDGE('',*,*,#6866,.T.);
#6918 = ORIENTED_EDGE('',*,*,#6919,.T.);
#6919 = EDGE_CURVE('',#6844,#6920,#6922,.T.);
#6920 = VERTEX_POINT('',#6921);
#6921 = CARTESIAN_POINT('',(199.65690376569,9.414225941423,3.));
#6922 = SURFACE_CURVE('',#6923,(#6927,#6934),.PCURVE_S1.);
#6923 = LINE('',#6924,#6925);
#6924 = CARTESIAN_POINT('',(199.43096234309,0.150627615063,3.));
#6925 = VECTOR('',#6926,1.);
#6926 = DIRECTION('',(2.438299245471E-02,0.999702690643,0.));
#6927 = PCURVE('',#6882,#6928);
#6928 = DEFINITIONAL_REPRESENTATION('',(#6929),#6933);
#6929 = LINE('',#6930,#6931);
#6930 = CARTESIAN_POINT('',(0.,-3.));
#6931 = VECTOR('',#6932,1.);
#6932 = DIRECTION('',(1.,0.));
#6933 = ( GEOMETRIC_REPRESENTATION_CONTEXT(2) 
PARAMETRIC_REPRESENTATION_CONTEXT() REPRESENTATION_CONTEXT('2D SPACE',''
  ) );
#6934 = PCURVE('',#5861,#6935);
#6935 = DEFINITIONAL_REPRESENTATION('',(#6936),#6940);
#6936 = LINE('',#6937,#6938);
#6937 = CARTESIAN_POINT('',(12.488974379102,-17.22977823383));
#6938 = VECTOR('',#6939,1.);
#6939 = DIRECTION('',(2.438299245471E-02,0.999702690643));
#6940 = ( GEOMETRIC_REPRESENTATION_CONTEXT(2) 
PARAMETRIC_REPRESENTATION_CONTEXT() REPRESENTATION_CONTEXT('2D SPACE',''
  ) );
#6941 = ORIENTED_EDGE('',*,*,#6942,.F.);
#6942 = EDGE_CURVE('',#6943,#6920,#6945,.T.);
#6943 = VERTEX_POINT('',#6944);
#6944 = CARTESIAN_POINT('',(199.65690376569,9.414225941423,0.));
#6945 = SURFACE_CURVE('',#6946,(#6950,#6957),.PCURVE_S1.);
#6946 = LINE('',#6947,#6948);
#6947 = CARTESIAN_POINT('',(199.65690376569,9.414225941423,0.));
#6948 = VECTOR('',#6949,1.);
#6949 = DIRECTION('',(0.,0.,1.));
#6950 = PCURVE('',#6882,#6951);
#6951 = DEFINITIONAL_REPRESENTATION('',(#6952),#6956);
#6952 = LINE('',#6953,#6954);
#6953 = CARTESIAN_POINT('',(9.266353299901,0.));
#6954 = VECTOR('',#6955,1.);
#6955 = DIRECTION('',(0.,-1.));
#6956 = ( GEOMETRIC_REPRESENTATION_CONTEXT(2) 
PARAMETRIC_REPRESENTATION_CONTEXT() REPRESENTATION_CONTEXT('2D SPACE',''
  ) );
#6957 = PCURVE('',#6958,#6963);
#6958 = PLANE('',#6959);
#6959 = AXIS2_PLACEMENT_3D('',#6960,#6961,#6962);
#6960 = CARTESIAN_POINT('',(199.65690376569,9.414225941423,0.));
#6961 = DIRECTION('',(-0.832050294338,-0.554700196225,0.));
#6962 = DIRECTION('',(-0.554700196225,0.832050294338,0.));
#6963 = DEFINITIONAL_REPRESENTATION('',(#6964),#6968);
#6964 = LINE('',#6965,#6966);
#6965 = CARTESIAN_POINT('',(0.,0.));
#6966 = VECTOR('',#6967,1.);
#6967 = DIRECTION('',(0.,-1.));
#6968 = ( GEOMETRIC_REPRESENTATION_CONTEXT(2) 
PARAMETRIC_REPRESENTATION_CONTEXT() REPRESENTATION_CONTEXT('2D SPACE',''
  ) );
#6969 = ORIENTED_EDGE('',*,*,#6970,.F.);
#6970 = EDGE_CURVE('',#6867,#6943,#6971,.T.);
#6971 = SURFACE_CURVE('',#6972,(#6976,#6983),.PCURVE_S1.);
#6972 = LINE('',#6973,#6974);
#6973 = CARTESIAN_POINT('',(199.43096234309,0.150627615063,0.));
#6974 = VECTOR('',#6975,1.);
#6975 = DIRECTION('',(2.438299245471E-02,0.999702690643,0.));
#6976 = PCURVE('',#6882,#6977);
#6977 = DEFINITIONAL_REPRESENTATION('',(#6978),#6982);
#6978 = LINE('',#6979,#6980);
#6979 = CARTESIAN_POINT('',(0.,0.));
#6980 = VECTOR('',#6981,1.);
#6981 = DIRECTION('',(1.,0.));
#6982 = ( GEOMETRIC_REPRESENTATION_CONTEXT(2) 
PARAMETRIC_REPRESENTATION_CONTEXT() REPRESENTATION_CONTEXT('2D SPACE',''
  ) );
#6983 = PCURVE('',#5915,#6984);
#6984 = DEFINITIONAL_REPRESENTATION('',(#6985),#6989);
#6985 = LINE('',#6986,#6987);
#6986 = CARTESIAN_POINT('',(12.488974379102,-17.22977823383));
#6987 = VECTOR('',#6988,1.);
#6988 = DIRECTION('',(2.438299245471E-02,0.999702690643));
#6989 = ( GEOMETRIC_REPRESENTATION_CONTEXT(2) 
PARAMETRIC_REPRESENTATION_CONTEXT() REPRESENTATION_CONTEXT('2D SPACE',''
  ) );
#6990 = ADVANCED_FACE('',(#6991),#6958,.F.);
#6991 = FACE_BOUND('',#6992,.F.);
#6992 = EDGE_LOOP('',(#6993,#6994,#7017,#7045));
#6993 = ORIENTED_EDGE('',*,*,#6942,.T.);
#6994 = ORIENTED_EDGE('',*,*,#6995,.T.);
#6995 = EDGE_CURVE('',#6920,#6996,#6998,.T.);
#6996 = VERTEX_POINT('',#6997);
#6997 = CARTESIAN_POINT('',(199.35564853556,9.866108786611,3.));
#6998 = SURFACE_CURVE('',#6999,(#7003,#7010),.PCURVE_S1.);
#6999 = LINE('',#7000,#7001);
#7000 = CARTESIAN_POINT('',(199.65690376569,9.414225941423,3.));
#7001 = VECTOR('',#7002,1.);
#7002 = DIRECTION('',(-0.554700196225,0.832050294338,0.));
#7003 = PCURVE('',#6958,#7004);
#7004 = DEFINITIONAL_REPRESENTATION('',(#7005),#7009);
#7005 = LINE('',#7006,#7007);
#7006 = CARTESIAN_POINT('',(0.,-3.));
#7007 = VECTOR('',#7008,1.);
#7008 = DIRECTION('',(1.,0.));
#7009 = ( GEOMETRIC_REPRESENTATION_CONTEXT(2) 
PARAMETRIC_REPRESENTATION_CONTEXT() REPRESENTATION_CONTEXT('2D SPACE',''
  ) );
#7010 = PCURVE('',#5861,#7011);
#7011 = DEFINITIONAL_REPRESENTATION('',(#7012),#7016);
#7012 = LINE('',#7013,#7014);
#7013 = CARTESIAN_POINT('',(12.714915801697,-7.966179907479));
#7014 = VECTOR('',#7015,1.);
#7015 = DIRECTION('',(-0.554700196225,0.832050294338));
#7016 = ( GEOMETRIC_REPRESENTATION_CONTEXT(2) 
PARAMETRIC_REPRESENTATION_CONTEXT() REPRESENTATION_CONTEXT('2D SPACE',''
  ) );
#7017 = ORIENTED_EDGE('',*,*,#7018,.F.);
#7018 = EDGE_CURVE('',#7019,#6996,#7021,.T.);
#7019 = VERTEX_POINT('',#7020);
#7020 = CARTESIAN_POINT('',(199.35564853556,9.866108786611,0.));
#7021 = SURFACE_CURVE('',#7022,(#7026,#7033),.PCURVE_S1.);
#7022 = LINE('',#7023,#7024);
#7023 = CARTESIAN_POINT('',(199.35564853556,9.866108786611,0.));
#7024 = VECTOR('',#7025,1.);
#7025 = DIRECTION('',(0.,0.,1.));
#7026 = PCURVE('',#6958,#7027);
#7027 = DEFINITIONAL_REPRESENTATION('',(#7028),#7032);
#7028 = LINE('',#7029,#7030);
#7029 = CARTESIAN_POINT('',(0.54309558961,0.));
#7030 = VECTOR('',#7031,1.);
#7031 = DIRECTION('',(0.,-1.));
#7032 = ( GEOMETRIC_REPRESENTATION_CONTEXT(2) 
PARAMETRIC_REPRESENTATION_CONTEXT() REPRESENTATION_CONTEXT('2D SPACE',''
  ) );
#7033 = PCURVE('',#7034,#7039);
#7034 = PLANE('',#7035);
#7035 = AXIS2_PLACEMENT_3D('',#7036,#7037,#7038);
#7036 = CARTESIAN_POINT('',(199.35564853556,9.866108786611,0.));
#7037 = DIRECTION('',(-6.992836012751E-03,-0.999975549823,0.));
#7038 = DIRECTION('',(-0.999975549823,6.992836012751E-03,0.));
#7039 = DEFINITIONAL_REPRESENTATION('',(#7040),#7044);
#7040 = LINE('',#7041,#7042);
#7041 = CARTESIAN_POINT('',(0.,0.));
#7042 = VECTOR('',#7043,1.);
#7043 = DIRECTION('',(0.,-1.));
#7044 = ( GEOMETRIC_REPRESENTATION_CONTEXT(2) 
PARAMETRIC_REPRESENTATION_CONTEXT() REPRESENTATION_CONTEXT('2D SPACE',''
  ) );
#7045 = ORIENTED_EDGE('',*,*,#7046,.F.);
#7046 = EDGE_CURVE('',#6943,#7019,#7047,.T.);
#7047 = SURFACE_CURVE('',#7048,(#7052,#7059),.PCURVE_S1.);
#7048 = LINE('',#7049,#7050);
#7049 = CARTESIAN_POINT('',(199.65690376569,9.414225941423,0.));
#7050 = VECTOR('',#7051,1.);
#7051 = DIRECTION('',(-0.554700196225,0.832050294338,0.));
#7052 = PCURVE('',#6958,#7053);
#7053 = DEFINITIONAL_REPRESENTATION('',(#7054),#7058);
#7054 = LINE('',#7055,#7056);
#7055 = CARTESIAN_POINT('',(0.,0.));
#7056 = VECTOR('',#7057,1.);
#7057 = DIRECTION('',(1.,0.));
#7058 = ( GEOMETRIC_REPRESENTATION_CONTEXT(2) 
PARAMETRIC_REPRESENTATION_CONTEXT() REPRESENTATION_CONTEXT('2D SPACE',''
  ) );
#7059 = PCURVE('',#5915,#7060);
#7060 = DEFINITIONAL_REPRESENTATION('',(#7061),#7065);
#7061 = LINE('',#7062,#7063);
#7062 = CARTESIAN_POINT('',(12.714915801697,-7.966179907479));
#7063 = VECTOR('',#7064,1.);
#7064 = DIRECTION('',(-0.554700196225,0.832050294338));
#7065 = ( GEOMETRIC_REPRESENTATION_CONTEXT(2) 
PARAMETRIC_REPRESENTATION_CONTEXT() REPRESENTATION_CONTEXT('2D SPACE',''
  ) );
#7066 = ADVANCED_FACE('',(#7067),#7034,.F.);
#7067 = FACE_BOUND('',#7068,.F.);
#7068 = EDGE_LOOP('',(#7069,#7070,#7093,#7121));
#7069 = ORIENTED_EDGE('',*,*,#7018,.T.);
#7070 = ORIENTED_EDGE('',*,*,#7071,.T.);
#7071 = EDGE_CURVE('',#6996,#7072,#7074,.T.);
#7072 = VERTEX_POINT('',#7073);
#7073 = CARTESIAN_POINT('',(188.58577405857,9.941422594142,3.));
#7074 = SURFACE_CURVE('',#7075,(#7079,#7086),.PCURVE_S1.);
#7075 = LINE('',#7076,#7077);
#7076 = CARTESIAN_POINT('',(199.35564853556,9.866108786611,3.));
#7077 = VECTOR('',#7078,1.);
#7078 = DIRECTION('',(-0.999975549823,6.992836012751E-03,0.));
#7079 = PCURVE('',#7034,#7080);
#7080 = DEFINITIONAL_REPRESENTATION('',(#7081),#7085);
#7081 = LINE('',#7082,#7083);
#7082 = CARTESIAN_POINT('',(0.,-3.));
#7083 = VECTOR('',#7084,1.);
#7084 = DIRECTION('',(1.,0.));
#7085 = ( GEOMETRIC_REPRESENTATION_CONTEXT(2) 
PARAMETRIC_REPRESENTATION_CONTEXT() REPRESENTATION_CONTEXT('2D SPACE',''
  ) );
#7086 = PCURVE('',#5861,#7087);
#7087 = DEFINITIONAL_REPRESENTATION('',(#7088),#7092);
#7088 = LINE('',#7089,#7090);
#7089 = CARTESIAN_POINT('',(12.413660571571,-7.514297062291));
#7090 = VECTOR('',#7091,1.);
#7091 = DIRECTION('',(-0.999975549823,6.992836012751E-03));
#7092 = ( GEOMETRIC_REPRESENTATION_CONTEXT(2) 
PARAMETRIC_REPRESENTATION_CONTEXT() REPRESENTATION_CONTEXT('2D SPACE',''
  ) );
#7093 = ORIENTED_EDGE('',*,*,#7094,.F.);
#7094 = EDGE_CURVE('',#7095,#7072,#7097,.T.);
#7095 = VERTEX_POINT('',#7096);
#7096 = CARTESIAN_POINT('',(188.58577405857,9.941422594142,0.));
#7097 = SURFACE_CURVE('',#7098,(#7102,#7109),.PCURVE_S1.);
#7098 = LINE('',#7099,#7100);
#7099 = CARTESIAN_POINT('',(188.58577405857,9.941422594142,0.));
#7100 = VECTOR('',#7101,1.);
#7101 = DIRECTION('',(0.,0.,1.));
#7102 = PCURVE('',#7034,#7103);
#7103 = DEFINITIONAL_REPRESENTATION('',(#7104),#7108);
#7104 = LINE('',#7105,#7106);
#7105 = CARTESIAN_POINT('',(10.770137808759,0.));
#7106 = VECTOR('',#7107,1.);
#7107 = DIRECTION('',(0.,-1.));
#7108 = ( GEOMETRIC_REPRESENTATION_CONTEXT(2) 
PARAMETRIC_REPRESENTATION_CONTEXT() REPRESENTATION_CONTEXT('2D SPACE',''
  ) );
#7109 = PCURVE('',#7110,#7115);
#7110 = PLANE('',#7111);
#7111 = AXIS2_PLACEMENT_3D('',#7112,#7113,#7114);
#7112 = CARTESIAN_POINT('',(188.58577405857,9.941422594142,0.));
#7113 = DIRECTION('',(-0.393919298579,-0.919145030018,0.));
#7114 = DIRECTION('',(-0.919145030018,0.393919298579,0.));
#7115 = DEFINITIONAL_REPRESENTATION('',(#7116),#7120);
#7116 = LINE('',#7117,#7118);
#7117 = CARTESIAN_POINT('',(0.,0.));
#7118 = VECTOR('',#7119,1.);
#7119 = DIRECTION('',(0.,-1.));
#7120 = ( GEOMETRIC_REPRESENTATION_CONTEXT(2) 
PARAMETRIC_REPRESENTATION_CONTEXT() REPRESENTATION_CONTEXT('2D SPACE',''
  ) );
#7121 = ORIENTED_EDGE('',*,*,#7122,.F.);
#7122 = EDGE_CURVE('',#7019,#7095,#7123,.T.);
#7123 = SURFACE_CURVE('',#7124,(#7128,#7135),.PCURVE_S1.);
#7124 = LINE('',#7125,#7126);
#7125 = CARTESIAN_POINT('',(199.35564853556,9.866108786611,0.));
#7126 = VECTOR('',#7127,1.);
#7127 = DIRECTION('',(-0.999975549823,6.992836012751E-03,0.));
#7128 = PCURVE('',#7034,#7129);
#7129 = DEFINITIONAL_REPRESENTATION('',(#7130),#7134);
#7130 = LINE('',#7131,#7132);
#7131 = CARTESIAN_POINT('',(0.,0.));
#7132 = VECTOR('',#7133,1.);
#7133 = DIRECTION('',(1.,0.));
#7134 = ( GEOMETRIC_REPRESENTATION_CONTEXT(2) 
PARAMETRIC_REPRESENTATION_CONTEXT() REPRESENTATION_CONTEXT('2D SPACE',''
  ) );
#7135 = PCURVE('',#5915,#7136);
#7136 = DEFINITIONAL_REPRESENTATION('',(#7137),#7141);
#7137 = LINE('',#7138,#7139);
#7138 = CARTESIAN_POINT('',(12.413660571571,-7.514297062291));
#7139 = VECTOR('',#7140,1.);
#7140 = DIRECTION('',(-0.999975549823,6.992836012751E-03));
#7141 = ( GEOMETRIC_REPRESENTATION_CONTEXT(2) 
PARAMETRIC_REPRESENTATION_CONTEXT() REPRESENTATION_CONTEXT('2D SPACE',''
  ) );
#7142 = ADVANCED_FACE('',(#7143),#7110,.F.);
#7143 = FACE_BOUND('',#7144,.F.);
#7144 = EDGE_LOOP('',(#7145,#7146,#7169,#7197));
#7145 = ORIENTED_EDGE('',*,*,#7094,.T.);
#7146 = ORIENTED_EDGE('',*,*,#7147,.T.);
#7147 = EDGE_CURVE('',#7072,#7148,#7150,.T.);
#7148 = VERTEX_POINT('',#7149);
#7149 = CARTESIAN_POINT('',(187.53138075313,10.393305439331,3.));
#7150 = SURFACE_CURVE('',#7151,(#7155,#7162),.PCURVE_S1.);
#7151 = LINE('',#7152,#7153);
#7152 = CARTESIAN_POINT('',(188.58577405857,9.941422594142,3.));
#7153 = VECTOR('',#7154,1.);
#7154 = DIRECTION('',(-0.919145030018,0.393919298579,0.));
#7155 = PCURVE('',#7110,#7156);
#7156 = DEFINITIONAL_REPRESENTATION('',(#7157),#7161);
#7157 = LINE('',#7158,#7159);
#7158 = CARTESIAN_POINT('',(0.,-3.));
#7159 = VECTOR('',#7160,1.);
#7160 = DIRECTION('',(1.,0.));
#7161 = ( GEOMETRIC_REPRESENTATION_CONTEXT(2) 
PARAMETRIC_REPRESENTATION_CONTEXT() REPRESENTATION_CONTEXT('2D SPACE',''
  ) );
#7162 = PCURVE('',#5861,#7163);
#7163 = DEFINITIONAL_REPRESENTATION('',(#7164),#7168);
#7164 = LINE('',#7165,#7166);
#7165 = CARTESIAN_POINT('',(1.643786094584,-7.438983254759));
#7166 = VECTOR('',#7167,1.);
#7167 = DIRECTION('',(-0.919145030018,0.393919298579));
#7168 = ( GEOMETRIC_REPRESENTATION_CONTEXT(2) 
PARAMETRIC_REPRESENTATION_CONTEXT() REPRESENTATION_CONTEXT('2D SPACE',''
  ) );
#7169 = ORIENTED_EDGE('',*,*,#7170,.F.);
#7170 = EDGE_CURVE('',#7171,#7148,#7173,.T.);
#7171 = VERTEX_POINT('',#7172);
#7172 = CARTESIAN_POINT('',(187.53138075313,10.393305439331,0.));
#7173 = SURFACE_CURVE('',#7174,(#7178,#7185),.PCURVE_S1.);
#7174 = LINE('',#7175,#7176);
#7175 = CARTESIAN_POINT('',(187.53138075313,10.393305439331,0.));
#7176 = VECTOR('',#7177,1.);
#7177 = DIRECTION('',(0.,0.,1.));
#7178 = PCURVE('',#7110,#7179);
#7179 = DEFINITIONAL_REPRESENTATION('',(#7180),#7184);
#7180 = LINE('',#7181,#7182);
#7181 = CARTESIAN_POINT('',(1.147145739795,0.));
#7182 = VECTOR('',#7183,1.);
#7183 = DIRECTION('',(0.,-1.));
#7184 = ( GEOMETRIC_REPRESENTATION_CONTEXT(2) 
PARAMETRIC_REPRESENTATION_CONTEXT() REPRESENTATION_CONTEXT('2D SPACE',''
  ) );
#7185 = PCURVE('',#7186,#7191);
#7186 = PLANE('',#7187);
#7187 = AXIS2_PLACEMENT_3D('',#7188,#7189,#7190);
#7188 = CARTESIAN_POINT('',(187.53138075313,10.393305439331,0.));
#7189 = DIRECTION('',(-0.854787515222,0.518978134242,0.));
#7190 = DIRECTION('',(0.518978134242,0.854787515222,0.));
#7191 = DEFINITIONAL_REPRESENTATION('',(#7192),#7196);
#7192 = LINE('',#7193,#7194);
#7193 = CARTESIAN_POINT('',(0.,0.));
#7194 = VECTOR('',#7195,1.);
#7195 = DIRECTION('',(0.,-1.));
#7196 = ( GEOMETRIC_REPRESENTATION_CONTEXT(2) 
PARAMETRIC_REPRESENTATION_CONTEXT() REPRESENTATION_CONTEXT('2D SPACE',''
  ) );
#7197 = ORIENTED_EDGE('',*,*,#7198,.F.);
#7198 = EDGE_CURVE('',#7095,#7171,#7199,.T.);
#7199 = SURFACE_CURVE('',#7200,(#7204,#7211),.PCURVE_S1.);
#7200 = LINE('',#7201,#7202);
#7201 = CARTESIAN_POINT('',(188.58577405857,9.941422594142,0.));
#7202 = VECTOR('',#7203,1.);
#7203 = DIRECTION('',(-0.919145030018,0.393919298579,0.));
#7204 = PCURVE('',#7110,#7205);
#7205 = DEFINITIONAL_REPRESENTATION('',(#7206),#7210);
#7206 = LINE('',#7207,#7208);
#7207 = CARTESIAN_POINT('',(0.,0.));
#7208 = VECTOR('',#7209,1.);
#7209 = DIRECTION('',(1.,0.));
#7210 = ( GEOMETRIC_REPRESENTATION_CONTEXT(2) 
PARAMETRIC_REPRESENTATION_CONTEXT() REPRESENTATION_CONTEXT('2D SPACE',''
  ) );
#7211 = PCURVE('',#5915,#7212);
#7212 = DEFINITIONAL_REPRESENTATION('',(#7213),#7217);
#7213 = LINE('',#7214,#7215);
#7214 = CARTESIAN_POINT('',(1.643786094584,-7.438983254759));
#7215 = VECTOR('',#7216,1.);
#7216 = DIRECTION('',(-0.919145030018,0.393919298579));
#7217 = ( GEOMETRIC_REPRESENTATION_CONTEXT(2) 
PARAMETRIC_REPRESENTATION_CONTEXT() REPRESENTATION_CONTEXT('2D SPACE',''
  ) );
#7218 = ADVANCED_FACE('',(#7219),#7186,.F.);
#7219 = FACE_BOUND('',#7220,.F.);
#7220 = EDGE_LOOP('',(#7221,#7222,#7245,#7273));
#7221 = ORIENTED_EDGE('',*,*,#7170,.T.);
#7222 = ORIENTED_EDGE('',*,*,#7223,.T.);
#7223 = EDGE_CURVE('',#7148,#7224,#7226,.T.);
#7224 = VERTEX_POINT('',#7225);
#7225 = CARTESIAN_POINT('',(188.81171548117,12.502092050209,3.));
#7226 = SURFACE_CURVE('',#7227,(#7231,#7238),.PCURVE_S1.);
#7227 = LINE('',#7228,#7229);
#7228 = CARTESIAN_POINT('',(187.53138075313,10.393305439331,3.));
#7229 = VECTOR('',#7230,1.);
#7230 = DIRECTION('',(0.518978134242,0.854787515222,0.));
#7231 = PCURVE('',#7186,#7232);
#7232 = DEFINITIONAL_REPRESENTATION('',(#7233),#7237);
#7233 = LINE('',#7234,#7235);
#7234 = CARTESIAN_POINT('',(0.,-3.));
#7235 = VECTOR('',#7236,1.);
#7236 = DIRECTION('',(1.,0.));
#7237 = ( GEOMETRIC_REPRESENTATION_CONTEXT(2) 
PARAMETRIC_REPRESENTATION_CONTEXT() REPRESENTATION_CONTEXT('2D SPACE',''
  ) );
#7238 = PCURVE('',#5861,#7239);
#7239 = DEFINITIONAL_REPRESENTATION('',(#7240),#7244);
#7240 = LINE('',#7241,#7242);
#7241 = CARTESIAN_POINT('',(0.589392789144,-6.987100409571));
#7242 = VECTOR('',#7243,1.);
#7243 = DIRECTION('',(0.518978134242,0.854787515222));
#7244 = ( GEOMETRIC_REPRESENTATION_CONTEXT(2) 
PARAMETRIC_REPRESENTATION_CONTEXT() REPRESENTATION_CONTEXT('2D SPACE',''
  ) );
#7245 = ORIENTED_EDGE('',*,*,#7246,.F.);
#7246 = EDGE_CURVE('',#7247,#7224,#7249,.T.);
#7247 = VERTEX_POINT('',#7248);
#7248 = CARTESIAN_POINT('',(188.81171548117,12.502092050209,0.));
#7249 = SURFACE_CURVE('',#7250,(#7254,#7261),.PCURVE_S1.);
#7250 = LINE('',#7251,#7252);
#7251 = CARTESIAN_POINT('',(188.81171548117,12.502092050209,0.));
#7252 = VECTOR('',#7253,1.);
#7253 = DIRECTION('',(0.,0.,1.));
#7254 = PCURVE('',#7186,#7255);
#7255 = DEFINITIONAL_REPRESENTATION('',(#7256),#7260);
#7256 = LINE('',#7257,#7258);
#7257 = CARTESIAN_POINT('',(2.467030195606,0.));
#7258 = VECTOR('',#7259,1.);
#7259 = DIRECTION('',(0.,-1.));
#7260 = ( GEOMETRIC_REPRESENTATION_CONTEXT(2) 
PARAMETRIC_REPRESENTATION_CONTEXT() REPRESENTATION_CONTEXT('2D SPACE',''
  ) );
#7261 = PCURVE('',#7262,#7267);
#7262 = PLANE('',#7263);
#7263 = AXIS2_PLACEMENT_3D('',#7264,#7265,#7266);
#7264 = CARTESIAN_POINT('',(188.81171548117,12.502092050209,0.));
#7265 = DIRECTION('',(-0.787602755734,0.616183332427,0.));
#7266 = DIRECTION('',(0.616183332427,0.787602755734,0.));
#7267 = DEFINITIONAL_REPRESENTATION('',(#7268),#7272);
#7268 = LINE('',#7269,#7270);
#7269 = CARTESIAN_POINT('',(0.,0.));
#7270 = VECTOR('',#7271,1.);
#7271 = DIRECTION('',(0.,-1.));
#7272 = ( GEOMETRIC_REPRESENTATION_CONTEXT(2) 
PARAMETRIC_REPRESENTATION_CONTEXT() REPRESENTATION_CONTEXT('2D SPACE',''
  ) );
#7273 = ORIENTED_EDGE('',*,*,#7274,.F.);
#7274 = EDGE_CURVE('',#7171,#7247,#7275,.T.);
#7275 = SURFACE_CURVE('',#7276,(#7280,#7287),.PCURVE_S1.);
#7276 = LINE('',#7277,#7278);
#7277 = CARTESIAN_POINT('',(187.53138075313,10.393305439331,0.));
#7278 = VECTOR('',#7279,1.);
#7279 = DIRECTION('',(0.518978134242,0.854787515222,0.));
#7280 = PCURVE('',#7186,#7281);
#7281 = DEFINITIONAL_REPRESENTATION('',(#7282),#7286);
#7282 = LINE('',#7283,#7284);
#7283 = CARTESIAN_POINT('',(0.,0.));
#7284 = VECTOR('',#7285,1.);
#7285 = DIRECTION('',(1.,0.));
#7286 = ( GEOMETRIC_REPRESENTATION_CONTEXT(2) 
PARAMETRIC_REPRESENTATION_CONTEXT() REPRESENTATION_CONTEXT('2D SPACE',''
  ) );
#7287 = PCURVE('',#5915,#7288);
#7288 = DEFINITIONAL_REPRESENTATION('',(#7289),#7293);
#7289 = LINE('',#7290,#7291);
#7290 = CARTESIAN_POINT('',(0.589392789144,-6.987100409571));
#7291 = VECTOR('',#7292,1.);
#7292 = DIRECTION('',(0.518978134242,0.854787515222));
#7293 = ( GEOMETRIC_REPRESENTATION_CONTEXT(2) 
PARAMETRIC_REPRESENTATION_CONTEXT() REPRESENTATION_CONTEXT('2D SPACE',''
  ) );
#7294 = ADVANCED_FACE('',(#7295),#7262,.F.);
#7295 = FACE_BOUND('',#7296,.F.);
#7296 = EDGE_LOOP('',(#7297,#7298,#7321,#7349));
#7297 = ORIENTED_EDGE('',*,*,#7246,.T.);
#7298 = ORIENTED_EDGE('',*,*,#7299,.T.);
#7299 = EDGE_CURVE('',#7224,#7300,#7302,.T.);
#7300 = VERTEX_POINT('',#7301);
#7301 = CARTESIAN_POINT('',(198.82845188284,25.305439330544,3.));
#7302 = SURFACE_CURVE('',#7303,(#7307,#7314),.PCURVE_S1.);
#7303 = LINE('',#7304,#7305);
#7304 = CARTESIAN_POINT('',(188.81171548117,12.502092050209,3.));
#7305 = VECTOR('',#7306,1.);
#7306 = DIRECTION('',(0.616183332427,0.787602755734,0.));
#7307 = PCURVE('',#7262,#7308);
#7308 = DEFINITIONAL_REPRESENTATION('',(#7309),#7313);
#7309 = LINE('',#7310,#7311);
#7310 = CARTESIAN_POINT('',(0.,-3.));
#7311 = VECTOR('',#7312,1.);
#7312 = DIRECTION('',(1.,0.));
#7313 = ( GEOMETRIC_REPRESENTATION_CONTEXT(2) 
PARAMETRIC_REPRESENTATION_CONTEXT() REPRESENTATION_CONTEXT('2D SPACE',''
  ) );
#7314 = PCURVE('',#5861,#7315);
#7315 = DEFINITIONAL_REPRESENTATION('',(#7316),#7320);
#7316 = LINE('',#7317,#7318);
#7317 = CARTESIAN_POINT('',(1.869727517178,-4.878313798692));
#7318 = VECTOR('',#7319,1.);
#7319 = DIRECTION('',(0.616183332427,0.787602755734));
#7320 = ( GEOMETRIC_REPRESENTATION_CONTEXT(2) 
PARAMETRIC_REPRESENTATION_CONTEXT() REPRESENTATION_CONTEXT('2D SPACE',''
  ) );
#7321 = ORIENTED_EDGE('',*,*,#7322,.F.);
#7322 = EDGE_CURVE('',#7323,#7300,#7325,.T.);
#7323 = VERTEX_POINT('',#7324);
#7324 = CARTESIAN_POINT('',(198.82845188284,25.305439330544,0.));
#7325 = SURFACE_CURVE('',#7326,(#7330,#7337),.PCURVE_S1.);
#7326 = LINE('',#7327,#7328);
#7327 = CARTESIAN_POINT('',(198.82845188284,25.305439330544,0.));
#7328 = VECTOR('',#7329,1.);
#7329 = DIRECTION('',(0.,0.,1.));
#7330 = PCURVE('',#7262,#7331);
#7331 = DEFINITIONAL_REPRESENTATION('',(#7332),#7336);
#7332 = LINE('',#7333,#7334);
#7333 = CARTESIAN_POINT('',(16.256097616632,0.));
#7334 = VECTOR('',#7335,1.);
#7335 = DIRECTION('',(0.,-1.));
#7336 = ( GEOMETRIC_REPRESENTATION_CONTEXT(2) 
PARAMETRIC_REPRESENTATION_CONTEXT() REPRESENTATION_CONTEXT('2D SPACE',''
  ) );
#7337 = PCURVE('',#7338,#7343);
#7338 = PLANE('',#7339);
#7339 = AXIS2_PLACEMENT_3D('',#7340,#7341,#7342);
#7340 = CARTESIAN_POINT('',(198.82845188284,25.305439330544,0.));
#7341 = DIRECTION('',(-0.933345606203,0.358979079309,0.));
#7342 = DIRECTION('',(0.358979079309,0.933345606203,0.));
#7343 = DEFINITIONAL_REPRESENTATION('',(#7344),#7348);
#7344 = LINE('',#7345,#7346);
#7345 = CARTESIAN_POINT('',(0.,0.));
#7346 = VECTOR('',#7347,1.);
#7347 = DIRECTION('',(0.,-1.));
#7348 = ( GEOMETRIC_REPRESENTATION_CONTEXT(2) 
PARAMETRIC_REPRESENTATION_CONTEXT() REPRESENTATION_CONTEXT('2D SPACE',''
  ) );
#7349 = ORIENTED_EDGE('',*,*,#7350,.F.);
#7350 = EDGE_CURVE('',#7247,#7323,#7351,.T.);
#7351 = SURFACE_CURVE('',#7352,(#7356,#7363),.PCURVE_S1.);
#7352 = LINE('',#7353,#7354);
#7353 = CARTESIAN_POINT('',(188.81171548117,12.502092050209,0.));
#7354 = VECTOR('',#7355,1.);
#7355 = DIRECTION('',(0.616183332427,0.787602755734,0.));
#7356 = PCURVE('',#7262,#7357);
#7357 = DEFINITIONAL_REPRESENTATION('',(#7358),#7362);
#7358 = LINE('',#7359,#7360);
#7359 = CARTESIAN_POINT('',(0.,0.));
#7360 = VECTOR('',#7361,1.);
#7361 = DIRECTION('',(1.,0.));
#7362 = ( GEOMETRIC_REPRESENTATION_CONTEXT(2) 
PARAMETRIC_REPRESENTATION_CONTEXT() REPRESENTATION_CONTEXT('2D SPACE',''
  ) );
#7363 = PCURVE('',#5915,#7364);
#7364 = DEFINITIONAL_REPRESENTATION('',(#7365),#7369);
#7365 = LINE('',#7366,#7367);
#7366 = CARTESIAN_POINT('',(1.869727517178,-4.878313798692));
#7367 = VECTOR('',#7368,1.);
#7368 = DIRECTION('',(0.616183332427,0.787602755734));
#7369 = ( GEOMETRIC_REPRESENTATION_CONTEXT(2) 
PARAMETRIC_REPRESENTATION_CONTEXT() REPRESENTATION_CONTEXT('2D SPACE',''
  ) );
#7370 = ADVANCED_FACE('',(#7371),#7338,.F.);
#7371 = FACE_BOUND('',#7372,.F.);
#7372 = EDGE_LOOP('',(#7373,#7374,#7397,#7425));
#7373 = ORIENTED_EDGE('',*,*,#7322,.T.);
#7374 = ORIENTED_EDGE('',*,*,#7375,.T.);
#7375 = EDGE_CURVE('',#7300,#7376,#7378,.T.);
#7376 = VERTEX_POINT('',#7377);
#7377 = CARTESIAN_POINT('',(199.58158995815,27.26359832636,3.));
#7378 = SURFACE_CURVE('',#7379,(#7383,#7390),.PCURVE_S1.);
#7379 = LINE('',#7380,#7381);
#7380 = CARTESIAN_POINT('',(198.82845188284,25.305439330544,3.));
#7381 = VECTOR('',#7382,1.);
#7382 = DIRECTION('',(0.358979079309,0.933345606203,0.));
#7383 = PCURVE('',#7338,#7384);
#7384 = DEFINITIONAL_REPRESENTATION('',(#7385),#7389);
#7385 = LINE('',#7386,#7387);
#7386 = CARTESIAN_POINT('',(0.,-3.));
#7387 = VECTOR('',#7388,1.);
#7388 = DIRECTION('',(1.,0.));
#7389 = ( GEOMETRIC_REPRESENTATION_CONTEXT(2) 
PARAMETRIC_REPRESENTATION_CONTEXT() REPRESENTATION_CONTEXT('2D SPACE',''
  ) );
#7390 = PCURVE('',#5861,#7391);
#7391 = DEFINITIONAL_REPRESENTATION('',(#7392),#7396);
#7392 = LINE('',#7393,#7394);
#7393 = CARTESIAN_POINT('',(11.886463918851,7.925033481642));
#7394 = VECTOR('',#7395,1.);
#7395 = DIRECTION('',(0.358979079309,0.933345606203));
#7396 = ( GEOMETRIC_REPRESENTATION_CONTEXT(2) 
PARAMETRIC_REPRESENTATION_CONTEXT() REPRESENTATION_CONTEXT('2D SPACE',''
  ) );
#7397 = ORIENTED_EDGE('',*,*,#7398,.F.);
#7398 = EDGE_CURVE('',#7399,#7376,#7401,.T.);
#7399 = VERTEX_POINT('',#7400);
#7400 = CARTESIAN_POINT('',(199.58158995815,27.26359832636,0.));
#7401 = SURFACE_CURVE('',#7402,(#7406,#7413),.PCURVE_S1.);
#7402 = LINE('',#7403,#7404);
#7403 = CARTESIAN_POINT('',(199.58158995815,27.26359832636,0.));
#7404 = VECTOR('',#7405,1.);
#7405 = DIRECTION('',(0.,0.,1.));
#7406 = PCURVE('',#7338,#7407);
#7407 = DEFINITIONAL_REPRESENTATION('',(#7408),#7412);
#7408 = LINE('',#7409,#7410);
#7409 = CARTESIAN_POINT('',(2.09799990786,0.));
#7410 = VECTOR('',#7411,1.);
#7411 = DIRECTION('',(0.,-1.));
#7412 = ( GEOMETRIC_REPRESENTATION_CONTEXT(2) 
PARAMETRIC_REPRESENTATION_CONTEXT() REPRESENTATION_CONTEXT('2D SPACE',''
  ) );
#7413 = PCURVE('',#7414,#7419);
#7414 = PLANE('',#7415);
#7415 = AXIS2_PLACEMENT_3D('',#7416,#7417,#7418);
#7416 = CARTESIAN_POINT('',(199.58158995815,27.26359832636,0.));
#7417 = DIRECTION('',(-0.999541179145,3.028912664076E-02,0.));
#7418 = DIRECTION('',(3.028912664076E-02,0.999541179145,0.));
#7419 = DEFINITIONAL_REPRESENTATION('',(#7420),#7424);
#7420 = LINE('',#7421,#7422);
#7421 = CARTESIAN_POINT('',(0.,0.));
#7422 = VECTOR('',#7423,1.);
#7423 = DIRECTION('',(0.,-1.));
#7424 = ( GEOMETRIC_REPRESENTATION_CONTEXT(2) 
PARAMETRIC_REPRESENTATION_CONTEXT() REPRESENTATION_CONTEXT('2D SPACE',''
  ) );
#7425 = ORIENTED_EDGE('',*,*,#7426,.F.);
#7426 = EDGE_CURVE('',#7323,#7399,#7427,.T.);
#7427 = SURFACE_CURVE('',#7428,(#7432,#7439),.PCURVE_S1.);
#7428 = LINE('',#7429,#7430);
#7429 = CARTESIAN_POINT('',(198.82845188284,25.305439330544,0.));
#7430 = VECTOR('',#7431,1.);
#7431 = DIRECTION('',(0.358979079309,0.933345606203,0.));
#7432 = PCURVE('',#7338,#7433);
#7433 = DEFINITIONAL_REPRESENTATION('',(#7434),#7438);
#7434 = LINE('',#7435,#7436);
#7435 = CARTESIAN_POINT('',(0.,0.));
#7436 = VECTOR('',#7437,1.);
#7437 = DIRECTION('',(1.,0.));
#7438 = ( GEOMETRIC_REPRESENTATION_CONTEXT(2) 
PARAMETRIC_REPRESENTATION_CONTEXT() REPRESENTATION_CONTEXT('2D SPACE',''
  ) );
#7439 = PCURVE('',#5915,#7440);
#7440 = DEFINITIONAL_REPRESENTATION('',(#7441),#7445);
#7441 = LINE('',#7442,#7443);
#7442 = CARTESIAN_POINT('',(11.886463918851,7.925033481642));
#7443 = VECTOR('',#7444,1.);
#7444 = DIRECTION('',(0.358979079309,0.933345606203));
#7445 = ( GEOMETRIC_REPRESENTATION_CONTEXT(2) 
PARAMETRIC_REPRESENTATION_CONTEXT() REPRESENTATION_CONTEXT('2D SPACE',''
  ) );
#7446 = ADVANCED_FACE('',(#7447),#7414,.F.);
#7447 = FACE_BOUND('',#7448,.F.);
#7448 = EDGE_LOOP('',(#7449,#7450,#7473,#7501));
#7449 = ORIENTED_EDGE('',*,*,#7398,.T.);
#7450 = ORIENTED_EDGE('',*,*,#7451,.T.);
#7451 = EDGE_CURVE('',#7376,#7452,#7454,.T.);
#7452 = VERTEX_POINT('',#7453);
#7453 = CARTESIAN_POINT('',(199.65690376569,29.748953974895,3.));
#7454 = SURFACE_CURVE('',#7455,(#7459,#7466),.PCURVE_S1.);
#7455 = LINE('',#7456,#7457);
#7456 = CARTESIAN_POINT('',(199.58158995815,27.26359832636,3.));
#7457 = VECTOR('',#7458,1.);
#7458 = DIRECTION('',(3.028912664076E-02,0.999541179145,0.));
#7459 = PCURVE('',#7414,#7460);
#7460 = DEFINITIONAL_REPRESENTATION('',(#7461),#7465);
#7461 = LINE('',#7462,#7463);
#7462 = CARTESIAN_POINT('',(0.,-3.));
#7463 = VECTOR('',#7464,1.);
#7464 = DIRECTION('',(1.,0.));
#7465 = ( GEOMETRIC_REPRESENTATION_CONTEXT(2) 
PARAMETRIC_REPRESENTATION_CONTEXT() REPRESENTATION_CONTEXT('2D SPACE',''
  ) );
#7466 = PCURVE('',#5861,#7467);
#7467 = DEFINITIONAL_REPRESENTATION('',(#7468),#7472);
#7468 = LINE('',#7469,#7470);
#7469 = CARTESIAN_POINT('',(12.639601994165,9.883192477458));
#7470 = VECTOR('',#7471,1.);
#7471 = DIRECTION('',(3.028912664076E-02,0.999541179145));
#7472 = ( GEOMETRIC_REPRESENTATION_CONTEXT(2) 
PARAMETRIC_REPRESENTATION_CONTEXT() REPRESENTATION_CONTEXT('2D SPACE',''
  ) );
#7473 = ORIENTED_EDGE('',*,*,#7474,.F.);
#7474 = EDGE_CURVE('',#7475,#7452,#7477,.T.);
#7475 = VERTEX_POINT('',#7476);
#7476 = CARTESIAN_POINT('',(199.65690376569,29.748953974895,0.));
#7477 = SURFACE_CURVE('',#7478,(#7482,#7489),.PCURVE_S1.);
#7478 = LINE('',#7479,#7480);
#7479 = CARTESIAN_POINT('',(199.65690376569,29.748953974895,0.));
#7480 = VECTOR('',#7481,1.);
#7481 = DIRECTION('',(0.,0.,1.));
#7482 = PCURVE('',#7414,#7483);
#7483 = DEFINITIONAL_REPRESENTATION('',(#7484),#7488);
#7484 = LINE('',#7485,#7486);
#7485 = CARTESIAN_POINT('',(2.486496504987,0.));
#7486 = VECTOR('',#7487,1.);
#7487 = DIRECTION('',(0.,-1.));
#7488 = ( GEOMETRIC_REPRESENTATION_CONTEXT(2) 
PARAMETRIC_REPRESENTATION_CONTEXT() REPRESENTATION_CONTEXT('2D SPACE',''
  ) );
#7489 = PCURVE('',#7490,#7495);
#7490 = PLANE('',#7491);
#7491 = AXIS2_PLACEMENT_3D('',#7492,#7493,#7494);
#7492 = CARTESIAN_POINT('',(199.65690376569,29.748953974895,0.));
#7493 = DIRECTION('',(-0.982872186934,-0.18428853505,0.));
#7494 = DIRECTION('',(-0.18428853505,0.982872186934,0.));
#7495 = DEFINITIONAL_REPRESENTATION('',(#7496),#7500);
#7496 = LINE('',#7497,#7498);
#7497 = CARTESIAN_POINT('',(0.,0.));
#7498 = VECTOR('',#7499,1.);
#7499 = DIRECTION('',(0.,-1.));
#7500 = ( GEOMETRIC_REPRESENTATION_CONTEXT(2) 
PARAMETRIC_REPRESENTATION_CONTEXT() REPRESENTATION_CONTEXT('2D SPACE',''
  ) );
#7501 = ORIENTED_EDGE('',*,*,#7502,.F.);
#7502 = EDGE_CURVE('',#7399,#7475,#7503,.T.);
#7503 = SURFACE_CURVE('',#7504,(#7508,#7515),.PCURVE_S1.);
#7504 = LINE('',#7505,#7506);
#7505 = CARTESIAN_POINT('',(199.58158995815,27.26359832636,0.));
#7506 = VECTOR('',#7507,1.);
#7507 = DIRECTION('',(3.028912664076E-02,0.999541179145,0.));
#7508 = PCURVE('',#7414,#7509);
#7509 = DEFINITIONAL_REPRESENTATION('',(#7510),#7514);
#7510 = LINE('',#7511,#7512);
#7511 = CARTESIAN_POINT('',(0.,0.));
#7512 = VECTOR('',#7513,1.);
#7513 = DIRECTION('',(1.,0.));
#7514 = ( GEOMETRIC_REPRESENTATION_CONTEXT(2) 
PARAMETRIC_REPRESENTATION_CONTEXT() REPRESENTATION_CONTEXT('2D SPACE',''
  ) );
#7515 = PCURVE('',#5915,#7516);
#7516 = DEFINITIONAL_REPRESENTATION('',(#7517),#7521);
#7517 = LINE('',#7518,#7519);
#7518 = CARTESIAN_POINT('',(12.639601994165,9.883192477458));
#7519 = VECTOR('',#7520,1.);
#7520 = DIRECTION('',(3.028912664076E-02,0.999541179145));
#7521 = ( GEOMETRIC_REPRESENTATION_CONTEXT(2) 
PARAMETRIC_REPRESENTATION_CONTEXT() REPRESENTATION_CONTEXT('2D SPACE',''
  ) );
#7522 = ADVANCED_FACE('',(#7523),#7490,.F.);
#7523 = FACE_BOUND('',#7524,.F.);
#7524 = EDGE_LOOP('',(#7525,#7526,#7549,#7577));
#7525 = ORIENTED_EDGE('',*,*,#7474,.T.);
#7526 = ORIENTED_EDGE('',*,*,#7527,.T.);
#7527 = EDGE_CURVE('',#7452,#7528,#7530,.T.);
#7528 = VERTEX_POINT('',#7529);
#7529 = CARTESIAN_POINT('',(199.43096234309,30.953974895397,3.));
#7530 = SURFACE_CURVE('',#7531,(#7535,#7542),.PCURVE_S1.);
#7531 = LINE('',#7532,#7533);
#7532 = CARTESIAN_POINT('',(199.65690376569,29.748953974895,3.));
#7533 = VECTOR('',#7534,1.);
#7534 = DIRECTION('',(-0.18428853505,0.982872186934,0.));
#7535 = PCURVE('',#7490,#7536);
#7536 = DEFINITIONAL_REPRESENTATION('',(#7537),#7541);
#7537 = LINE('',#7538,#7539);
#7538 = CARTESIAN_POINT('',(0.,-3.));
#7539 = VECTOR('',#7540,1.);
#7540 = DIRECTION('',(1.,0.));
#7541 = ( GEOMETRIC_REPRESENTATION_CONTEXT(2) 
PARAMETRIC_REPRESENTATION_CONTEXT() REPRESENTATION_CONTEXT('2D SPACE',''
  ) );
#7542 = PCURVE('',#5861,#7543);
#7543 = DEFINITIONAL_REPRESENTATION('',(#7544),#7548);
#7544 = LINE('',#7545,#7546);
#7545 = CARTESIAN_POINT('',(12.714915801697,12.368548125994));
#7546 = VECTOR('',#7547,1.);
#7547 = DIRECTION('',(-0.18428853505,0.982872186934));
#7548 = ( GEOMETRIC_REPRESENTATION_CONTEXT(2) 
PARAMETRIC_REPRESENTATION_CONTEXT() REPRESENTATION_CONTEXT('2D SPACE',''
  ) );
#7549 = ORIENTED_EDGE('',*,*,#7550,.F.);
#7550 = EDGE_CURVE('',#7551,#7528,#7553,.T.);
#7551 = VERTEX_POINT('',#7552);
#7552 = CARTESIAN_POINT('',(199.43096234309,30.953974895397,0.));
#7553 = SURFACE_CURVE('',#7554,(#7558,#7565),.PCURVE_S1.);
#7554 = LINE('',#7555,#7556);
#7555 = CARTESIAN_POINT('',(199.43096234309,30.953974895397,0.));
#7556 = VECTOR('',#7557,1.);
#7557 = DIRECTION('',(0.,0.,1.));
#7558 = PCURVE('',#7490,#7559);
#7559 = DEFINITIONAL_REPRESENTATION('',(#7560),#7564);
#7560 = LINE('',#7561,#7562);
#7561 = CARTESIAN_POINT('',(1.226019961213,0.));
#7562 = VECTOR('',#7563,1.);
#7563 = DIRECTION('',(0.,-1.));
#7564 = ( GEOMETRIC_REPRESENTATION_CONTEXT(2) 
PARAMETRIC_REPRESENTATION_CONTEXT() REPRESENTATION_CONTEXT('2D SPACE',''
  ) );
#7565 = PCURVE('',#7566,#7571);
#7566 = PLANE('',#7567);
#7567 = AXIS2_PLACEMENT_3D('',#7568,#7569,#7570);
#7568 = CARTESIAN_POINT('',(199.43096234309,30.953974895397,0.));
#7569 = DIRECTION('',(-0.887754531449,-0.460317164455,0.));
#7570 = DIRECTION('',(-0.460317164455,0.887754531449,0.));
#7571 = DEFINITIONAL_REPRESENTATION('',(#7572),#7576);
#7572 = LINE('',#7573,#7574);
#7573 = CARTESIAN_POINT('',(0.,0.));
#7574 = VECTOR('',#7575,1.);
#7575 = DIRECTION('',(0.,-1.));
#7576 = ( GEOMETRIC_REPRESENTATION_CONTEXT(2) 
PARAMETRIC_REPRESENTATION_CONTEXT() REPRESENTATION_CONTEXT('2D SPACE',''
  ) );
#7577 = ORIENTED_EDGE('',*,*,#7578,.F.);
#7578 = EDGE_CURVE('',#7475,#7551,#7579,.T.);
#7579 = SURFACE_CURVE('',#7580,(#7584,#7591),.PCURVE_S1.);
#7580 = LINE('',#7581,#7582);
#7581 = CARTESIAN_POINT('',(199.65690376569,29.748953974895,0.));
#7582 = VECTOR('',#7583,1.);
#7583 = DIRECTION('',(-0.18428853505,0.982872186934,0.));
#7584 = PCURVE('',#7490,#7585);
#7585 = DEFINITIONAL_REPRESENTATION('',(#7586),#7590);
#7586 = LINE('',#7587,#7588);
#7587 = CARTESIAN_POINT('',(0.,0.));
#7588 = VECTOR('',#7589,1.);
#7589 = DIRECTION('',(1.,0.));
#7590 = ( GEOMETRIC_REPRESENTATION_CONTEXT(2) 
PARAMETRIC_REPRESENTATION_CONTEXT() REPRESENTATION_CONTEXT('2D SPACE',''
  ) );
#7591 = PCURVE('',#5915,#7592);
#7592 = DEFINITIONAL_REPRESENTATION('',(#7593),#7597);
#7593 = LINE('',#7594,#7595);
#7594 = CARTESIAN_POINT('',(12.714915801697,12.368548125994));
#7595 = VECTOR('',#7596,1.);
#7596 = DIRECTION('',(-0.18428853505,0.982872186934));
#7597 = ( GEOMETRIC_REPRESENTATION_CONTEXT(2) 
PARAMETRIC_REPRESENTATION_CONTEXT() REPRESENTATION_CONTEXT('2D SPACE',''
  ) );
#7598 = ADVANCED_FACE('',(#7599),#7566,.F.);
#7599 = FACE_BOUND('',#7600,.F.);
#7600 = EDGE_LOOP('',(#7601,#7602,#7625,#7653));
#7601 = ORIENTED_EDGE('',*,*,#7550,.T.);
#7602 = ORIENTED_EDGE('',*,*,#7603,.T.);
#7603 = EDGE_CURVE('',#7528,#7604,#7606,.T.);
#7604 = VERTEX_POINT('',#7605);
#7605 = CARTESIAN_POINT('',(198.37656903765,32.987447698745,3.));
#7606 = SURFACE_CURVE('',#7607,(#7611,#7618),.PCURVE_S1.);
#7607 = LINE('',#7608,#7609);
#7608 = CARTESIAN_POINT('',(199.43096234309,30.953974895397,3.));
#7609 = VECTOR('',#7610,1.);
#7610 = DIRECTION('',(-0.460317164455,0.887754531449,0.));
#7611 = PCURVE('',#7566,#7612);
#7612 = DEFINITIONAL_REPRESENTATION('',(#7613),#7617);
#7613 = LINE('',#7614,#7615);
#7614 = CARTESIAN_POINT('',(0.,-3.));
#7615 = VECTOR('',#7616,1.);
#7616 = DIRECTION('',(1.,0.));
#7617 = ( GEOMETRIC_REPRESENTATION_CONTEXT(2) 
PARAMETRIC_REPRESENTATION_CONTEXT() REPRESENTATION_CONTEXT('2D SPACE',''
  ) );
#7618 = PCURVE('',#5861,#7619);
#7619 = DEFINITIONAL_REPRESENTATION('',(#7620),#7624);
#7620 = LINE('',#7621,#7622);
#7621 = CARTESIAN_POINT('',(12.488974379102,13.573569046496));
#7622 = VECTOR('',#7623,1.);
#7623 = DIRECTION('',(-0.460317164455,0.887754531449));
#7624 = ( GEOMETRIC_REPRESENTATION_CONTEXT(2) 
PARAMETRIC_REPRESENTATION_CONTEXT() REPRESENTATION_CONTEXT('2D SPACE',''
  ) );
#7625 = ORIENTED_EDGE('',*,*,#7626,.F.);
#7626 = EDGE_CURVE('',#7627,#7604,#7629,.T.);
#7627 = VERTEX_POINT('',#7628);
#7628 = CARTESIAN_POINT('',(198.37656903765,32.987447698745,0.));
#7629 = SURFACE_CURVE('',#7630,(#7634,#7641),.PCURVE_S1.);
#7630 = LINE('',#7631,#7632);
#7631 = CARTESIAN_POINT('',(198.37656903765,32.987447698745,0.));
#7632 = VECTOR('',#7633,1.);
#7633 = DIRECTION('',(0.,0.,1.));
#7634 = PCURVE('',#7566,#7635);
#7635 = DEFINITIONAL_REPRESENTATION('',(#7636),#7640);
#7636 = LINE('',#7637,#7638);
#7637 = CARTESIAN_POINT('',(2.29058003233,0.));
#7638 = VECTOR('',#7639,1.);
#7639 = DIRECTION('',(0.,-1.));
#7640 = ( GEOMETRIC_REPRESENTATION_CONTEXT(2) 
PARAMETRIC_REPRESENTATION_CONTEXT() REPRESENTATION_CONTEXT('2D SPACE',''
  ) );
#7641 = PCURVE('',#7642,#7647);
#7642 = PLANE('',#7643);
#7643 = AXIS2_PLACEMENT_3D('',#7644,#7645,#7646);
#7644 = CARTESIAN_POINT('',(198.37656903765,32.987447698745,0.));
#7645 = DIRECTION('',(-0.621394711002,-0.78349767909,0.));
#7646 = DIRECTION('',(-0.78349767909,0.621394711002,0.));
#7647 = DEFINITIONAL_REPRESENTATION('',(#7648),#7652);
#7648 = LINE('',#7649,#7650);
#7649 = CARTESIAN_POINT('',(0.,0.));
#7650 = VECTOR('',#7651,1.);
#7651 = DIRECTION('',(0.,-1.));
#7652 = ( GEOMETRIC_REPRESENTATION_CONTEXT(2) 
PARAMETRIC_REPRESENTATION_CONTEXT() REPRESENTATION_CONTEXT('2D SPACE',''
  ) );
#7653 = ORIENTED_EDGE('',*,*,#7654,.F.);
#7654 = EDGE_CURVE('',#7551,#7627,#7655,.T.);
#7655 = SURFACE_CURVE('',#7656,(#7660,#7667),.PCURVE_S1.);
#7656 = LINE('',#7657,#7658);
#7657 = CARTESIAN_POINT('',(199.43096234309,30.953974895397,0.));
#7658 = VECTOR('',#7659,1.);
#7659 = DIRECTION('',(-0.460317164455,0.887754531449,0.));
#7660 = PCURVE('',#7566,#7661);
#7661 = DEFINITIONAL_REPRESENTATION('',(#7662),#7666);
#7662 = LINE('',#7663,#7664);
#7663 = CARTESIAN_POINT('',(0.,0.));
#7664 = VECTOR('',#7665,1.);
#7665 = DIRECTION('',(1.,0.));
#7666 = ( GEOMETRIC_REPRESENTATION_CONTEXT(2) 
PARAMETRIC_REPRESENTATION_CONTEXT() REPRESENTATION_CONTEXT('2D SPACE',''
  ) );
#7667 = PCURVE('',#5915,#7668);
#7668 = DEFINITIONAL_REPRESENTATION('',(#7669),#7673);
#7669 = LINE('',#7670,#7671);
#7670 = CARTESIAN_POINT('',(12.488974379102,13.573569046496));
#7671 = VECTOR('',#7672,1.);
#7672 = DIRECTION('',(-0.460317164455,0.887754531449));
#7673 = ( GEOMETRIC_REPRESENTATION_CONTEXT(2) 
PARAMETRIC_REPRESENTATION_CONTEXT() REPRESENTATION_CONTEXT('2D SPACE',''
  ) );
#7674 = ADVANCED_FACE('',(#7675),#7642,.F.);
#7675 = FACE_BOUND('',#7676,.F.);
#7676 = EDGE_LOOP('',(#7677,#7678,#7701,#7729));
#7677 = ORIENTED_EDGE('',*,*,#7626,.T.);
#7678 = ORIENTED_EDGE('',*,*,#7679,.T.);
#7679 = EDGE_CURVE('',#7604,#7680,#7682,.T.);
#7680 = VERTEX_POINT('',#7681);
#7681 = CARTESIAN_POINT('',(196.19246861924,34.719665271967,3.));
#7682 = SURFACE_CURVE('',#7683,(#7687,#7694),.PCURVE_S1.);
#7683 = LINE('',#7684,#7685);
#7684 = CARTESIAN_POINT('',(198.37656903765,32.987447698745,3.));
#7685 = VECTOR('',#7686,1.);
#7686 = DIRECTION('',(-0.78349767909,0.621394711002,0.));
#7687 = PCURVE('',#7642,#7688);
#7688 = DEFINITIONAL_REPRESENTATION('',(#7689),#7693);
#7689 = LINE('',#7690,#7691);
#7690 = CARTESIAN_POINT('',(0.,-3.));
#7691 = VECTOR('',#7692,1.);
#7692 = DIRECTION('',(1.,0.));
#7693 = ( GEOMETRIC_REPRESENTATION_CONTEXT(2) 
PARAMETRIC_REPRESENTATION_CONTEXT() REPRESENTATION_CONTEXT('2D SPACE',''
  ) );
#7694 = PCURVE('',#5861,#7695);
#7695 = DEFINITIONAL_REPRESENTATION('',(#7696),#7700);
#7696 = LINE('',#7697,#7698);
#7697 = CARTESIAN_POINT('',(11.434581073663,15.607041849843));
#7698 = VECTOR('',#7699,1.);
#7699 = DIRECTION('',(-0.78349767909,0.621394711002));
#7700 = ( GEOMETRIC_REPRESENTATION_CONTEXT(2) 
PARAMETRIC_REPRESENTATION_CONTEXT() REPRESENTATION_CONTEXT('2D SPACE',''
  ) );
#7701 = ORIENTED_EDGE('',*,*,#7702,.F.);
#7702 = EDGE_CURVE('',#7703,#7680,#7705,.T.);
#7703 = VERTEX_POINT('',#7704);
#7704 = CARTESIAN_POINT('',(196.19246861924,34.719665271967,0.));
#7705 = SURFACE_CURVE('',#7706,(#7710,#7717),.PCURVE_S1.);
#7706 = LINE('',#7707,#7708);
#7707 = CARTESIAN_POINT('',(196.19246861924,34.719665271967,0.));
#7708 = VECTOR('',#7709,1.);
#7709 = DIRECTION('',(0.,0.,1.));
#7710 = PCURVE('',#7642,#7711);
#7711 = DEFINITIONAL_REPRESENTATION('',(#7712),#7716);
#7712 = LINE('',#7713,#7714);
#7713 = CARTESIAN_POINT('',(2.787628447028,0.));
#7714 = VECTOR('',#7715,1.);
#7715 = DIRECTION('',(0.,-1.));
#7716 = ( GEOMETRIC_REPRESENTATION_CONTEXT(2) 
PARAMETRIC_REPRESENTATION_CONTEXT() REPRESENTATION_CONTEXT('2D SPACE',''
  ) );
#7717 = PCURVE('',#7718,#7723);
#7718 = PLANE('',#7719);
#7719 = AXIS2_PLACEMENT_3D('',#7720,#7721,#7722);
#7720 = CARTESIAN_POINT('',(196.19246861924,34.719665271967,0.));
#7721 = DIRECTION('',(-0.230466383879,-0.97308028749,0.));
#7722 = DIRECTION('',(-0.97308028749,0.230466383879,0.));
#7723 = DEFINITIONAL_REPRESENTATION('',(#7724),#7728);
#7724 = LINE('',#7725,#7726);
#7725 = CARTESIAN_POINT('',(0.,0.));
#7726 = VECTOR('',#7727,1.);
#7727 = DIRECTION('',(0.,-1.));
#7728 = ( GEOMETRIC_REPRESENTATION_CONTEXT(2) 
PARAMETRIC_REPRESENTATION_CONTEXT() REPRESENTATION_CONTEXT('2D SPACE',''
  ) );
#7729 = ORIENTED_EDGE('',*,*,#7730,.F.);
#7730 = EDGE_CURVE('',#7627,#7703,#7731,.T.);
#7731 = SURFACE_CURVE('',#7732,(#7736,#7743),.PCURVE_S1.);
#7732 = LINE('',#7733,#7734);
#7733 = CARTESIAN_POINT('',(198.37656903765,32.987447698745,0.));
#7734 = VECTOR('',#7735,1.);
#7735 = DIRECTION('',(-0.78349767909,0.621394711002,0.));
#7736 = PCURVE('',#7642,#7737);
#7737 = DEFINITIONAL_REPRESENTATION('',(#7738),#7742);
#7738 = LINE('',#7739,#7740);
#7739 = CARTESIAN_POINT('',(0.,0.));
#7740 = VECTOR('',#7741,1.);
#7741 = DIRECTION('',(1.,0.));
#7742 = ( GEOMETRIC_REPRESENTATION_CONTEXT(2) 
PARAMETRIC_REPRESENTATION_CONTEXT() REPRESENTATION_CONTEXT('2D SPACE',''
  ) );
#7743 = PCURVE('',#5915,#7744);
#7744 = DEFINITIONAL_REPRESENTATION('',(#7745),#7749);
#7745 = LINE('',#7746,#7747);
#7746 = CARTESIAN_POINT('',(11.434581073663,15.607041849843));
#7747 = VECTOR('',#7748,1.);
#7748 = DIRECTION('',(-0.78349767909,0.621394711002));
#7749 = ( GEOMETRIC_REPRESENTATION_CONTEXT(2) 
PARAMETRIC_REPRESENTATION_CONTEXT() REPRESENTATION_CONTEXT('2D SPACE',''
  ) );
#7750 = ADVANCED_FACE('',(#7751),#7718,.F.);
#7751 = FACE_BOUND('',#7752,.F.);
#7752 = EDGE_LOOP('',(#7753,#7754,#7777,#7800));
#7753 = ORIENTED_EDGE('',*,*,#7702,.T.);
#7754 = ORIENTED_EDGE('',*,*,#7755,.T.);
#7755 = EDGE_CURVE('',#7680,#7756,#7758,.T.);
#7756 = VERTEX_POINT('',#7757);
#7757 = CARTESIAN_POINT('',(193.33054393305,35.397489539749,3.));
#7758 = SURFACE_CURVE('',#7759,(#7763,#7770),.PCURVE_S1.);
#7759 = LINE('',#7760,#7761);
#7760 = CARTESIAN_POINT('',(196.19246861924,34.719665271967,3.));
#7761 = VECTOR('',#7762,1.);
#7762 = DIRECTION('',(-0.97308028749,0.230466383879,0.));
#7763 = PCURVE('',#7718,#7764);
#7764 = DEFINITIONAL_REPRESENTATION('',(#7765),#7769);
#7765 = LINE('',#7766,#7767);
#7766 = CARTESIAN_POINT('',(0.,-3.));
#7767 = VECTOR('',#7768,1.);
#7768 = DIRECTION('',(1.,0.));
#7769 = ( GEOMETRIC_REPRESENTATION_CONTEXT(2) 
PARAMETRIC_REPRESENTATION_CONTEXT() REPRESENTATION_CONTEXT('2D SPACE',''
  ) );
#7770 = PCURVE('',#5861,#7771);
#7771 = DEFINITIONAL_REPRESENTATION('',(#7772),#7776);
#7772 = LINE('',#7773,#7774);
#7773 = CARTESIAN_POINT('',(9.250480655253,17.339259423065));
#7774 = VECTOR('',#7775,1.);
#7775 = DIRECTION('',(-0.97308028749,0.230466383879));
#7776 = ( GEOMETRIC_REPRESENTATION_CONTEXT(2) 
PARAMETRIC_REPRESENTATION_CONTEXT() REPRESENTATION_CONTEXT('2D SPACE',''
  ) );
#7777 = ORIENTED_EDGE('',*,*,#7778,.F.);
#7778 = EDGE_CURVE('',#7779,#7756,#7781,.T.);
#7779 = VERTEX_POINT('',#7780);
#7780 = CARTESIAN_POINT('',(193.33054393305,35.397489539749,0.));
#7781 = SURFACE_CURVE('',#7782,(#7786,#7793),.PCURVE_S1.);
#7782 = LINE('',#7783,#7784);
#7783 = CARTESIAN_POINT('',(193.33054393305,35.397489539749,0.));
#7784 = VECTOR('',#7785,1.);
#7785 = DIRECTION('',(0.,0.,1.));
#7786 = PCURVE('',#7718,#7787);
#7787 = DEFINITIONAL_REPRESENTATION('',(#7788),#7792);
#7788 = LINE('',#7789,#7790);
#7789 = CARTESIAN_POINT('',(2.941098204316,0.));
#7790 = VECTOR('',#7791,1.);
#7791 = DIRECTION('',(0.,-1.));
#7792 = ( GEOMETRIC_REPRESENTATION_CONTEXT(2) 
PARAMETRIC_REPRESENTATION_CONTEXT() REPRESENTATION_CONTEXT('2D SPACE',''
  ) );
#7793 = PCURVE('',#5833,#7794);
#7794 = DEFINITIONAL_REPRESENTATION('',(#7795),#7799);
#7795 = LINE('',#7796,#7797);
#7796 = CARTESIAN_POINT('',(0.,0.));
#7797 = VECTOR('',#7798,1.);
#7798 = DIRECTION('',(0.,-1.));
#7799 = ( GEOMETRIC_REPRESENTATION_CONTEXT(2) 
PARAMETRIC_REPRESENTATION_CONTEXT() REPRESENTATION_CONTEXT('2D SPACE',''
  ) );
#7800 = ORIENTED_EDGE('',*,*,#7801,.F.);
#7801 = EDGE_CURVE('',#7703,#7779,#7802,.T.);
#7802 = SURFACE_CURVE('',#7803,(#7807,#7814),.PCURVE_S1.);
#7803 = LINE('',#7804,#7805);
#7804 = CARTESIAN_POINT('',(196.19246861924,34.719665271967,0.));
#7805 = VECTOR('',#7806,1.);
#7806 = DIRECTION('',(-0.97308028749,0.230466383879,0.));
#7807 = PCURVE('',#7718,#7808);
#7808 = DEFINITIONAL_REPRESENTATION('',(#7809),#7813);
#7809 = LINE('',#7810,#7811);
#7810 = CARTESIAN_POINT('',(0.,0.));
#7811 = VECTOR('',#7812,1.);
#7812 = DIRECTION('',(1.,0.));
#7813 = ( GEOMETRIC_REPRESENTATION_CONTEXT(2) 
PARAMETRIC_REPRESENTATION_CONTEXT() REPRESENTATION_CONTEXT('2D SPACE',''
  ) );
#7814 = PCURVE('',#5915,#7815);
#7815 = DEFINITIONAL_REPRESENTATION('',(#7816),#7820);
#7816 = LINE('',#7817,#7818);
#7817 = CARTESIAN_POINT('',(9.250480655253,17.339259423065));
#7818 = VECTOR('',#7819,1.);
#7819 = DIRECTION('',(-0.97308028749,0.230466383879));
#7820 = ( GEOMETRIC_REPRESENTATION_CONTEXT(2) 
PARAMETRIC_REPRESENTATION_CONTEXT() REPRESENTATION_CONTEXT('2D SPACE',''
  ) );
#7821 = ADVANCED_FACE('',(#7822),#5833,.F.);
#7822 = FACE_BOUND('',#7823,.F.);
#7823 = EDGE_LOOP('',(#7824,#7825,#7846,#7847));
#7824 = ORIENTED_EDGE('',*,*,#7778,.T.);
#7825 = ORIENTED_EDGE('',*,*,#7826,.T.);
#7826 = EDGE_CURVE('',#7756,#5813,#7827,.T.);
#7827 = SURFACE_CURVE('',#7828,(#7832,#7839),.PCURVE_S1.);
#7828 = LINE('',#7829,#7830);
#7829 = CARTESIAN_POINT('',(193.33054393305,35.397489539749,3.));
#7830 = VECTOR('',#7831,1.);
#7831 = DIRECTION('',(-0.999990868706,-4.273465250879E-03,0.));
#7832 = PCURVE('',#5833,#7833);
#7833 = DEFINITIONAL_REPRESENTATION('',(#7834),#7838);
#7834 = LINE('',#7835,#7836);
#7835 = CARTESIAN_POINT('',(0.,-3.));
#7836 = VECTOR('',#7837,1.);
#7837 = DIRECTION('',(1.,0.));
#7838 = ( GEOMETRIC_REPRESENTATION_CONTEXT(2) 
PARAMETRIC_REPRESENTATION_CONTEXT() REPRESENTATION_CONTEXT('2D SPACE',''
  ) );
#7839 = PCURVE('',#5861,#7840);
#7840 = DEFINITIONAL_REPRESENTATION('',(#7841),#7845);
#7841 = LINE('',#7842,#7843);
#7842 = CARTESIAN_POINT('',(6.388555969061,18.017083690847));
#7843 = VECTOR('',#7844,1.);
#7844 = DIRECTION('',(-0.999990868706,-4.273465250879E-03));
#7845 = ( GEOMETRIC_REPRESENTATION_CONTEXT(2) 
PARAMETRIC_REPRESENTATION_CONTEXT() REPRESENTATION_CONTEXT('2D SPACE',''
  ) );
#7846 = ORIENTED_EDGE('',*,*,#5810,.F.);
#7847 = ORIENTED_EDGE('',*,*,#7848,.F.);
#7848 = EDGE_CURVE('',#7779,#5811,#7849,.T.);
#7849 = SURFACE_CURVE('',#7850,(#7854,#7861),.PCURVE_S1.);
#7850 = LINE('',#7851,#7852);
#7851 = CARTESIAN_POINT('',(193.33054393305,35.397489539749,0.));
#7852 = VECTOR('',#7853,1.);
#7853 = DIRECTION('',(-0.999990868706,-4.273465250879E-03,0.));
#7854 = PCURVE('',#5833,#7855);
#7855 = DEFINITIONAL_REPRESENTATION('',(#7856),#7860);
#7856 = LINE('',#7857,#7858);
#7857 = CARTESIAN_POINT('',(0.,0.));
#7858 = VECTOR('',#7859,1.);
#7859 = DIRECTION('',(1.,0.));
#7860 = ( GEOMETRIC_REPRESENTATION_CONTEXT(2) 
PARAMETRIC_REPRESENTATION_CONTEXT() REPRESENTATION_CONTEXT('2D SPACE',''
  ) );
#7861 = PCURVE('',#5915,#7862);
#7862 = DEFINITIONAL_REPRESENTATION('',(#7863),#7867);
#7863 = LINE('',#7864,#7865);
#7864 = CARTESIAN_POINT('',(6.388555969061,18.017083690847));
#7865 = VECTOR('',#7866,1.);
#7866 = DIRECTION('',(-0.999990868706,-4.273465250879E-03));
#7867 = ( GEOMETRIC_REPRESENTATION_CONTEXT(2) 
PARAMETRIC_REPRESENTATION_CONTEXT() REPRESENTATION_CONTEXT('2D SPACE',''
  ) );
#7868 = ADVANCED_FACE('',(#7869),#5915,.F.);
#7869 = FACE_BOUND('',#7870,.F.);
#7870 = EDGE_LOOP('',(#7871,#7872,#7873,#7874,#7875,#7876,#7877,#7878,
    #7879,#7880,#7881,#7882,#7883,#7884,#7885,#7886,#7887,#7888,#7889,
    #7890,#7891,#7892,#7893,#7894,#7895,#7896,#7897));
#7871 = ORIENTED_EDGE('',*,*,#5901,.T.);
#7872 = ORIENTED_EDGE('',*,*,#5982,.T.);
#7873 = ORIENTED_EDGE('',*,*,#6058,.T.);
#7874 = ORIENTED_EDGE('',*,*,#6134,.T.);
#7875 = ORIENTED_EDGE('',*,*,#6210,.T.);
#7876 = ORIENTED_EDGE('',*,*,#6286,.T.);
#7877 = ORIENTED_EDGE('',*,*,#6362,.T.);
#7878 = ORIENTED_EDGE('',*,*,#6438,.T.);
#7879 = ORIENTED_EDGE('',*,*,#6514,.T.);
#7880 = ORIENTED_EDGE('',*,*,#6590,.T.);
#7881 = ORIENTED_EDGE('',*,*,#6666,.T.);
#7882 = ORIENTED_EDGE('',*,*,#6742,.T.);
#7883 = ORIENTED_EDGE('',*,*,#6818,.T.);
#7884 = ORIENTED_EDGE('',*,*,#6894,.T.);
#7885 = ORIENTED_EDGE('',*,*,#6970,.T.);
#7886 = ORIENTED_EDGE('',*,*,#7046,.T.);
#7887 = ORIENTED_EDGE('',*,*,#7122,.T.);
#7888 = ORIENTED_EDGE('',*,*,#7198,.T.);
#7889 = ORIENTED_EDGE('',*,*,#7274,.T.);
#7890 = ORIENTED_EDGE('',*,*,#7350,.T.);
#7891 = ORIENTED_EDGE('',*,*,#7426,.T.);
#7892 = ORIENTED_EDGE('',*,*,#7502,.T.);
#7893 = ORIENTED_EDGE('',*,*,#7578,.T.);
#7894 = ORIENTED_EDGE('',*,*,#7654,.T.);
#7895 = ORIENTED_EDGE('',*,*,#7730,.T.);
#7896 = ORIENTED_EDGE('',*,*,#7801,.T.);
#7897 = ORIENTED_EDGE('',*,*,#7848,.T.);
#7898 = ADVANCED_FACE('',(#7899),#5861,.T.);
#7899 = FACE_BOUND('',#7900,.T.);
#7900 = EDGE_LOOP('',(#7901,#7902,#7903,#7904,#7905,#7906,#7907,#7908,
    #7909,#7910,#7911,#7912,#7913,#7914,#7915,#7916,#7917,#7918,#7919,
    #7920,#7921,#7922,#7923,#7924,#7925,#7926,#7927));
#7901 = ORIENTED_EDGE('',*,*,#5845,.T.);
#7902 = ORIENTED_EDGE('',*,*,#5931,.T.);
#7903 = ORIENTED_EDGE('',*,*,#6007,.T.);
#7904 = ORIENTED_EDGE('',*,*,#6083,.T.);
#7905 = ORIENTED_EDGE('',*,*,#6159,.T.);
#7906 = ORIENTED_EDGE('',*,*,#6235,.T.);
#7907 = ORIENTED_EDGE('',*,*,#6311,.T.);
#7908 = ORIENTED_EDGE('',*,*,#6387,.T.);
#7909 = ORIENTED_EDGE('',*,*,#6463,.T.);
#7910 = ORIENTED_EDGE('',*,*,#6539,.T.);
#7911 = ORIENTED_EDGE('',*,*,#6615,.T.);
#7912 = ORIENTED_EDGE('',*,*,#6691,.T.);
#7913 = ORIENTED_EDGE('',*,*,#6767,.T.);
#7914 = ORIENTED_EDGE('',*,*,#6843,.T.);
#7915 = ORIENTED_EDGE('',*,*,#6919,.T.);
#7916 = ORIENTED_EDGE('',*,*,#6995,.T.);
#7917 = ORIENTED_EDGE('',*,*,#7071,.T.);
#7918 = ORIENTED_EDGE('',*,*,#7147,.T.);
#7919 = ORIENTED_EDGE('',*,*,#7223,.T.);
#7920 = ORIENTED_EDGE('',*,*,#7299,.T.);
#7921 = ORIENTED_EDGE('',*,*,#7375,.T.);
#7922 = ORIENTED_EDGE('',*,*,#7451,.T.);
#7923 = ORIENTED_EDGE('',*,*,#7527,.T.);
#7924 = ORIENTED_EDGE('',*,*,#7603,.T.);
#7925 = ORIENTED_EDGE('',*,*,#7679,.T.);
#7926 = ORIENTED_EDGE('',*,*,#7755,.T.);
#7927 = ORIENTED_EDGE('',*,*,#7826,.T.);
#7928 = MANIFOLD_SOLID_BREP('',#7929);
#7929 = CLOSED_SHELL('',(#7930,#8050,#8126,#8202,#8278,#8354,#8430,#8506
    ,#8582,#8658,#8734,#8810,#8886,#8962,#9038,#9114,#9190,#9266,#9342,
    #9418,#9494,#9570,#9646,#9722,#9798,#9874,#9950,#10026,#10102,#10178
    ,#10254,#10330,#10401,#10448,#10484));
#7930 = ADVANCED_FACE('',(#7931),#7945,.F.);
#7931 = FACE_BOUND('',#7932,.F.);
#7932 = EDGE_LOOP('',(#7933,#7968,#7996,#8024));
#7933 = ORIENTED_EDGE('',*,*,#7934,.T.);
#7934 = EDGE_CURVE('',#7935,#7937,#7939,.T.);
#7935 = VERTEX_POINT('',#7936);
#7936 = CARTESIAN_POINT('',(160.41841004184,34.870292887029,0.));
#7937 = VERTEX_POINT('',#7938);
#7938 = CARTESIAN_POINT('',(160.41841004184,34.870292887029,3.));
#7939 = SURFACE_CURVE('',#7940,(#7944,#7956),.PCURVE_S1.);
#7940 = LINE('',#7941,#7942);
#7941 = CARTESIAN_POINT('',(160.41841004184,34.870292887029,0.));
#7942 = VECTOR('',#7943,1.);
#7943 = DIRECTION('',(0.,0.,1.));
#7944 = PCURVE('',#7945,#7950);
#7945 = PLANE('',#7946);
#7946 = AXIS2_PLACEMENT_3D('',#7947,#7948,#7949);
#7947 = CARTESIAN_POINT('',(160.41841004184,34.870292887029,0.));
#7948 = DIRECTION('',(0.341743063087,-0.939793423488,0.));
#7949 = DIRECTION('',(-0.939793423488,-0.341743063087,0.));
#7950 = DEFINITIONAL_REPRESENTATION('',(#7951),#7955);
#7951 = LINE('',#7952,#7953);
#7952 = CARTESIAN_POINT('',(0.,0.));
#7953 = VECTOR('',#7954,1.);
#7954 = DIRECTION('',(0.,-1.));
#7955 = ( GEOMETRIC_REPRESENTATION_CONTEXT(2) 
PARAMETRIC_REPRESENTATION_CONTEXT() REPRESENTATION_CONTEXT('2D SPACE',''
  ) );
#7956 = PCURVE('',#7957,#7962);
#7957 = PLANE('',#7958);
#7958 = AXIS2_PLACEMENT_3D('',#7959,#7960,#7961);
#7959 = CARTESIAN_POINT('',(164.78661087866,35.47280334728,0.));
#7960 = DIRECTION('',(0.136637397137,-0.990621129243,0.));
#7961 = DIRECTION('',(-0.990621129243,-0.136637397137,0.));
#7962 = DEFINITIONAL_REPRESENTATION('',(#7963),#7967);
#7963 = LINE('',#7964,#7965);
#7964 = CARTESIAN_POINT('',(4.40955750677,0.));
#7965 = VECTOR('',#7966,1.);
#7966 = DIRECTION('',(0.,-1.));
#7967 = ( GEOMETRIC_REPRESENTATION_CONTEXT(2) 
PARAMETRIC_REPRESENTATION_CONTEXT() REPRESENTATION_CONTEXT('2D SPACE',''
  ) );
#7968 = ORIENTED_EDGE('',*,*,#7969,.T.);
#7969 = EDGE_CURVE('',#7937,#7970,#7972,.T.);
#7970 = VERTEX_POINT('',#7971);
#7971 = CARTESIAN_POINT('',(157.9330543933,33.966527196653,3.));
#7972 = SURFACE_CURVE('',#7973,(#7977,#7984),.PCURVE_S1.);
#7973 = LINE('',#7974,#7975);
#7974 = CARTESIAN_POINT('',(160.41841004184,34.870292887029,3.));
#7975 = VECTOR('',#7976,1.);
#7976 = DIRECTION('',(-0.939793423488,-0.341743063087,0.));
#7977 = PCURVE('',#7945,#7978);
#7978 = DEFINITIONAL_REPRESENTATION('',(#7979),#7983);
#7979 = LINE('',#7980,#7981);
#7980 = CARTESIAN_POINT('',(0.,-3.));
#7981 = VECTOR('',#7982,1.);
#7982 = DIRECTION('',(1.,0.));
#7983 = ( GEOMETRIC_REPRESENTATION_CONTEXT(2) 
PARAMETRIC_REPRESENTATION_CONTEXT() REPRESENTATION_CONTEXT('2D SPACE',''
  ) );
#7984 = PCURVE('',#7985,#7990);
#7985 = PLANE('',#7986);
#7986 = AXIS2_PLACEMENT_3D('',#7987,#7988,#7989);
#7987 = CARTESIAN_POINT('',(160.90521167304,17.700875595599,3.));
#7988 = DIRECTION('',(0.,0.,1.));
#7989 = DIRECTION('',(1.,0.,-0.));
#7990 = DEFINITIONAL_REPRESENTATION('',(#7991),#7995);
#7991 = LINE('',#7992,#7993);
#7992 = CARTESIAN_POINT('',(-0.486801631201,17.169417291431));
#7993 = VECTOR('',#7994,1.);
#7994 = DIRECTION('',(-0.939793423488,-0.341743063087));
#7995 = ( GEOMETRIC_REPRESENTATION_CONTEXT(2) 
PARAMETRIC_REPRESENTATION_CONTEXT() REPRESENTATION_CONTEXT('2D SPACE',''
  ) );
#7996 = ORIENTED_EDGE('',*,*,#7997,.F.);
#7997 = EDGE_CURVE('',#7998,#7970,#8000,.T.);
#7998 = VERTEX_POINT('',#7999);
#7999 = CARTESIAN_POINT('',(157.9330543933,33.966527196653,0.));
#8000 = SURFACE_CURVE('',#8001,(#8005,#8012),.PCURVE_S1.);
#8001 = LINE('',#8002,#8003);
#8002 = CARTESIAN_POINT('',(157.9330543933,33.966527196653,0.));
#8003 = VECTOR('',#8004,1.);
#8004 = DIRECTION('',(0.,0.,1.));
#8005 = PCURVE('',#7945,#8006);
#8006 = DEFINITIONAL_REPRESENTATION('',(#8007),#8011);
#8007 = LINE('',#8008,#8009);
#8008 = CARTESIAN_POINT('',(2.644576548866,0.));
#8009 = VECTOR('',#8010,1.);
#8010 = DIRECTION('',(0.,-1.));
#8011 = ( GEOMETRIC_REPRESENTATION_CONTEXT(2) 
PARAMETRIC_REPRESENTATION_CONTEXT() REPRESENTATION_CONTEXT('2D SPACE',''
  ) );
#8012 = PCURVE('',#8013,#8018);
#8013 = PLANE('',#8014);
#8014 = AXIS2_PLACEMENT_3D('',#8015,#8016,#8017);
#8015 = CARTESIAN_POINT('',(157.9330543933,33.966527196653,0.));
#8016 = DIRECTION('',(0.550842208331,-0.834609406562,0.));
#8017 = DIRECTION('',(-0.834609406562,-0.550842208331,0.));
#8018 = DEFINITIONAL_REPRESENTATION('',(#8019),#8023);
#8019 = LINE('',#8020,#8021);
#8020 = CARTESIAN_POINT('',(0.,0.));
#8021 = VECTOR('',#8022,1.);
#8022 = DIRECTION('',(0.,-1.));
#8023 = ( GEOMETRIC_REPRESENTATION_CONTEXT(2) 
PARAMETRIC_REPRESENTATION_CONTEXT() REPRESENTATION_CONTEXT('2D SPACE',''
  ) );
#8024 = ORIENTED_EDGE('',*,*,#8025,.F.);
#8025 = EDGE_CURVE('',#7935,#7998,#8026,.T.);
#8026 = SURFACE_CURVE('',#8027,(#8031,#8038),.PCURVE_S1.);
#8027 = LINE('',#8028,#8029);
#8028 = CARTESIAN_POINT('',(160.41841004184,34.870292887029,0.));
#8029 = VECTOR('',#8030,1.);
#8030 = DIRECTION('',(-0.939793423488,-0.341743063087,0.));
#8031 = PCURVE('',#7945,#8032);
#8032 = DEFINITIONAL_REPRESENTATION('',(#8033),#8037);
#8033 = LINE('',#8034,#8035);
#8034 = CARTESIAN_POINT('',(0.,0.));
#8035 = VECTOR('',#8036,1.);
#8036 = DIRECTION('',(1.,0.));
#8037 = ( GEOMETRIC_REPRESENTATION_CONTEXT(2) 
PARAMETRIC_REPRESENTATION_CONTEXT() REPRESENTATION_CONTEXT('2D SPACE',''
  ) );
#8038 = PCURVE('',#8039,#8044);
#8039 = PLANE('',#8040);
#8040 = AXIS2_PLACEMENT_3D('',#8041,#8042,#8043);
#8041 = CARTESIAN_POINT('',(160.90521167304,17.700875595599,0.));
#8042 = DIRECTION('',(0.,0.,1.));
#8043 = DIRECTION('',(1.,0.,-0.));
#8044 = DEFINITIONAL_REPRESENTATION('',(#8045),#8049);
#8045 = LINE('',#8046,#8047);
#8046 = CARTESIAN_POINT('',(-0.486801631201,17.169417291431));
#8047 = VECTOR('',#8048,1.);
#8048 = DIRECTION('',(-0.939793423488,-0.341743063087));
#8049 = ( GEOMETRIC_REPRESENTATION_CONTEXT(2) 
PARAMETRIC_REPRESENTATION_CONTEXT() REPRESENTATION_CONTEXT('2D SPACE',''
  ) );
#8050 = ADVANCED_FACE('',(#8051),#8013,.F.);
#8051 = FACE_BOUND('',#8052,.F.);
#8052 = EDGE_LOOP('',(#8053,#8054,#8077,#8105));
#8053 = ORIENTED_EDGE('',*,*,#7997,.T.);
#8054 = ORIENTED_EDGE('',*,*,#8055,.T.);
#8055 = EDGE_CURVE('',#7970,#8056,#8058,.T.);
#8056 = VERTEX_POINT('',#8057);
#8057 = CARTESIAN_POINT('',(154.16736401673,31.481171548117,3.));
#8058 = SURFACE_CURVE('',#8059,(#8063,#8070),.PCURVE_S1.);
#8059 = LINE('',#8060,#8061);
#8060 = CARTESIAN_POINT('',(157.9330543933,33.966527196653,3.));
#8061 = VECTOR('',#8062,1.);
#8062 = DIRECTION('',(-0.834609406562,-0.550842208331,0.));
#8063 = PCURVE('',#8013,#8064);
#8064 = DEFINITIONAL_REPRESENTATION('',(#8065),#8069);
#8065 = LINE('',#8066,#8067);
#8066 = CARTESIAN_POINT('',(0.,-3.));
#8067 = VECTOR('',#8068,1.);
#8068 = DIRECTION('',(1.,0.));
#8069 = ( GEOMETRIC_REPRESENTATION_CONTEXT(2) 
PARAMETRIC_REPRESENTATION_CONTEXT() REPRESENTATION_CONTEXT('2D SPACE',''
  ) );
#8070 = PCURVE('',#7985,#8071);
#8071 = DEFINITIONAL_REPRESENTATION('',(#8072),#8076);
#8072 = LINE('',#8073,#8074);
#8073 = CARTESIAN_POINT('',(-2.972157279736,16.265651601054));
#8074 = VECTOR('',#8075,1.);
#8075 = DIRECTION('',(-0.834609406562,-0.550842208331));
#8076 = ( GEOMETRIC_REPRESENTATION_CONTEXT(2) 
PARAMETRIC_REPRESENTATION_CONTEXT() REPRESENTATION_CONTEXT('2D SPACE',''
  ) );
#8077 = ORIENTED_EDGE('',*,*,#8078,.F.);
#8078 = EDGE_CURVE('',#8079,#8056,#8081,.T.);
#8079 = VERTEX_POINT('',#8080);
#8080 = CARTESIAN_POINT('',(154.16736401673,31.481171548117,0.));
#8081 = SURFACE_CURVE('',#8082,(#8086,#8093),.PCURVE_S1.);
#8082 = LINE('',#8083,#8084);
#8083 = CARTESIAN_POINT('',(154.16736401673,31.481171548117,0.));
#8084 = VECTOR('',#8085,1.);
#8085 = DIRECTION('',(0.,0.,1.));
#8086 = PCURVE('',#8013,#8087);
#8087 = DEFINITIONAL_REPRESENTATION('',(#8088),#8092);
#8088 = LINE('',#8089,#8090);
#8089 = CARTESIAN_POINT('',(4.51191940441,0.));
#8090 = VECTOR('',#8091,1.);
#8091 = DIRECTION('',(0.,-1.));
#8092 = ( GEOMETRIC_REPRESENTATION_CONTEXT(2) 
PARAMETRIC_REPRESENTATION_CONTEXT() REPRESENTATION_CONTEXT('2D SPACE',''
  ) );
#8093 = PCURVE('',#8094,#8099);
#8094 = PLANE('',#8095);
#8095 = AXIS2_PLACEMENT_3D('',#8096,#8097,#8098);
#8096 = CARTESIAN_POINT('',(154.16736401673,31.481171548117,0.));
#8097 = DIRECTION('',(0.739940073396,-0.672672793996,0.));
#8098 = DIRECTION('',(-0.672672793996,-0.739940073396,0.));
#8099 = DEFINITIONAL_REPRESENTATION('',(#8100),#8104);
#8100 = LINE('',#8101,#8102);
#8101 = CARTESIAN_POINT('',(0.,0.));
#8102 = VECTOR('',#8103,1.);
#8103 = DIRECTION('',(0.,-1.));
#8104 = ( GEOMETRIC_REPRESENTATION_CONTEXT(2) 
PARAMETRIC_REPRESENTATION_CONTEXT() REPRESENTATION_CONTEXT('2D SPACE',''
  ) );
#8105 = ORIENTED_EDGE('',*,*,#8106,.F.);
#8106 = EDGE_CURVE('',#7998,#8079,#8107,.T.);
#8107 = SURFACE_CURVE('',#8108,(#8112,#8119),.PCURVE_S1.);
#8108 = LINE('',#8109,#8110);
#8109 = CARTESIAN_POINT('',(157.9330543933,33.966527196653,0.));
#8110 = VECTOR('',#8111,1.);
#8111 = DIRECTION('',(-0.834609406562,-0.550842208331,0.));
#8112 = PCURVE('',#8013,#8113);
#8113 = DEFINITIONAL_REPRESENTATION('',(#8114),#8118);
#8114 = LINE('',#8115,#8116);
#8115 = CARTESIAN_POINT('',(0.,0.));
#8116 = VECTOR('',#8117,1.);
#8117 = DIRECTION('',(1.,0.));
#8118 = ( GEOMETRIC_REPRESENTATION_CONTEXT(2) 
PARAMETRIC_REPRESENTATION_CONTEXT() REPRESENTATION_CONTEXT('2D SPACE',''
  ) );
#8119 = PCURVE('',#8039,#8120);
#8120 = DEFINITIONAL_REPRESENTATION('',(#8121),#8125);
#8121 = LINE('',#8122,#8123);
#8122 = CARTESIAN_POINT('',(-2.972157279736,16.265651601054));
#8123 = VECTOR('',#8124,1.);
#8124 = DIRECTION('',(-0.834609406562,-0.550842208331));
#8125 = ( GEOMETRIC_REPRESENTATION_CONTEXT(2) 
PARAMETRIC_REPRESENTATION_CONTEXT() REPRESENTATION_CONTEXT('2D SPACE',''
  ) );
#8126 = ADVANCED_FACE('',(#8127),#8094,.F.);
#8127 = FACE_BOUND('',#8128,.F.);
#8128 = EDGE_LOOP('',(#8129,#8130,#8153,#8181));
#8129 = ORIENTED_EDGE('',*,*,#8078,.T.);
#8130 = ORIENTED_EDGE('',*,*,#8131,.T.);
#8131 = EDGE_CURVE('',#8056,#8132,#8134,.T.);
#8132 = VERTEX_POINT('',#8133);
#8133 = CARTESIAN_POINT('',(151.90794979079,28.995815899582,3.));
#8134 = SURFACE_CURVE('',#8135,(#8139,#8146),.PCURVE_S1.);
#8135 = LINE('',#8136,#8137);
#8136 = CARTESIAN_POINT('',(154.16736401673,31.481171548117,3.));
#8137 = VECTOR('',#8138,1.);
#8138 = DIRECTION('',(-0.672672793996,-0.739940073396,0.));
#8139 = PCURVE('',#8094,#8140);
#8140 = DEFINITIONAL_REPRESENTATION('',(#8141),#8145);
#8141 = LINE('',#8142,#8143);
#8142 = CARTESIAN_POINT('',(0.,-3.));
#8143 = VECTOR('',#8144,1.);
#8144 = DIRECTION('',(1.,0.));
#8145 = ( GEOMETRIC_REPRESENTATION_CONTEXT(2) 
PARAMETRIC_REPRESENTATION_CONTEXT() REPRESENTATION_CONTEXT('2D SPACE',''
  ) );
#8146 = PCURVE('',#7985,#8147);
#8147 = DEFINITIONAL_REPRESENTATION('',(#8148),#8152);
#8148 = LINE('',#8149,#8150);
#8149 = CARTESIAN_POINT('',(-6.737847656305,13.780295952519));
#8150 = VECTOR('',#8151,1.);
#8151 = DIRECTION('',(-0.672672793996,-0.739940073396));
#8152 = ( GEOMETRIC_REPRESENTATION_CONTEXT(2) 
PARAMETRIC_REPRESENTATION_CONTEXT() REPRESENTATION_CONTEXT('2D SPACE',''
  ) );
#8153 = ORIENTED_EDGE('',*,*,#8154,.F.);
#8154 = EDGE_CURVE('',#8155,#8132,#8157,.T.);
#8155 = VERTEX_POINT('',#8156);
#8156 = CARTESIAN_POINT('',(151.90794979079,28.995815899582,0.));
#8157 = SURFACE_CURVE('',#8158,(#8162,#8169),.PCURVE_S1.);
#8158 = LINE('',#8159,#8160);
#8159 = CARTESIAN_POINT('',(151.90794979079,28.995815899582,0.));
#8160 = VECTOR('',#8161,1.);
#8161 = DIRECTION('',(0.,0.,1.));
#8162 = PCURVE('',#8094,#8163);
#8163 = DEFINITIONAL_REPRESENTATION('',(#8164),#8168);
#8164 = LINE('',#8165,#8166);
#8165 = CARTESIAN_POINT('',(3.358860721151,0.));
#8166 = VECTOR('',#8167,1.);
#8167 = DIRECTION('',(0.,-1.));
#8168 = ( GEOMETRIC_REPRESENTATION_CONTEXT(2) 
PARAMETRIC_REPRESENTATION_CONTEXT() REPRESENTATION_CONTEXT('2D SPACE',''
  ) );
#8169 = PCURVE('',#8170,#8175);
#8170 = PLANE('',#8171);
#8171 = AXIS2_PLACEMENT_3D('',#8172,#8173,#8174);
#8172 = CARTESIAN_POINT('',(151.90794979079,28.995815899582,0.));
#8173 = DIRECTION('',(0.839570157152,-0.543251278157,0.));
#8174 = DIRECTION('',(-0.543251278157,-0.839570157152,0.));
#8175 = DEFINITIONAL_REPRESENTATION('',(#8176),#8180);
#8176 = LINE('',#8177,#8178);
#8177 = CARTESIAN_POINT('',(0.,0.));
#8178 = VECTOR('',#8179,1.);
#8179 = DIRECTION('',(0.,-1.));
#8180 = ( GEOMETRIC_REPRESENTATION_CONTEXT(2) 
PARAMETRIC_REPRESENTATION_CONTEXT() REPRESENTATION_CONTEXT('2D SPACE',''
  ) );
#8181 = ORIENTED_EDGE('',*,*,#8182,.F.);
#8182 = EDGE_CURVE('',#8079,#8155,#8183,.T.);
#8183 = SURFACE_CURVE('',#8184,(#8188,#8195),.PCURVE_S1.);
#8184 = LINE('',#8185,#8186);
#8185 = CARTESIAN_POINT('',(154.16736401673,31.481171548117,0.));
#8186 = VECTOR('',#8187,1.);
#8187 = DIRECTION('',(-0.672672793996,-0.739940073396,0.));
#8188 = PCURVE('',#8094,#8189);
#8189 = DEFINITIONAL_REPRESENTATION('',(#8190),#8194);
#8190 = LINE('',#8191,#8192);
#8191 = CARTESIAN_POINT('',(0.,0.));
#8192 = VECTOR('',#8193,1.);
#8193 = DIRECTION('',(1.,0.));
#8194 = ( GEOMETRIC_REPRESENTATION_CONTEXT(2) 
PARAMETRIC_REPRESENTATION_CONTEXT() REPRESENTATION_CONTEXT('2D SPACE',''
  ) );
#8195 = PCURVE('',#8039,#8196);
#8196 = DEFINITIONAL_REPRESENTATION('',(#8197),#8201);
#8197 = LINE('',#8198,#8199);
#8198 = CARTESIAN_POINT('',(-6.737847656305,13.780295952519));
#8199 = VECTOR('',#8200,1.);
#8200 = DIRECTION('',(-0.672672793996,-0.739940073396));
#8201 = ( GEOMETRIC_REPRESENTATION_CONTEXT(2) 
PARAMETRIC_REPRESENTATION_CONTEXT() REPRESENTATION_CONTEXT('2D SPACE',''
  ) );
#8202 = ADVANCED_FACE('',(#8203),#8170,.F.);
#8203 = FACE_BOUND('',#8204,.F.);
#8204 = EDGE_LOOP('',(#8205,#8206,#8229,#8257));
#8205 = ORIENTED_EDGE('',*,*,#8154,.T.);
#8206 = ORIENTED_EDGE('',*,*,#8207,.T.);
#8207 = EDGE_CURVE('',#8132,#8208,#8210,.T.);
#8208 = VERTEX_POINT('',#8209);
#8209 = CARTESIAN_POINT('',(150.2510460251,26.435146443515,3.));
#8210 = SURFACE_CURVE('',#8211,(#8215,#8222),.PCURVE_S1.);
#8211 = LINE('',#8212,#8213);
#8212 = CARTESIAN_POINT('',(151.90794979079,28.995815899582,3.));
#8213 = VECTOR('',#8214,1.);
#8214 = DIRECTION('',(-0.543251278157,-0.839570157152,0.));
#8215 = PCURVE('',#8170,#8216);
#8216 = DEFINITIONAL_REPRESENTATION('',(#8217),#8221);
#8217 = LINE('',#8218,#8219);
#8218 = CARTESIAN_POINT('',(0.,-3.));
#8219 = VECTOR('',#8220,1.);
#8220 = DIRECTION('',(1.,0.));
#8221 = ( GEOMETRIC_REPRESENTATION_CONTEXT(2) 
PARAMETRIC_REPRESENTATION_CONTEXT() REPRESENTATION_CONTEXT('2D SPACE',''
  ) );
#8222 = PCURVE('',#7985,#8223);
#8223 = DEFINITIONAL_REPRESENTATION('',(#8224),#8228);
#8224 = LINE('',#8225,#8226);
#8225 = CARTESIAN_POINT('',(-8.997261882247,11.294940303983));
#8226 = VECTOR('',#8227,1.);
#8227 = DIRECTION('',(-0.543251278157,-0.839570157152));
#8228 = ( GEOMETRIC_REPRESENTATION_CONTEXT(2) 
PARAMETRIC_REPRESENTATION_CONTEXT() REPRESENTATION_CONTEXT('2D SPACE',''
  ) );
#8229 = ORIENTED_EDGE('',*,*,#8230,.F.);
#8230 = EDGE_CURVE('',#8231,#8208,#8233,.T.);
#8231 = VERTEX_POINT('',#8232);
#8232 = CARTESIAN_POINT('',(150.2510460251,26.435146443515,0.));
#8233 = SURFACE_CURVE('',#8234,(#8238,#8245),.PCURVE_S1.);
#8234 = LINE('',#8235,#8236);
#8235 = CARTESIAN_POINT('',(150.2510460251,26.435146443515,0.));
#8236 = VECTOR('',#8237,1.);
#8237 = DIRECTION('',(0.,0.,1.));
#8238 = PCURVE('',#8170,#8239);
#8239 = DEFINITIONAL_REPRESENTATION('',(#8240),#8244);
#8240 = LINE('',#8241,#8242);
#8241 = CARTESIAN_POINT('',(3.04997674614,0.));
#8242 = VECTOR('',#8243,1.);
#8243 = DIRECTION('',(0.,-1.));
#8244 = ( GEOMETRIC_REPRESENTATION_CONTEXT(2) 
PARAMETRIC_REPRESENTATION_CONTEXT() REPRESENTATION_CONTEXT('2D SPACE',''
  ) );
#8245 = PCURVE('',#8246,#8251);
#8246 = PLANE('',#8247);
#8247 = AXIS2_PLACEMENT_3D('',#8248,#8249,#8250);
#8248 = CARTESIAN_POINT('',(150.2510460251,26.435146443515,0.));
#8249 = DIRECTION('',(0.924678098475,-0.380749805254,0.));
#8250 = DIRECTION('',(-0.380749805254,-0.924678098475,0.));
#8251 = DEFINITIONAL_REPRESENTATION('',(#8252),#8256);
#8252 = LINE('',#8253,#8254);
#8253 = CARTESIAN_POINT('',(0.,0.));
#8254 = VECTOR('',#8255,1.);
#8255 = DIRECTION('',(0.,-1.));
#8256 = ( GEOMETRIC_REPRESENTATION_CONTEXT(2) 
PARAMETRIC_REPRESENTATION_CONTEXT() REPRESENTATION_CONTEXT('2D SPACE',''
  ) );
#8257 = ORIENTED_EDGE('',*,*,#8258,.F.);
#8258 = EDGE_CURVE('',#8155,#8231,#8259,.T.);
#8259 = SURFACE_CURVE('',#8260,(#8264,#8271),.PCURVE_S1.);
#8260 = LINE('',#8261,#8262);
#8261 = CARTESIAN_POINT('',(151.90794979079,28.995815899582,0.));
#8262 = VECTOR('',#8263,1.);
#8263 = DIRECTION('',(-0.543251278157,-0.839570157152,0.));
#8264 = PCURVE('',#8170,#8265);
#8265 = DEFINITIONAL_REPRESENTATION('',(#8266),#8270);
#8266 = LINE('',#8267,#8268);
#8267 = CARTESIAN_POINT('',(0.,0.));
#8268 = VECTOR('',#8269,1.);
#8269 = DIRECTION('',(1.,0.));
#8270 = ( GEOMETRIC_REPRESENTATION_CONTEXT(2) 
PARAMETRIC_REPRESENTATION_CONTEXT() REPRESENTATION_CONTEXT('2D SPACE',''
  ) );
#8271 = PCURVE('',#8039,#8272);
#8272 = DEFINITIONAL_REPRESENTATION('',(#8273),#8277);
#8273 = LINE('',#8274,#8275);
#8274 = CARTESIAN_POINT('',(-8.997261882247,11.294940303983));
#8275 = VECTOR('',#8276,1.);
#8276 = DIRECTION('',(-0.543251278157,-0.839570157152));
#8277 = ( GEOMETRIC_REPRESENTATION_CONTEXT(2) 
PARAMETRIC_REPRESENTATION_CONTEXT() REPRESENTATION_CONTEXT('2D SPACE',''
  ) );
#8278 = ADVANCED_FACE('',(#8279),#8246,.F.);
#8279 = FACE_BOUND('',#8280,.F.);
#8280 = EDGE_LOOP('',(#8281,#8282,#8305,#8333));
#8281 = ORIENTED_EDGE('',*,*,#8230,.T.);
#8282 = ORIENTED_EDGE('',*,*,#8283,.T.);
#8283 = EDGE_CURVE('',#8208,#8284,#8286,.T.);
#8284 = VERTEX_POINT('',#8285);
#8285 = CARTESIAN_POINT('',(149.19665271966,23.874476987448,3.));
#8286 = SURFACE_CURVE('',#8287,(#8291,#8298),.PCURVE_S1.);
#8287 = LINE('',#8288,#8289);
#8288 = CARTESIAN_POINT('',(150.2510460251,26.435146443515,3.));
#8289 = VECTOR('',#8290,1.);
#8290 = DIRECTION('',(-0.380749805254,-0.924678098475,0.));
#8291 = PCURVE('',#8246,#8292);
#8292 = DEFINITIONAL_REPRESENTATION('',(#8293),#8297);
#8293 = LINE('',#8294,#8295);
#8294 = CARTESIAN_POINT('',(0.,-3.));
#8295 = VECTOR('',#8296,1.);
#8296 = DIRECTION('',(1.,0.));
#8297 = ( GEOMETRIC_REPRESENTATION_CONTEXT(2) 
PARAMETRIC_REPRESENTATION_CONTEXT() REPRESENTATION_CONTEXT('2D SPACE',''
  ) );
#8298 = PCURVE('',#7985,#8299);
#8299 = DEFINITIONAL_REPRESENTATION('',(#8300),#8304);
#8300 = LINE('',#8301,#8302);
#8301 = CARTESIAN_POINT('',(-10.65416564793,8.734270847916));
#8302 = VECTOR('',#8303,1.);
#8303 = DIRECTION('',(-0.380749805254,-0.924678098475));
#8304 = ( GEOMETRIC_REPRESENTATION_CONTEXT(2) 
PARAMETRIC_REPRESENTATION_CONTEXT() REPRESENTATION_CONTEXT('2D SPACE',''
  ) );
#8305 = ORIENTED_EDGE('',*,*,#8306,.F.);
#8306 = EDGE_CURVE('',#8307,#8284,#8309,.T.);
#8307 = VERTEX_POINT('',#8308);
#8308 = CARTESIAN_POINT('',(149.19665271966,23.874476987448,0.));
#8309 = SURFACE_CURVE('',#8310,(#8314,#8321),.PCURVE_S1.);
#8310 = LINE('',#8311,#8312);
#8311 = CARTESIAN_POINT('',(149.19665271966,23.874476987448,0.));
#8312 = VECTOR('',#8313,1.);
#8313 = DIRECTION('',(0.,0.,1.));
#8314 = PCURVE('',#8246,#8315);
#8315 = DEFINITIONAL_REPRESENTATION('',(#8316),#8320);
#8316 = LINE('',#8317,#8318);
#8317 = CARTESIAN_POINT('',(2.769255009166,0.));
#8318 = VECTOR('',#8319,1.);
#8319 = DIRECTION('',(0.,-1.));
#8320 = ( GEOMETRIC_REPRESENTATION_CONTEXT(2) 
PARAMETRIC_REPRESENTATION_CONTEXT() REPRESENTATION_CONTEXT('2D SPACE',''
  ) );
#8321 = PCURVE('',#8322,#8327);
#8322 = PLANE('',#8323);
#8323 = AXIS2_PLACEMENT_3D('',#8324,#8325,#8326);
#8324 = CARTESIAN_POINT('',(149.19665271966,23.874476987448,0.));
#8325 = DIRECTION('',(0.977802414077,-0.209529088731,0.));
#8326 = DIRECTION('',(-0.209529088731,-0.977802414077,0.));
#8327 = DEFINITIONAL_REPRESENTATION('',(#8328),#8332);
#8328 = LINE('',#8329,#8330);
#8329 = CARTESIAN_POINT('',(0.,0.));
#8330 = VECTOR('',#8331,1.);
#8331 = DIRECTION('',(0.,-1.));
#8332 = ( GEOMETRIC_REPRESENTATION_CONTEXT(2) 
PARAMETRIC_REPRESENTATION_CONTEXT() REPRESENTATION_CONTEXT('2D SPACE',''
  ) );
#8333 = ORIENTED_EDGE('',*,*,#8334,.F.);
#8334 = EDGE_CURVE('',#8231,#8307,#8335,.T.);
#8335 = SURFACE_CURVE('',#8336,(#8340,#8347),.PCURVE_S1.);
#8336 = LINE('',#8337,#8338);
#8337 = CARTESIAN_POINT('',(150.2510460251,26.435146443515,0.));
#8338 = VECTOR('',#8339,1.);
#8339 = DIRECTION('',(-0.380749805254,-0.924678098475,0.));
#8340 = PCURVE('',#8246,#8341);
#8341 = DEFINITIONAL_REPRESENTATION('',(#8342),#8346);
#8342 = LINE('',#8343,#8344);
#8343 = CARTESIAN_POINT('',(0.,0.));
#8344 = VECTOR('',#8345,1.);
#8345 = DIRECTION('',(1.,0.));
#8346 = ( GEOMETRIC_REPRESENTATION_CONTEXT(2) 
PARAMETRIC_REPRESENTATION_CONTEXT() REPRESENTATION_CONTEXT('2D SPACE',''
  ) );
#8347 = PCURVE('',#8039,#8348);
#8348 = DEFINITIONAL_REPRESENTATION('',(#8349),#8353);
#8349 = LINE('',#8350,#8351);
#8350 = CARTESIAN_POINT('',(-10.65416564793,8.734270847916));
#8351 = VECTOR('',#8352,1.);
#8352 = DIRECTION('',(-0.380749805254,-0.924678098475));
#8353 = ( GEOMETRIC_REPRESENTATION_CONTEXT(2) 
PARAMETRIC_REPRESENTATION_CONTEXT() REPRESENTATION_CONTEXT('2D SPACE',''
  ) );
#8354 = ADVANCED_FACE('',(#8355),#8322,.F.);
#8355 = FACE_BOUND('',#8356,.F.);
#8356 = EDGE_LOOP('',(#8357,#8358,#8381,#8409));
#8357 = ORIENTED_EDGE('',*,*,#8306,.T.);
#8358 = ORIENTED_EDGE('',*,*,#8359,.T.);
#8359 = EDGE_CURVE('',#8284,#8360,#8362,.T.);
#8360 = VERTEX_POINT('',#8361);
#8361 = CARTESIAN_POINT('',(148.29288702928,19.65690376569,3.));
#8362 = SURFACE_CURVE('',#8363,(#8367,#8374),.PCURVE_S1.);
#8363 = LINE('',#8364,#8365);
#8364 = CARTESIAN_POINT('',(149.19665271966,23.874476987448,3.));
#8365 = VECTOR('',#8366,1.);
#8366 = DIRECTION('',(-0.209529088731,-0.977802414077,0.));
#8367 = PCURVE('',#8322,#8368);
#8368 = DEFINITIONAL_REPRESENTATION('',(#8369),#8373);
#8369 = LINE('',#8370,#8371);
#8370 = CARTESIAN_POINT('',(0.,-3.));
#8371 = VECTOR('',#8372,1.);
#8372 = DIRECTION('',(1.,0.));
#8373 = ( GEOMETRIC_REPRESENTATION_CONTEXT(2) 
PARAMETRIC_REPRESENTATION_CONTEXT() REPRESENTATION_CONTEXT('2D SPACE',''
  ) );
#8374 = PCURVE('',#7985,#8375);
#8375 = DEFINITIONAL_REPRESENTATION('',(#8376),#8380);
#8376 = LINE('',#8377,#8378);
#8377 = CARTESIAN_POINT('',(-11.70855895337,6.173601391849));
#8378 = VECTOR('',#8379,1.);
#8379 = DIRECTION('',(-0.209529088731,-0.977802414077));
#8380 = ( GEOMETRIC_REPRESENTATION_CONTEXT(2) 
PARAMETRIC_REPRESENTATION_CONTEXT() REPRESENTATION_CONTEXT('2D SPACE',''
  ) );
#8381 = ORIENTED_EDGE('',*,*,#8382,.F.);
#8382 = EDGE_CURVE('',#8383,#8360,#8385,.T.);
#8383 = VERTEX_POINT('',#8384);
#8384 = CARTESIAN_POINT('',(148.29288702928,19.65690376569,0.));
#8385 = SURFACE_CURVE('',#8386,(#8390,#8397),.PCURVE_S1.);
#8386 = LINE('',#8387,#8388);
#8387 = CARTESIAN_POINT('',(148.29288702928,19.65690376569,0.));
#8388 = VECTOR('',#8389,1.);
#8389 = DIRECTION('',(0.,0.,1.));
#8390 = PCURVE('',#8322,#8391);
#8391 = DEFINITIONAL_REPRESENTATION('',(#8392),#8396);
#8392 = LINE('',#8393,#8394);
#8393 = CARTESIAN_POINT('',(4.313318479313,0.));
#8394 = VECTOR('',#8395,1.);
#8395 = DIRECTION('',(0.,-1.));
#8396 = ( GEOMETRIC_REPRESENTATION_CONTEXT(2) 
PARAMETRIC_REPRESENTATION_CONTEXT() REPRESENTATION_CONTEXT('2D SPACE',''
  ) );
#8397 = PCURVE('',#8398,#8403);
#8398 = PLANE('',#8399);
#8399 = AXIS2_PLACEMENT_3D('',#8400,#8401,#8402);
#8400 = CARTESIAN_POINT('',(148.29288702928,19.65690376569,0.));
#8401 = DIRECTION('',(0.999881677808,1.53827950432E-02,-0.));
#8402 = DIRECTION('',(1.53827950432E-02,-0.999881677808,0.));
#8403 = DEFINITIONAL_REPRESENTATION('',(#8404),#8408);
#8404 = LINE('',#8405,#8406);
#8405 = CARTESIAN_POINT('',(0.,0.));
#8406 = VECTOR('',#8407,1.);
#8407 = DIRECTION('',(0.,-1.));
#8408 = ( GEOMETRIC_REPRESENTATION_CONTEXT(2) 
PARAMETRIC_REPRESENTATION_CONTEXT() REPRESENTATION_CONTEXT('2D SPACE',''
  ) );
#8409 = ORIENTED_EDGE('',*,*,#8410,.F.);
#8410 = EDGE_CURVE('',#8307,#8383,#8411,.T.);
#8411 = SURFACE_CURVE('',#8412,(#8416,#8423),.PCURVE_S1.);
#8412 = LINE('',#8413,#8414);
#8413 = CARTESIAN_POINT('',(149.19665271966,23.874476987448,0.));
#8414 = VECTOR('',#8415,1.);
#8415 = DIRECTION('',(-0.209529088731,-0.977802414077,0.));
#8416 = PCURVE('',#8322,#8417);
#8417 = DEFINITIONAL_REPRESENTATION('',(#8418),#8422);
#8418 = LINE('',#8419,#8420);
#8419 = CARTESIAN_POINT('',(0.,0.));
#8420 = VECTOR('',#8421,1.);
#8421 = DIRECTION('',(1.,0.));
#8422 = ( GEOMETRIC_REPRESENTATION_CONTEXT(2) 
PARAMETRIC_REPRESENTATION_CONTEXT() REPRESENTATION_CONTEXT('2D SPACE',''
  ) );
#8423 = PCURVE('',#8039,#8424);
#8424 = DEFINITIONAL_REPRESENTATION('',(#8425),#8429);
#8425 = LINE('',#8426,#8427);
#8426 = CARTESIAN_POINT('',(-11.70855895337,6.173601391849));
#8427 = VECTOR('',#8428,1.);
#8428 = DIRECTION('',(-0.209529088731,-0.977802414077));
#8429 = ( GEOMETRIC_REPRESENTATION_CONTEXT(2) 
PARAMETRIC_REPRESENTATION_CONTEXT() REPRESENTATION_CONTEXT('2D SPACE',''
  ) );
#8430 = ADVANCED_FACE('',(#8431),#8398,.F.);
#8431 = FACE_BOUND('',#8432,.F.);
#8432 = EDGE_LOOP('',(#8433,#8434,#8457,#8485));
#8433 = ORIENTED_EDGE('',*,*,#8382,.T.);
#8434 = ORIENTED_EDGE('',*,*,#8435,.T.);
#8435 = EDGE_CURVE('',#8360,#8436,#8438,.T.);
#8436 = VERTEX_POINT('',#8437);
#8437 = CARTESIAN_POINT('',(148.36820083682,14.761506276151,3.));
#8438 = SURFACE_CURVE('',#8439,(#8443,#8450),.PCURVE_S1.);
#8439 = LINE('',#8440,#8441);
#8440 = CARTESIAN_POINT('',(148.29288702928,19.65690376569,3.));
#8441 = VECTOR('',#8442,1.);
#8442 = DIRECTION('',(1.53827950432E-02,-0.999881677808,0.));
#8443 = PCURVE('',#8398,#8444);
#8444 = DEFINITIONAL_REPRESENTATION('',(#8445),#8449);
#8445 = LINE('',#8446,#8447);
#8446 = CARTESIAN_POINT('',(0.,-3.));
#8447 = VECTOR('',#8448,1.);
#8448 = DIRECTION('',(1.,0.));
#8449 = ( GEOMETRIC_REPRESENTATION_CONTEXT(2) 
PARAMETRIC_REPRESENTATION_CONTEXT() REPRESENTATION_CONTEXT('2D SPACE',''
  ) );
#8450 = PCURVE('',#7985,#8451);
#8451 = DEFINITIONAL_REPRESENTATION('',(#8452),#8456);
#8452 = LINE('',#8453,#8454);
#8453 = CARTESIAN_POINT('',(-12.61232464375,1.956028170092));
#8454 = VECTOR('',#8455,1.);
#8455 = DIRECTION('',(1.53827950432E-02,-0.999881677808));
#8456 = ( GEOMETRIC_REPRESENTATION_CONTEXT(2) 
PARAMETRIC_REPRESENTATION_CONTEXT() REPRESENTATION_CONTEXT('2D SPACE',''
  ) );
#8457 = ORIENTED_EDGE('',*,*,#8458,.F.);
#8458 = EDGE_CURVE('',#8459,#8436,#8461,.T.);
#8459 = VERTEX_POINT('',#8460);
#8460 = CARTESIAN_POINT('',(148.36820083682,14.761506276151,0.));
#8461 = SURFACE_CURVE('',#8462,(#8466,#8473),.PCURVE_S1.);
#8462 = LINE('',#8463,#8464);
#8463 = CARTESIAN_POINT('',(148.36820083682,14.761506276151,0.));
#8464 = VECTOR('',#8465,1.);
#8465 = DIRECTION('',(0.,0.,1.));
#8466 = PCURVE('',#8398,#8467);
#8467 = DEFINITIONAL_REPRESENTATION('',(#8468),#8472);
#8468 = LINE('',#8469,#8470);
#8469 = CARTESIAN_POINT('',(4.895976792245,0.));
#8470 = VECTOR('',#8471,1.);
#8471 = DIRECTION('',(0.,-1.));
#8472 = ( GEOMETRIC_REPRESENTATION_CONTEXT(2) 
PARAMETRIC_REPRESENTATION_CONTEXT() REPRESENTATION_CONTEXT('2D SPACE',''
  ) );
#8473 = PCURVE('',#8474,#8479);
#8474 = PLANE('',#8475);
#8475 = AXIS2_PLACEMENT_3D('',#8476,#8477,#8478);
#8476 = CARTESIAN_POINT('',(148.36820083682,14.761506276151,0.));
#8477 = DIRECTION('',(0.972806214685,0.231620527306,-0.));
#8478 = DIRECTION('',(0.231620527306,-0.972806214685,0.));
#8479 = DEFINITIONAL_REPRESENTATION('',(#8480),#8484);
#8480 = LINE('',#8481,#8482);
#8481 = CARTESIAN_POINT('',(0.,0.));
#8482 = VECTOR('',#8483,1.);
#8483 = DIRECTION('',(0.,-1.));
#8484 = ( GEOMETRIC_REPRESENTATION_CONTEXT(2) 
PARAMETRIC_REPRESENTATION_CONTEXT() REPRESENTATION_CONTEXT('2D SPACE',''
  ) );
#8485 = ORIENTED_EDGE('',*,*,#8486,.F.);
#8486 = EDGE_CURVE('',#8383,#8459,#8487,.T.);
#8487 = SURFACE_CURVE('',#8488,(#8492,#8499),.PCURVE_S1.);
#8488 = LINE('',#8489,#8490);
#8489 = CARTESIAN_POINT('',(148.29288702928,19.65690376569,0.));
#8490 = VECTOR('',#8491,1.);
#8491 = DIRECTION('',(1.53827950432E-02,-0.999881677808,0.));
#8492 = PCURVE('',#8398,#8493);
#8493 = DEFINITIONAL_REPRESENTATION('',(#8494),#8498);
#8494 = LINE('',#8495,#8496);
#8495 = CARTESIAN_POINT('',(0.,0.));
#8496 = VECTOR('',#8497,1.);
#8497 = DIRECTION('',(1.,0.));
#8498 = ( GEOMETRIC_REPRESENTATION_CONTEXT(2) 
PARAMETRIC_REPRESENTATION_CONTEXT() REPRESENTATION_CONTEXT('2D SPACE',''
  ) );
#8499 = PCURVE('',#8039,#8500);
#8500 = DEFINITIONAL_REPRESENTATION('',(#8501),#8505);
#8501 = LINE('',#8502,#8503);
#8502 = CARTESIAN_POINT('',(-12.61232464375,1.956028170092));
#8503 = VECTOR('',#8504,1.);
#8504 = DIRECTION('',(1.53827950432E-02,-0.999881677808));
#8505 = ( GEOMETRIC_REPRESENTATION_CONTEXT(2) 
PARAMETRIC_REPRESENTATION_CONTEXT() REPRESENTATION_CONTEXT('2D SPACE',''
  ) );
#8506 = ADVANCED_FACE('',(#8507),#8474,.F.);
#8507 = FACE_BOUND('',#8508,.F.);
#8508 = EDGE_LOOP('',(#8509,#8510,#8533,#8561));
#8509 = ORIENTED_EDGE('',*,*,#8458,.T.);
#8510 = ORIENTED_EDGE('',*,*,#8511,.T.);
#8511 = EDGE_CURVE('',#8436,#8512,#8514,.T.);
#8512 = VERTEX_POINT('',#8513);
#8513 = CARTESIAN_POINT('',(149.12133891213,11.598326359833,3.));
#8514 = SURFACE_CURVE('',#8515,(#8519,#8526),.PCURVE_S1.);
#8515 = LINE('',#8516,#8517);
#8516 = CARTESIAN_POINT('',(148.36820083682,14.761506276151,3.));
#8517 = VECTOR('',#8518,1.);
#8518 = DIRECTION('',(0.231620527306,-0.972806214685,0.));
#8519 = PCURVE('',#8474,#8520);
#8520 = DEFINITIONAL_REPRESENTATION('',(#8521),#8525);
#8521 = LINE('',#8522,#8523);
#8522 = CARTESIAN_POINT('',(0.,-3.));
#8523 = VECTOR('',#8524,1.);
#8524 = DIRECTION('',(1.,0.));
#8525 = ( GEOMETRIC_REPRESENTATION_CONTEXT(2) 
PARAMETRIC_REPRESENTATION_CONTEXT() REPRESENTATION_CONTEXT('2D SPACE',''
  ) );
#8526 = PCURVE('',#7985,#8527);
#8527 = DEFINITIONAL_REPRESENTATION('',(#8528),#8532);
#8528 = LINE('',#8529,#8530);
#8529 = CARTESIAN_POINT('',(-12.53701083622,-2.939369319448));
#8530 = VECTOR('',#8531,1.);
#8531 = DIRECTION('',(0.231620527306,-0.972806214685));
#8532 = ( GEOMETRIC_REPRESENTATION_CONTEXT(2) 
PARAMETRIC_REPRESENTATION_CONTEXT() REPRESENTATION_CONTEXT('2D SPACE',''
  ) );
#8533 = ORIENTED_EDGE('',*,*,#8534,.F.);
#8534 = EDGE_CURVE('',#8535,#8512,#8537,.T.);
#8535 = VERTEX_POINT('',#8536);
#8536 = CARTESIAN_POINT('',(149.12133891213,11.598326359833,0.));
#8537 = SURFACE_CURVE('',#8538,(#8542,#8549),.PCURVE_S1.);
#8538 = LINE('',#8539,#8540);
#8539 = CARTESIAN_POINT('',(149.12133891213,11.598326359833,0.));
#8540 = VECTOR('',#8541,1.);
#8541 = DIRECTION('',(0.,0.,1.));
#8542 = PCURVE('',#8474,#8543);
#8543 = DEFINITIONAL_REPRESENTATION('',(#8544),#8548);
#8544 = LINE('',#8545,#8546);
#8545 = CARTESIAN_POINT('',(3.251603318901,0.));
#8546 = VECTOR('',#8547,1.);
#8547 = DIRECTION('',(0.,-1.));
#8548 = ( GEOMETRIC_REPRESENTATION_CONTEXT(2) 
PARAMETRIC_REPRESENTATION_CONTEXT() REPRESENTATION_CONTEXT('2D SPACE',''
  ) );
#8549 = PCURVE('',#8550,#8555);
#8550 = PLANE('',#8551);
#8551 = AXIS2_PLACEMENT_3D('',#8552,#8553,#8554);
#8552 = CARTESIAN_POINT('',(149.12133891213,11.598326359833,0.));
#8553 = DIRECTION('',(0.920330918458,0.391140640345,-0.));
#8554 = DIRECTION('',(0.391140640345,-0.920330918458,0.));
#8555 = DEFINITIONAL_REPRESENTATION('',(#8556),#8560);
#8556 = LINE('',#8557,#8558);
#8557 = CARTESIAN_POINT('',(0.,0.));
#8558 = VECTOR('',#8559,1.);
#8559 = DIRECTION('',(0.,-1.));
#8560 = ( GEOMETRIC_REPRESENTATION_CONTEXT(2) 
PARAMETRIC_REPRESENTATION_CONTEXT() REPRESENTATION_CONTEXT('2D SPACE',''
  ) );
#8561 = ORIENTED_EDGE('',*,*,#8562,.F.);
#8562 = EDGE_CURVE('',#8459,#8535,#8563,.T.);
#8563 = SURFACE_CURVE('',#8564,(#8568,#8575),.PCURVE_S1.);
#8564 = LINE('',#8565,#8566);
#8565 = CARTESIAN_POINT('',(148.36820083682,14.761506276151,0.));
#8566 = VECTOR('',#8567,1.);
#8567 = DIRECTION('',(0.231620527306,-0.972806214685,0.));
#8568 = PCURVE('',#8474,#8569);
#8569 = DEFINITIONAL_REPRESENTATION('',(#8570),#8574);
#8570 = LINE('',#8571,#8572);
#8571 = CARTESIAN_POINT('',(0.,0.));
#8572 = VECTOR('',#8573,1.);
#8573 = DIRECTION('',(1.,0.));
#8574 = ( GEOMETRIC_REPRESENTATION_CONTEXT(2) 
PARAMETRIC_REPRESENTATION_CONTEXT() REPRESENTATION_CONTEXT('2D SPACE',''
  ) );
#8575 = PCURVE('',#8039,#8576);
#8576 = DEFINITIONAL_REPRESENTATION('',(#8577),#8581);
#8577 = LINE('',#8578,#8579);
#8578 = CARTESIAN_POINT('',(-12.53701083622,-2.939369319448));
#8579 = VECTOR('',#8580,1.);
#8580 = DIRECTION('',(0.231620527306,-0.972806214685));
#8581 = ( GEOMETRIC_REPRESENTATION_CONTEXT(2) 
PARAMETRIC_REPRESENTATION_CONTEXT() REPRESENTATION_CONTEXT('2D SPACE',''
  ) );
#8582 = ADVANCED_FACE('',(#8583),#8550,.F.);
#8583 = FACE_BOUND('',#8584,.F.);
#8584 = EDGE_LOOP('',(#8585,#8586,#8609,#8637));
#8585 = ORIENTED_EDGE('',*,*,#8534,.T.);
#8586 = ORIENTED_EDGE('',*,*,#8587,.T.);
#8587 = EDGE_CURVE('',#8512,#8588,#8590,.T.);
#8588 = VERTEX_POINT('',#8589);
#8589 = CARTESIAN_POINT('',(150.40167364016,8.585774058577,3.));
#8590 = SURFACE_CURVE('',#8591,(#8595,#8602),.PCURVE_S1.);
#8591 = LINE('',#8592,#8593);
#8592 = CARTESIAN_POINT('',(149.12133891213,11.598326359833,3.));
#8593 = VECTOR('',#8594,1.);
#8594 = DIRECTION('',(0.391140640345,-0.920330918458,0.));
#8595 = PCURVE('',#8550,#8596);
#8596 = DEFINITIONAL_REPRESENTATION('',(#8597),#8601);
#8597 = LINE('',#8598,#8599);
#8598 = CARTESIAN_POINT('',(0.,-3.));
#8599 = VECTOR('',#8600,1.);
#8600 = DIRECTION('',(1.,0.));
#8601 = ( GEOMETRIC_REPRESENTATION_CONTEXT(2) 
PARAMETRIC_REPRESENTATION_CONTEXT() REPRESENTATION_CONTEXT('2D SPACE',''
  ) );
#8602 = PCURVE('',#7985,#8603);
#8603 = DEFINITIONAL_REPRESENTATION('',(#8604),#8608);
#8604 = LINE('',#8605,#8606);
#8605 = CARTESIAN_POINT('',(-11.7838727609,-6.102549235766));
#8606 = VECTOR('',#8607,1.);
#8607 = DIRECTION('',(0.391140640345,-0.920330918458));
#8608 = ( GEOMETRIC_REPRESENTATION_CONTEXT(2) 
PARAMETRIC_REPRESENTATION_CONTEXT() REPRESENTATION_CONTEXT('2D SPACE',''
  ) );
#8609 = ORIENTED_EDGE('',*,*,#8610,.F.);
#8610 = EDGE_CURVE('',#8611,#8588,#8613,.T.);
#8611 = VERTEX_POINT('',#8612);
#8612 = CARTESIAN_POINT('',(150.40167364016,8.585774058577,0.));
#8613 = SURFACE_CURVE('',#8614,(#8618,#8625),.PCURVE_S1.);
#8614 = LINE('',#8615,#8616);
#8615 = CARTESIAN_POINT('',(150.40167364016,8.585774058577,0.));
#8616 = VECTOR('',#8617,1.);
#8617 = DIRECTION('',(0.,0.,1.));
#8618 = PCURVE('',#8550,#8619);
#8619 = DEFINITIONAL_REPRESENTATION('',(#8620),#8624);
#8620 = LINE('',#8621,#8622);
#8621 = CARTESIAN_POINT('',(3.273335971697,0.));
#8622 = VECTOR('',#8623,1.);
#8623 = DIRECTION('',(0.,-1.));
#8624 = ( GEOMETRIC_REPRESENTATION_CONTEXT(2) 
PARAMETRIC_REPRESENTATION_CONTEXT() REPRESENTATION_CONTEXT('2D SPACE',''
  ) );
#8625 = PCURVE('',#8626,#8631);
#8626 = PLANE('',#8627);
#8627 = AXIS2_PLACEMENT_3D('',#8628,#8629,#8630);
#8628 = CARTESIAN_POINT('',(150.40167364016,8.585774058577,0.));
#8629 = DIRECTION('',(0.836047910837,0.548656441487,-0.));
#8630 = DIRECTION('',(0.548656441487,-0.836047910837,0.));
#8631 = DEFINITIONAL_REPRESENTATION('',(#8632),#8636);
#8632 = LINE('',#8633,#8634);
#8633 = CARTESIAN_POINT('',(0.,0.));
#8634 = VECTOR('',#8635,1.);
#8635 = DIRECTION('',(0.,-1.));
#8636 = ( GEOMETRIC_REPRESENTATION_CONTEXT(2) 
PARAMETRIC_REPRESENTATION_CONTEXT() REPRESENTATION_CONTEXT('2D SPACE',''
  ) );
#8637 = ORIENTED_EDGE('',*,*,#8638,.F.);
#8638 = EDGE_CURVE('',#8535,#8611,#8639,.T.);
#8639 = SURFACE_CURVE('',#8640,(#8644,#8651),.PCURVE_S1.);
#8640 = LINE('',#8641,#8642);
#8641 = CARTESIAN_POINT('',(149.12133891213,11.598326359833,0.));
#8642 = VECTOR('',#8643,1.);
#8643 = DIRECTION('',(0.391140640345,-0.920330918458,0.));
#8644 = PCURVE('',#8550,#8645);
#8645 = DEFINITIONAL_REPRESENTATION('',(#8646),#8650);
#8646 = LINE('',#8647,#8648);
#8647 = CARTESIAN_POINT('',(0.,0.));
#8648 = VECTOR('',#8649,1.);
#8649 = DIRECTION('',(1.,0.));
#8650 = ( GEOMETRIC_REPRESENTATION_CONTEXT(2) 
PARAMETRIC_REPRESENTATION_CONTEXT() REPRESENTATION_CONTEXT('2D SPACE',''
  ) );
#8651 = PCURVE('',#8039,#8652);
#8652 = DEFINITIONAL_REPRESENTATION('',(#8653),#8657);
#8653 = LINE('',#8654,#8655);
#8654 = CARTESIAN_POINT('',(-11.7838727609,-6.102549235766));
#8655 = VECTOR('',#8656,1.);
#8656 = DIRECTION('',(0.391140640345,-0.920330918458));
#8657 = ( GEOMETRIC_REPRESENTATION_CONTEXT(2) 
PARAMETRIC_REPRESENTATION_CONTEXT() REPRESENTATION_CONTEXT('2D SPACE',''
  ) );
#8658 = ADVANCED_FACE('',(#8659),#8626,.F.);
#8659 = FACE_BOUND('',#8660,.F.);
#8660 = EDGE_LOOP('',(#8661,#8662,#8685,#8713));
#8661 = ORIENTED_EDGE('',*,*,#8610,.T.);
#8662 = ORIENTED_EDGE('',*,*,#8663,.T.);
#8663 = EDGE_CURVE('',#8588,#8664,#8666,.T.);
#8664 = VERTEX_POINT('',#8665);
#8665 = CARTESIAN_POINT('',(151.98326359832,6.175732217573,3.));
#8666 = SURFACE_CURVE('',#8667,(#8671,#8678),.PCURVE_S1.);
#8667 = LINE('',#8668,#8669);
#8668 = CARTESIAN_POINT('',(150.40167364016,8.585774058577,3.));
#8669 = VECTOR('',#8670,1.);
#8670 = DIRECTION('',(0.548656441487,-0.836047910837,0.));
#8671 = PCURVE('',#8626,#8672);
#8672 = DEFINITIONAL_REPRESENTATION('',(#8673),#8677);
#8673 = LINE('',#8674,#8675);
#8674 = CARTESIAN_POINT('',(0.,-3.));
#8675 = VECTOR('',#8676,1.);
#8676 = DIRECTION('',(1.,0.));
#8677 = ( GEOMETRIC_REPRESENTATION_CONTEXT(2) 
PARAMETRIC_REPRESENTATION_CONTEXT() REPRESENTATION_CONTEXT('2D SPACE',''
  ) );
#8678 = PCURVE('',#7985,#8679);
#8679 = DEFINITIONAL_REPRESENTATION('',(#8680),#8684);
#8680 = LINE('',#8681,#8682);
#8681 = CARTESIAN_POINT('',(-10.50353803287,-9.115101537021));
#8682 = VECTOR('',#8683,1.);
#8683 = DIRECTION('',(0.548656441487,-0.836047910837));
#8684 = ( GEOMETRIC_REPRESENTATION_CONTEXT(2) 
PARAMETRIC_REPRESENTATION_CONTEXT() REPRESENTATION_CONTEXT('2D SPACE',''
  ) );
#8685 = ORIENTED_EDGE('',*,*,#8686,.F.);
#8686 = EDGE_CURVE('',#8687,#8664,#8689,.T.);
#8687 = VERTEX_POINT('',#8688);
#8688 = CARTESIAN_POINT('',(151.98326359832,6.175732217573,0.));
#8689 = SURFACE_CURVE('',#8690,(#8694,#8701),.PCURVE_S1.);
#8690 = LINE('',#8691,#8692);
#8691 = CARTESIAN_POINT('',(151.98326359832,6.175732217573,0.));
#8692 = VECTOR('',#8693,1.);
#8693 = DIRECTION('',(0.,0.,1.));
#8694 = PCURVE('',#8626,#8695);
#8695 = DEFINITIONAL_REPRESENTATION('',(#8696),#8700);
#8696 = LINE('',#8697,#8698);
#8697 = CARTESIAN_POINT('',(2.882659964536,0.));
#8698 = VECTOR('',#8699,1.);
#8699 = DIRECTION('',(0.,-1.));
#8700 = ( GEOMETRIC_REPRESENTATION_CONTEXT(2) 
PARAMETRIC_REPRESENTATION_CONTEXT() REPRESENTATION_CONTEXT('2D SPACE',''
  ) );
#8701 = PCURVE('',#8702,#8707);
#8702 = PLANE('',#8703);
#8703 = AXIS2_PLACEMENT_3D('',#8704,#8705,#8706);
#8704 = CARTESIAN_POINT('',(151.98326359832,6.175732217573,0.));
#8705 = DIRECTION('',(0.72953720414,0.683941128881,-0.));
#8706 = DIRECTION('',(0.683941128881,-0.72953720414,0.));
#8707 = DEFINITIONAL_REPRESENTATION('',(#8708),#8712);
#8708 = LINE('',#8709,#8710);
#8709 = CARTESIAN_POINT('',(0.,0.));
#8710 = VECTOR('',#8711,1.);
#8711 = DIRECTION('',(0.,-1.));
#8712 = ( GEOMETRIC_REPRESENTATION_CONTEXT(2) 
PARAMETRIC_REPRESENTATION_CONTEXT() REPRESENTATION_CONTEXT('2D SPACE',''
  ) );
#8713 = ORIENTED_EDGE('',*,*,#8714,.F.);
#8714 = EDGE_CURVE('',#8611,#8687,#8715,.T.);
#8715 = SURFACE_CURVE('',#8716,(#8720,#8727),.PCURVE_S1.);
#8716 = LINE('',#8717,#8718);
#8717 = CARTESIAN_POINT('',(150.40167364016,8.585774058577,0.));
#8718 = VECTOR('',#8719,1.);
#8719 = DIRECTION('',(0.548656441487,-0.836047910837,0.));
#8720 = PCURVE('',#8626,#8721);
#8721 = DEFINITIONAL_REPRESENTATION('',(#8722),#8726);
#8722 = LINE('',#8723,#8724);
#8723 = CARTESIAN_POINT('',(0.,0.));
#8724 = VECTOR('',#8725,1.);
#8725 = DIRECTION('',(1.,0.));
#8726 = ( GEOMETRIC_REPRESENTATION_CONTEXT(2) 
PARAMETRIC_REPRESENTATION_CONTEXT() REPRESENTATION_CONTEXT('2D SPACE',''
  ) );
#8727 = PCURVE('',#8039,#8728);
#8728 = DEFINITIONAL_REPRESENTATION('',(#8729),#8733);
#8729 = LINE('',#8730,#8731);
#8730 = CARTESIAN_POINT('',(-10.50353803287,-9.115101537021));
#8731 = VECTOR('',#8732,1.);
#8732 = DIRECTION('',(0.548656441487,-0.836047910837));
#8733 = ( GEOMETRIC_REPRESENTATION_CONTEXT(2) 
PARAMETRIC_REPRESENTATION_CONTEXT() REPRESENTATION_CONTEXT('2D SPACE',''
  ) );
#8734 = ADVANCED_FACE('',(#8735),#8702,.F.);
#8735 = FACE_BOUND('',#8736,.F.);
#8736 = EDGE_LOOP('',(#8737,#8738,#8761,#8789));
#8737 = ORIENTED_EDGE('',*,*,#8686,.T.);
#8738 = ORIENTED_EDGE('',*,*,#8739,.T.);
#8739 = EDGE_CURVE('',#8664,#8740,#8742,.T.);
#8740 = VERTEX_POINT('',#8741);
#8741 = CARTESIAN_POINT('',(154.24267782426,3.765690376569,3.));
#8742 = SURFACE_CURVE('',#8743,(#8747,#8754),.PCURVE_S1.);
#8743 = LINE('',#8744,#8745);
#8744 = CARTESIAN_POINT('',(151.98326359832,6.175732217573,3.));
#8745 = VECTOR('',#8746,1.);
#8746 = DIRECTION('',(0.683941128881,-0.72953720414,0.));
#8747 = PCURVE('',#8702,#8748);
#8748 = DEFINITIONAL_REPRESENTATION('',(#8749),#8753);
#8749 = LINE('',#8750,#8751);
#8750 = CARTESIAN_POINT('',(0.,-3.));
#8751 = VECTOR('',#8752,1.);
#8752 = DIRECTION('',(1.,0.));
#8753 = ( GEOMETRIC_REPRESENTATION_CONTEXT(2) 
PARAMETRIC_REPRESENTATION_CONTEXT() REPRESENTATION_CONTEXT('2D SPACE',''
  ) );
#8754 = PCURVE('',#7985,#8755);
#8755 = DEFINITIONAL_REPRESENTATION('',(#8756),#8760);
#8756 = LINE('',#8757,#8758);
#8757 = CARTESIAN_POINT('',(-8.921948074715,-11.52514337802));
#8758 = VECTOR('',#8759,1.);
#8759 = DIRECTION('',(0.683941128881,-0.72953720414));
#8760 = ( GEOMETRIC_REPRESENTATION_CONTEXT(2) 
PARAMETRIC_REPRESENTATION_CONTEXT() REPRESENTATION_CONTEXT('2D SPACE',''
  ) );
#8761 = ORIENTED_EDGE('',*,*,#8762,.F.);
#8762 = EDGE_CURVE('',#8763,#8740,#8765,.T.);
#8763 = VERTEX_POINT('',#8764);
#8764 = CARTESIAN_POINT('',(154.24267782426,3.765690376569,0.));
#8765 = SURFACE_CURVE('',#8766,(#8770,#8777),.PCURVE_S1.);
#8766 = LINE('',#8767,#8768);
#8767 = CARTESIAN_POINT('',(154.24267782426,3.765690376569,0.));
#8768 = VECTOR('',#8769,1.);
#8769 = DIRECTION('',(0.,0.,1.));
#8770 = PCURVE('',#8702,#8771);
#8771 = DEFINITIONAL_REPRESENTATION('',(#8772),#8776);
#8772 = LINE('',#8773,#8774);
#8773 = CARTESIAN_POINT('',(3.303521502848,0.));
#8774 = VECTOR('',#8775,1.);
#8775 = DIRECTION('',(0.,-1.));
#8776 = ( GEOMETRIC_REPRESENTATION_CONTEXT(2) 
PARAMETRIC_REPRESENTATION_CONTEXT() REPRESENTATION_CONTEXT('2D SPACE',''
  ) );
#8777 = PCURVE('',#8778,#8783);
#8778 = PLANE('',#8779);
#8779 = AXIS2_PLACEMENT_3D('',#8780,#8781,#8782);
#8780 = CARTESIAN_POINT('',(154.24267782426,3.765690376569,0.));
#8781 = DIRECTION('',(0.583636048153,0.812015371343,-0.));
#8782 = DIRECTION('',(0.812015371343,-0.583636048153,0.));
#8783 = DEFINITIONAL_REPRESENTATION('',(#8784),#8788);
#8784 = LINE('',#8785,#8786);
#8785 = CARTESIAN_POINT('',(0.,0.));
#8786 = VECTOR('',#8787,1.);
#8787 = DIRECTION('',(0.,-1.));
#8788 = ( GEOMETRIC_REPRESENTATION_CONTEXT(2) 
PARAMETRIC_REPRESENTATION_CONTEXT() REPRESENTATION_CONTEXT('2D SPACE',''
  ) );
#8789 = ORIENTED_EDGE('',*,*,#8790,.F.);
#8790 = EDGE_CURVE('',#8687,#8763,#8791,.T.);
#8791 = SURFACE_CURVE('',#8792,(#8796,#8803),.PCURVE_S1.);
#8792 = LINE('',#8793,#8794);
#8793 = CARTESIAN_POINT('',(151.98326359832,6.175732217573,0.));
#8794 = VECTOR('',#8795,1.);
#8795 = DIRECTION('',(0.683941128881,-0.72953720414,0.));
#8796 = PCURVE('',#8702,#8797);
#8797 = DEFINITIONAL_REPRESENTATION('',(#8798),#8802);
#8798 = LINE('',#8799,#8800);
#8799 = CARTESIAN_POINT('',(0.,0.));
#8800 = VECTOR('',#8801,1.);
#8801 = DIRECTION('',(1.,0.));
#8802 = ( GEOMETRIC_REPRESENTATION_CONTEXT(2) 
PARAMETRIC_REPRESENTATION_CONTEXT() REPRESENTATION_CONTEXT('2D SPACE',''
  ) );
#8803 = PCURVE('',#8039,#8804);
#8804 = DEFINITIONAL_REPRESENTATION('',(#8805),#8809);
#8805 = LINE('',#8806,#8807);
#8806 = CARTESIAN_POINT('',(-8.921948074715,-11.52514337802));
#8807 = VECTOR('',#8808,1.);
#8808 = DIRECTION('',(0.683941128881,-0.72953720414));
#8809 = ( GEOMETRIC_REPRESENTATION_CONTEXT(2) 
PARAMETRIC_REPRESENTATION_CONTEXT() REPRESENTATION_CONTEXT('2D SPACE',''
  ) );
#8810 = ADVANCED_FACE('',(#8811),#8778,.F.);
#8811 = FACE_BOUND('',#8812,.F.);
#8812 = EDGE_LOOP('',(#8813,#8814,#8837,#8865));
#8813 = ORIENTED_EDGE('',*,*,#8762,.T.);
#8814 = ORIENTED_EDGE('',*,*,#8815,.T.);
#8815 = EDGE_CURVE('',#8740,#8816,#8818,.T.);
#8816 = VERTEX_POINT('',#8817);
#8817 = CARTESIAN_POINT('',(156.65271966527,2.033472803347,3.));
#8818 = SURFACE_CURVE('',#8819,(#8823,#8830),.PCURVE_S1.);
#8819 = LINE('',#8820,#8821);
#8820 = CARTESIAN_POINT('',(154.24267782426,3.765690376569,3.));
#8821 = VECTOR('',#8822,1.);
#8822 = DIRECTION('',(0.812015371343,-0.583636048153,0.));
#8823 = PCURVE('',#8778,#8824);
#8824 = DEFINITIONAL_REPRESENTATION('',(#8825),#8829);
#8825 = LINE('',#8826,#8827);
#8826 = CARTESIAN_POINT('',(0.,-3.));
#8827 = VECTOR('',#8828,1.);
#8828 = DIRECTION('',(1.,0.));
#8829 = ( GEOMETRIC_REPRESENTATION_CONTEXT(2) 
PARAMETRIC_REPRESENTATION_CONTEXT() REPRESENTATION_CONTEXT('2D SPACE',''
  ) );
#8830 = PCURVE('',#7985,#8831);
#8831 = DEFINITIONAL_REPRESENTATION('',(#8832),#8836);
#8832 = LINE('',#8833,#8834);
#8833 = CARTESIAN_POINT('',(-6.662533848774,-13.93518521903));
#8834 = VECTOR('',#8835,1.);
#8835 = DIRECTION('',(0.812015371343,-0.583636048153));
#8836 = ( GEOMETRIC_REPRESENTATION_CONTEXT(2) 
PARAMETRIC_REPRESENTATION_CONTEXT() REPRESENTATION_CONTEXT('2D SPACE',''
  ) );
#8837 = ORIENTED_EDGE('',*,*,#8838,.F.);
#8838 = EDGE_CURVE('',#8839,#8816,#8841,.T.);
#8839 = VERTEX_POINT('',#8840);
#8840 = CARTESIAN_POINT('',(156.65271966527,2.033472803347,0.));
#8841 = SURFACE_CURVE('',#8842,(#8846,#8853),.PCURVE_S1.);
#8842 = LINE('',#8843,#8844);
#8843 = CARTESIAN_POINT('',(156.65271966527,2.033472803347,0.));
#8844 = VECTOR('',#8845,1.);
#8845 = DIRECTION('',(0.,0.,1.));
#8846 = PCURVE('',#8778,#8847);
#8847 = DEFINITIONAL_REPRESENTATION('',(#8848),#8852);
#8848 = LINE('',#8849,#8850);
#8849 = CARTESIAN_POINT('',(2.96797563945,0.));
#8850 = VECTOR('',#8851,1.);
#8851 = DIRECTION('',(0.,-1.));
#8852 = ( GEOMETRIC_REPRESENTATION_CONTEXT(2) 
PARAMETRIC_REPRESENTATION_CONTEXT() REPRESENTATION_CONTEXT('2D SPACE',''
  ) );
#8853 = PCURVE('',#8854,#8859);
#8854 = PLANE('',#8855);
#8855 = AXIS2_PLACEMENT_3D('',#8856,#8857,#8858);
#8856 = CARTESIAN_POINT('',(156.65271966527,2.033472803347,0.));
#8857 = DIRECTION('',(0.397607437634,0.91755562531,-0.));
#8858 = DIRECTION('',(0.91755562531,-0.397607437634,0.));
#8859 = DEFINITIONAL_REPRESENTATION('',(#8860),#8864);
#8860 = LINE('',#8861,#8862);
#8861 = CARTESIAN_POINT('',(0.,0.));
#8862 = VECTOR('',#8863,1.);
#8863 = DIRECTION('',(0.,-1.));
#8864 = ( GEOMETRIC_REPRESENTATION_CONTEXT(2) 
PARAMETRIC_REPRESENTATION_CONTEXT() REPRESENTATION_CONTEXT('2D SPACE',''
  ) );
#8865 = ORIENTED_EDGE('',*,*,#8866,.F.);
#8866 = EDGE_CURVE('',#8763,#8839,#8867,.T.);
#8867 = SURFACE_CURVE('',#8868,(#8872,#8879),.PCURVE_S1.);
#8868 = LINE('',#8869,#8870);
#8869 = CARTESIAN_POINT('',(154.24267782426,3.765690376569,0.));
#8870 = VECTOR('',#8871,1.);
#8871 = DIRECTION('',(0.812015371343,-0.583636048153,0.));
#8872 = PCURVE('',#8778,#8873);
#8873 = DEFINITIONAL_REPRESENTATION('',(#8874),#8878);
#8874 = LINE('',#8875,#8876);
#8875 = CARTESIAN_POINT('',(0.,0.));
#8876 = VECTOR('',#8877,1.);
#8877 = DIRECTION('',(1.,0.));
#8878 = ( GEOMETRIC_REPRESENTATION_CONTEXT(2) 
PARAMETRIC_REPRESENTATION_CONTEXT() REPRESENTATION_CONTEXT('2D SPACE',''
  ) );
#8879 = PCURVE('',#8039,#8880);
#8880 = DEFINITIONAL_REPRESENTATION('',(#8881),#8885);
#8881 = LINE('',#8882,#8883);
#8882 = CARTESIAN_POINT('',(-6.662533848774,-13.93518521903));
#8883 = VECTOR('',#8884,1.);
#8884 = DIRECTION('',(0.812015371343,-0.583636048153));
#8885 = ( GEOMETRIC_REPRESENTATION_CONTEXT(2) 
PARAMETRIC_REPRESENTATION_CONTEXT() REPRESENTATION_CONTEXT('2D SPACE',''
  ) );
#8886 = ADVANCED_FACE('',(#8887),#8854,.F.);
#8887 = FACE_BOUND('',#8888,.F.);
#8888 = EDGE_LOOP('',(#8889,#8890,#8913,#8941));
#8889 = ORIENTED_EDGE('',*,*,#8838,.T.);
#8890 = ORIENTED_EDGE('',*,*,#8891,.T.);
#8891 = EDGE_CURVE('',#8816,#8892,#8894,.T.);
#8892 = VERTEX_POINT('',#8893);
#8893 = CARTESIAN_POINT('',(158.91213389121,1.054393305439,3.));
#8894 = SURFACE_CURVE('',#8895,(#8899,#8906),.PCURVE_S1.);
#8895 = LINE('',#8896,#8897);
#8896 = CARTESIAN_POINT('',(156.65271966527,2.033472803347,3.));
#8897 = VECTOR('',#8898,1.);
#8898 = DIRECTION('',(0.91755562531,-0.397607437634,0.));
#8899 = PCURVE('',#8854,#8900);
#8900 = DEFINITIONAL_REPRESENTATION('',(#8901),#8905);
#8901 = LINE('',#8902,#8903);
#8902 = CARTESIAN_POINT('',(0.,-3.));
#8903 = VECTOR('',#8904,1.);
#8904 = DIRECTION('',(1.,0.));
#8905 = ( GEOMETRIC_REPRESENTATION_CONTEXT(2) 
PARAMETRIC_REPRESENTATION_CONTEXT() REPRESENTATION_CONTEXT('2D SPACE',''
  ) );
#8906 = PCURVE('',#7985,#8907);
#8907 = DEFINITIONAL_REPRESENTATION('',(#8908),#8912);
#8908 = LINE('',#8909,#8910);
#8909 = CARTESIAN_POINT('',(-4.25249200777,-15.66740279225));
#8910 = VECTOR('',#8911,1.);
#8911 = DIRECTION('',(0.91755562531,-0.397607437634));
#8912 = ( GEOMETRIC_REPRESENTATION_CONTEXT(2) 
PARAMETRIC_REPRESENTATION_CONTEXT() REPRESENTATION_CONTEXT('2D SPACE',''
  ) );
#8913 = ORIENTED_EDGE('',*,*,#8914,.F.);
#8914 = EDGE_CURVE('',#8915,#8892,#8917,.T.);
#8915 = VERTEX_POINT('',#8916);
#8916 = CARTESIAN_POINT('',(158.91213389121,1.054393305439,0.));
#8917 = SURFACE_CURVE('',#8918,(#8922,#8929),.PCURVE_S1.);
#8918 = LINE('',#8919,#8920);
#8919 = CARTESIAN_POINT('',(158.91213389121,1.054393305439,0.));
#8920 = VECTOR('',#8921,1.);
#8921 = DIRECTION('',(0.,0.,1.));
#8922 = PCURVE('',#8854,#8923);
#8923 = DEFINITIONAL_REPRESENTATION('',(#8924),#8928);
#8924 = LINE('',#8925,#8926);
#8925 = CARTESIAN_POINT('',(2.462427523321,0.));
#8926 = VECTOR('',#8927,1.);
#8927 = DIRECTION('',(0.,-1.));
#8928 = ( GEOMETRIC_REPRESENTATION_CONTEXT(2) 
PARAMETRIC_REPRESENTATION_CONTEXT() REPRESENTATION_CONTEXT('2D SPACE',''
  ) );
#8929 = PCURVE('',#8930,#8935);
#8930 = PLANE('',#8931);
#8931 = AXIS2_PLACEMENT_3D('',#8932,#8933,#8934);
#8932 = CARTESIAN_POINT('',(158.91213389121,1.054393305439,0.));
#8933 = DIRECTION('',(0.247003705083,0.969014535327,-0.));
#8934 = DIRECTION('',(0.969014535327,-0.247003705083,0.));
#8935 = DEFINITIONAL_REPRESENTATION('',(#8936),#8940);
#8936 = LINE('',#8937,#8938);
#8937 = CARTESIAN_POINT('',(0.,0.));
#8938 = VECTOR('',#8939,1.);
#8939 = DIRECTION('',(0.,-1.));
#8940 = ( GEOMETRIC_REPRESENTATION_CONTEXT(2) 
PARAMETRIC_REPRESENTATION_CONTEXT() REPRESENTATION_CONTEXT('2D SPACE',''
  ) );
#8941 = ORIENTED_EDGE('',*,*,#8942,.F.);
#8942 = EDGE_CURVE('',#8839,#8915,#8943,.T.);
#8943 = SURFACE_CURVE('',#8944,(#8948,#8955),.PCURVE_S1.);
#8944 = LINE('',#8945,#8946);
#8945 = CARTESIAN_POINT('',(156.65271966527,2.033472803347,0.));
#8946 = VECTOR('',#8947,1.);
#8947 = DIRECTION('',(0.91755562531,-0.397607437634,0.));
#8948 = PCURVE('',#8854,#8949);
#8949 = DEFINITIONAL_REPRESENTATION('',(#8950),#8954);
#8950 = LINE('',#8951,#8952);
#8951 = CARTESIAN_POINT('',(0.,0.));
#8952 = VECTOR('',#8953,1.);
#8953 = DIRECTION('',(1.,0.));
#8954 = ( GEOMETRIC_REPRESENTATION_CONTEXT(2) 
PARAMETRIC_REPRESENTATION_CONTEXT() REPRESENTATION_CONTEXT('2D SPACE',''
  ) );
#8955 = PCURVE('',#8039,#8956);
#8956 = DEFINITIONAL_REPRESENTATION('',(#8957),#8961);
#8957 = LINE('',#8958,#8959);
#8958 = CARTESIAN_POINT('',(-4.25249200777,-15.66740279225));
#8959 = VECTOR('',#8960,1.);
#8960 = DIRECTION('',(0.91755562531,-0.397607437634));
#8961 = ( GEOMETRIC_REPRESENTATION_CONTEXT(2) 
PARAMETRIC_REPRESENTATION_CONTEXT() REPRESENTATION_CONTEXT('2D SPACE',''
  ) );
#8962 = ADVANCED_FACE('',(#8963),#8930,.F.);
#8963 = FACE_BOUND('',#8964,.F.);
#8964 = EDGE_LOOP('',(#8965,#8966,#8989,#9017));
#8965 = ORIENTED_EDGE('',*,*,#8914,.T.);
#8966 = ORIENTED_EDGE('',*,*,#8967,.T.);
#8967 = EDGE_CURVE('',#8892,#8968,#8970,.T.);
#8968 = VERTEX_POINT('',#8969);
#8969 = CARTESIAN_POINT('',(162.75313807531,7.531380753138E-02,3.));
#8970 = SURFACE_CURVE('',#8971,(#8975,#8982),.PCURVE_S1.);
#8971 = LINE('',#8972,#8973);
#8972 = CARTESIAN_POINT('',(158.91213389121,1.054393305439,3.));
#8973 = VECTOR('',#8974,1.);
#8974 = DIRECTION('',(0.969014535327,-0.247003705083,0.));
#8975 = PCURVE('',#8930,#8976);
#8976 = DEFINITIONAL_REPRESENTATION('',(#8977),#8981);
#8977 = LINE('',#8978,#8979);
#8978 = CARTESIAN_POINT('',(0.,-3.));
#8979 = VECTOR('',#8980,1.);
#8980 = DIRECTION('',(1.,0.));
#8981 = ( GEOMETRIC_REPRESENTATION_CONTEXT(2) 
PARAMETRIC_REPRESENTATION_CONTEXT() REPRESENTATION_CONTEXT('2D SPACE',''
  ) );
#8982 = PCURVE('',#7985,#8983);
#8983 = DEFINITIONAL_REPRESENTATION('',(#8984),#8988);
#8984 = LINE('',#8985,#8986);
#8985 = CARTESIAN_POINT('',(-1.993077781828,-16.64648229015));
#8986 = VECTOR('',#8987,1.);
#8987 = DIRECTION('',(0.969014535327,-0.247003705083));
#8988 = ( GEOMETRIC_REPRESENTATION_CONTEXT(2) 
PARAMETRIC_REPRESENTATION_CONTEXT() REPRESENTATION_CONTEXT('2D SPACE',''
  ) );
#8989 = ORIENTED_EDGE('',*,*,#8990,.F.);
#8990 = EDGE_CURVE('',#8991,#8968,#8993,.T.);
#8991 = VERTEX_POINT('',#8992);
#8992 = CARTESIAN_POINT('',(162.75313807531,7.531380753138E-02,0.));
#8993 = SURFACE_CURVE('',#8994,(#8998,#9005),.PCURVE_S1.);
#8994 = LINE('',#8995,#8996);
#8995 = CARTESIAN_POINT('',(162.75313807531,7.531380753138E-02,0.));
#8996 = VECTOR('',#8997,1.);
#8997 = DIRECTION('',(0.,0.,1.));
#8998 = PCURVE('',#8930,#8999);
#8999 = DEFINITIONAL_REPRESENTATION('',(#9000),#9004);
#9000 = LINE('',#9001,#9002);
#9001 = CARTESIAN_POINT('',(3.9638251482,0.));
#9002 = VECTOR('',#9003,1.);
#9003 = DIRECTION('',(0.,-1.));
#9004 = ( GEOMETRIC_REPRESENTATION_CONTEXT(2) 
PARAMETRIC_REPRESENTATION_CONTEXT() REPRESENTATION_CONTEXT('2D SPACE',''
  ) );
#9005 = PCURVE('',#9006,#9011);
#9006 = PLANE('',#9007);
#9007 = AXIS2_PLACEMENT_3D('',#9008,#9009,#9010);
#9008 = CARTESIAN_POINT('',(162.75313807531,7.531380753138E-02,0.));
#9009 = DIRECTION('',(9.999500037497E-03,0.99995000375,-0.));
#9010 = DIRECTION('',(0.99995000375,-9.999500037497E-03,0.));
#9011 = DEFINITIONAL_REPRESENTATION('',(#9012),#9016);
#9012 = LINE('',#9013,#9014);
#9013 = CARTESIAN_POINT('',(0.,0.));
#9014 = VECTOR('',#9015,1.);
#9015 = DIRECTION('',(0.,-1.));
#9016 = ( GEOMETRIC_REPRESENTATION_CONTEXT(2) 
PARAMETRIC_REPRESENTATION_CONTEXT() REPRESENTATION_CONTEXT('2D SPACE',''
  ) );
#9017 = ORIENTED_EDGE('',*,*,#9018,.F.);
#9018 = EDGE_CURVE('',#8915,#8991,#9019,.T.);
#9019 = SURFACE_CURVE('',#9020,(#9024,#9031),.PCURVE_S1.);
#9020 = LINE('',#9021,#9022);
#9021 = CARTESIAN_POINT('',(158.91213389121,1.054393305439,0.));
#9022 = VECTOR('',#9023,1.);
#9023 = DIRECTION('',(0.969014535327,-0.247003705083,0.));
#9024 = PCURVE('',#8930,#9025);
#9025 = DEFINITIONAL_REPRESENTATION('',(#9026),#9030);
#9026 = LINE('',#9027,#9028);
#9027 = CARTESIAN_POINT('',(0.,0.));
#9028 = VECTOR('',#9029,1.);
#9029 = DIRECTION('',(1.,0.));
#9030 = ( GEOMETRIC_REPRESENTATION_CONTEXT(2) 
PARAMETRIC_REPRESENTATION_CONTEXT() REPRESENTATION_CONTEXT('2D SPACE',''
  ) );
#9031 = PCURVE('',#8039,#9032);
#9032 = DEFINITIONAL_REPRESENTATION('',(#9033),#9037);
#9033 = LINE('',#9034,#9035);
#9034 = CARTESIAN_POINT('',(-1.993077781828,-16.64648229015));
#9035 = VECTOR('',#9036,1.);
#9036 = DIRECTION('',(0.969014535327,-0.247003705083));
#9037 = ( GEOMETRIC_REPRESENTATION_CONTEXT(2) 
PARAMETRIC_REPRESENTATION_CONTEXT() REPRESENTATION_CONTEXT('2D SPACE',''
  ) );
#9038 = ADVANCED_FACE('',(#9039),#9006,.F.);
#9039 = FACE_BOUND('',#9040,.F.);
#9040 = EDGE_LOOP('',(#9041,#9042,#9065,#9093));
#9041 = ORIENTED_EDGE('',*,*,#8990,.T.);
#9042 = ORIENTED_EDGE('',*,*,#9043,.T.);
#9043 = EDGE_CURVE('',#8968,#9044,#9046,.T.);
#9044 = VERTEX_POINT('',#9045);
#9045 = CARTESIAN_POINT('',(170.28451882845,0.,3.));
#9046 = SURFACE_CURVE('',#9047,(#9051,#9058),.PCURVE_S1.);
#9047 = LINE('',#9048,#9049);
#9048 = CARTESIAN_POINT('',(162.75313807531,7.531380753138E-02,3.));
#9049 = VECTOR('',#9050,1.);
#9050 = DIRECTION('',(0.99995000375,-9.999500037497E-03,0.));
#9051 = PCURVE('',#9006,#9052);
#9052 = DEFINITIONAL_REPRESENTATION('',(#9053),#9057);
#9053 = LINE('',#9054,#9055);
#9054 = CARTESIAN_POINT('',(0.,-3.));
#9055 = VECTOR('',#9056,1.);
#9056 = DIRECTION('',(1.,0.));
#9057 = ( GEOMETRIC_REPRESENTATION_CONTEXT(2) 
PARAMETRIC_REPRESENTATION_CONTEXT() REPRESENTATION_CONTEXT('2D SPACE',''
  ) );
#9058 = PCURVE('',#7985,#9059);
#9059 = DEFINITIONAL_REPRESENTATION('',(#9060),#9064);
#9060 = LINE('',#9061,#9062);
#9061 = CARTESIAN_POINT('',(1.847926402272,-17.62556178806));
#9062 = VECTOR('',#9063,1.);
#9063 = DIRECTION('',(0.99995000375,-9.999500037497E-03));
#9064 = ( GEOMETRIC_REPRESENTATION_CONTEXT(2) 
PARAMETRIC_REPRESENTATION_CONTEXT() REPRESENTATION_CONTEXT('2D SPACE',''
  ) );
#9065 = ORIENTED_EDGE('',*,*,#9066,.F.);
#9066 = EDGE_CURVE('',#9067,#9044,#9069,.T.);
#9067 = VERTEX_POINT('',#9068);
#9068 = CARTESIAN_POINT('',(170.28451882845,0.,0.));
#9069 = SURFACE_CURVE('',#9070,(#9074,#9081),.PCURVE_S1.);
#9070 = LINE('',#9071,#9072);
#9071 = CARTESIAN_POINT('',(170.28451882845,0.,0.));
#9072 = VECTOR('',#9073,1.);
#9073 = DIRECTION('',(0.,0.,1.));
#9074 = PCURVE('',#9006,#9075);
#9075 = DEFINITIONAL_REPRESENTATION('',(#9076),#9080);
#9076 = LINE('',#9077,#9078);
#9077 = CARTESIAN_POINT('',(7.531757312762,0.));
#9078 = VECTOR('',#9079,1.);
#9079 = DIRECTION('',(0.,-1.));
#9080 = ( GEOMETRIC_REPRESENTATION_CONTEXT(2) 
PARAMETRIC_REPRESENTATION_CONTEXT() REPRESENTATION_CONTEXT('2D SPACE',''
  ) );
#9081 = PCURVE('',#9082,#9087);
#9082 = PLANE('',#9083);
#9083 = AXIS2_PLACEMENT_3D('',#9084,#9085,#9086);
#9084 = CARTESIAN_POINT('',(170.28451882845,0.,0.));
#9085 = DIRECTION('',(-0.624695047554,0.780868809443,0.));
#9086 = DIRECTION('',(0.780868809443,0.624695047554,0.));
#9087 = DEFINITIONAL_REPRESENTATION('',(#9088),#9092);
#9088 = LINE('',#9089,#9090);
#9089 = CARTESIAN_POINT('',(0.,0.));
#9090 = VECTOR('',#9091,1.);
#9091 = DIRECTION('',(0.,-1.));
#9092 = ( GEOMETRIC_REPRESENTATION_CONTEXT(2) 
PARAMETRIC_REPRESENTATION_CONTEXT() REPRESENTATION_CONTEXT('2D SPACE',''
  ) );
#9093 = ORIENTED_EDGE('',*,*,#9094,.F.);
#9094 = EDGE_CURVE('',#8991,#9067,#9095,.T.);
#9095 = SURFACE_CURVE('',#9096,(#9100,#9107),.PCURVE_S1.);
#9096 = LINE('',#9097,#9098);
#9097 = CARTESIAN_POINT('',(162.75313807531,7.531380753138E-02,0.));
#9098 = VECTOR('',#9099,1.);
#9099 = DIRECTION('',(0.99995000375,-9.999500037497E-03,0.));
#9100 = PCURVE('',#9006,#9101);
#9101 = DEFINITIONAL_REPRESENTATION('',(#9102),#9106);
#9102 = LINE('',#9103,#9104);
#9103 = CARTESIAN_POINT('',(0.,0.));
#9104 = VECTOR('',#9105,1.);
#9105 = DIRECTION('',(1.,0.));
#9106 = ( GEOMETRIC_REPRESENTATION_CONTEXT(2) 
PARAMETRIC_REPRESENTATION_CONTEXT() REPRESENTATION_CONTEXT('2D SPACE',''
  ) );
#9107 = PCURVE('',#8039,#9108);
#9108 = DEFINITIONAL_REPRESENTATION('',(#9109),#9113);
#9109 = LINE('',#9110,#9111);
#9110 = CARTESIAN_POINT('',(1.847926402272,-17.62556178806));
#9111 = VECTOR('',#9112,1.);
#9112 = DIRECTION('',(0.99995000375,-9.999500037497E-03));
#9113 = ( GEOMETRIC_REPRESENTATION_CONTEXT(2) 
PARAMETRIC_REPRESENTATION_CONTEXT() REPRESENTATION_CONTEXT('2D SPACE',''
  ) );
#9114 = ADVANCED_FACE('',(#9115),#9082,.F.);
#9115 = FACE_BOUND('',#9116,.F.);
#9116 = EDGE_LOOP('',(#9117,#9118,#9141,#9169));
#9117 = ORIENTED_EDGE('',*,*,#9066,.T.);
#9118 = ORIENTED_EDGE('',*,*,#9119,.T.);
#9119 = EDGE_CURVE('',#9044,#9120,#9122,.T.);
#9120 = VERTEX_POINT('',#9121);
#9121 = CARTESIAN_POINT('',(171.03765690376,0.602510460251,3.));
#9122 = SURFACE_CURVE('',#9123,(#9127,#9134),.PCURVE_S1.);
#9123 = LINE('',#9124,#9125);
#9124 = CARTESIAN_POINT('',(170.28451882845,0.,3.));
#9125 = VECTOR('',#9126,1.);
#9126 = DIRECTION('',(0.780868809443,0.624695047554,0.));
#9127 = PCURVE('',#9082,#9128);
#9128 = DEFINITIONAL_REPRESENTATION('',(#9129),#9133);
#9129 = LINE('',#9130,#9131);
#9130 = CARTESIAN_POINT('',(0.,-3.));
#9131 = VECTOR('',#9132,1.);
#9132 = DIRECTION('',(1.,0.));
#9133 = ( GEOMETRIC_REPRESENTATION_CONTEXT(2) 
PARAMETRIC_REPRESENTATION_CONTEXT() REPRESENTATION_CONTEXT('2D SPACE',''
  ) );
#9134 = PCURVE('',#7985,#9135);
#9135 = DEFINITIONAL_REPRESENTATION('',(#9136),#9140);
#9136 = LINE('',#9137,#9138);
#9137 = CARTESIAN_POINT('',(9.37930715541,-17.70087559559));
#9138 = VECTOR('',#9139,1.);
#9139 = DIRECTION('',(0.780868809443,0.624695047554));
#9140 = ( GEOMETRIC_REPRESENTATION_CONTEXT(2) 
PARAMETRIC_REPRESENTATION_CONTEXT() REPRESENTATION_CONTEXT('2D SPACE',''
  ) );
#9141 = ORIENTED_EDGE('',*,*,#9142,.F.);
#9142 = EDGE_CURVE('',#9143,#9120,#9145,.T.);
#9143 = VERTEX_POINT('',#9144);
#9144 = CARTESIAN_POINT('',(171.03765690376,0.602510460251,0.));
#9145 = SURFACE_CURVE('',#9146,(#9150,#9157),.PCURVE_S1.);
#9146 = LINE('',#9147,#9148);
#9147 = CARTESIAN_POINT('',(171.03765690376,0.602510460251,0.));
#9148 = VECTOR('',#9149,1.);
#9149 = DIRECTION('',(0.,0.,1.));
#9150 = PCURVE('',#9082,#9151);
#9151 = DEFINITIONAL_REPRESENTATION('',(#9152),#9156);
#9152 = LINE('',#9153,#9154);
#9153 = CARTESIAN_POINT('',(0.964487332835,0.));
#9154 = VECTOR('',#9155,1.);
#9155 = DIRECTION('',(0.,-1.));
#9156 = ( GEOMETRIC_REPRESENTATION_CONTEXT(2) 
PARAMETRIC_REPRESENTATION_CONTEXT() REPRESENTATION_CONTEXT('2D SPACE',''
  ) );
#9157 = PCURVE('',#9158,#9163);
#9158 = PLANE('',#9159);
#9159 = AXIS2_PLACEMENT_3D('',#9160,#9161,#9162);
#9160 = CARTESIAN_POINT('',(171.03765690376,0.602510460251,0.));
#9161 = DIRECTION('',(-0.999964092713,-8.474271972141E-03,0.));
#9162 = DIRECTION('',(-8.474271972141E-03,0.999964092713,0.));
#9163 = DEFINITIONAL_REPRESENTATION('',(#9164),#9168);
#9164 = LINE('',#9165,#9166);
#9165 = CARTESIAN_POINT('',(0.,0.));
#9166 = VECTOR('',#9167,1.);
#9167 = DIRECTION('',(0.,-1.));
#9168 = ( GEOMETRIC_REPRESENTATION_CONTEXT(2) 
PARAMETRIC_REPRESENTATION_CONTEXT() REPRESENTATION_CONTEXT('2D SPACE',''
  ) );
#9169 = ORIENTED_EDGE('',*,*,#9170,.F.);
#9170 = EDGE_CURVE('',#9067,#9143,#9171,.T.);
#9171 = SURFACE_CURVE('',#9172,(#9176,#9183),.PCURVE_S1.);
#9172 = LINE('',#9173,#9174);
#9173 = CARTESIAN_POINT('',(170.28451882845,0.,0.));
#9174 = VECTOR('',#9175,1.);
#9175 = DIRECTION('',(0.780868809443,0.624695047554,0.));
#9176 = PCURVE('',#9082,#9177);
#9177 = DEFINITIONAL_REPRESENTATION('',(#9178),#9182);
#9178 = LINE('',#9179,#9180);
#9179 = CARTESIAN_POINT('',(0.,0.));
#9180 = VECTOR('',#9181,1.);
#9181 = DIRECTION('',(1.,0.));
#9182 = ( GEOMETRIC_REPRESENTATION_CONTEXT(2) 
PARAMETRIC_REPRESENTATION_CONTEXT() REPRESENTATION_CONTEXT('2D SPACE',''
  ) );
#9183 = PCURVE('',#8039,#9184);
#9184 = DEFINITIONAL_REPRESENTATION('',(#9185),#9189);
#9185 = LINE('',#9186,#9187);
#9186 = CARTESIAN_POINT('',(9.37930715541,-17.70087559559));
#9187 = VECTOR('',#9188,1.);
#9188 = DIRECTION('',(0.780868809443,0.624695047554));
#9189 = ( GEOMETRIC_REPRESENTATION_CONTEXT(2) 
PARAMETRIC_REPRESENTATION_CONTEXT() REPRESENTATION_CONTEXT('2D SPACE',''
  ) );
#9190 = ADVANCED_FACE('',(#9191),#9158,.F.);
#9191 = FACE_BOUND('',#9192,.F.);
#9192 = EDGE_LOOP('',(#9193,#9194,#9217,#9245));
#9193 = ORIENTED_EDGE('',*,*,#9142,.T.);
#9194 = ORIENTED_EDGE('',*,*,#9195,.T.);
#9195 = EDGE_CURVE('',#9120,#9196,#9198,.T.);
#9196 = VERTEX_POINT('',#9197);
#9197 = CARTESIAN_POINT('',(170.96234309623,9.489539748954,3.));
#9198 = SURFACE_CURVE('',#9199,(#9203,#9210),.PCURVE_S1.);
#9199 = LINE('',#9200,#9201);
#9200 = CARTESIAN_POINT('',(171.03765690376,0.602510460251,3.));
#9201 = VECTOR('',#9202,1.);
#9202 = DIRECTION('',(-8.474271972141E-03,0.999964092713,0.));
#9203 = PCURVE('',#9158,#9204);
#9204 = DEFINITIONAL_REPRESENTATION('',(#9205),#9209);
#9205 = LINE('',#9206,#9207);
#9206 = CARTESIAN_POINT('',(0.,-3.));
#9207 = VECTOR('',#9208,1.);
#9208 = DIRECTION('',(1.,0.));
#9209 = ( GEOMETRIC_REPRESENTATION_CONTEXT(2) 
PARAMETRIC_REPRESENTATION_CONTEXT() REPRESENTATION_CONTEXT('2D SPACE',''
  ) );
#9210 = PCURVE('',#7985,#9211);
#9211 = DEFINITIONAL_REPRESENTATION('',(#9212),#9216);
#9212 = LINE('',#9213,#9214);
#9213 = CARTESIAN_POINT('',(10.132445230724,-17.09836513534));
#9214 = VECTOR('',#9215,1.);
#9215 = DIRECTION('',(-8.474271972141E-03,0.999964092713));
#9216 = ( GEOMETRIC_REPRESENTATION_CONTEXT(2) 
PARAMETRIC_REPRESENTATION_CONTEXT() REPRESENTATION_CONTEXT('2D SPACE',''
  ) );
#9217 = ORIENTED_EDGE('',*,*,#9218,.F.);
#9218 = EDGE_CURVE('',#9219,#9196,#9221,.T.);
#9219 = VERTEX_POINT('',#9220);
#9220 = CARTESIAN_POINT('',(170.96234309623,9.489539748954,0.));
#9221 = SURFACE_CURVE('',#9222,(#9226,#9233),.PCURVE_S1.);
#9222 = LINE('',#9223,#9224);
#9223 = CARTESIAN_POINT('',(170.96234309623,9.489539748954,0.));
#9224 = VECTOR('',#9225,1.);
#9225 = DIRECTION('',(0.,0.,1.));
#9226 = PCURVE('',#9158,#9227);
#9227 = DEFINITIONAL_REPRESENTATION('',(#9228),#9232);
#9228 = LINE('',#9229,#9230);
#9229 = CARTESIAN_POINT('',(8.887348409276,0.));
#9230 = VECTOR('',#9231,1.);
#9231 = DIRECTION('',(0.,-1.));
#9232 = ( GEOMETRIC_REPRESENTATION_CONTEXT(2) 
PARAMETRIC_REPRESENTATION_CONTEXT() REPRESENTATION_CONTEXT('2D SPACE',''
  ) );
#9233 = PCURVE('',#9234,#9239);
#9234 = PLANE('',#9235);
#9235 = AXIS2_PLACEMENT_3D('',#9236,#9237,#9238);
#9236 = CARTESIAN_POINT('',(170.96234309623,9.489539748954,0.));
#9237 = DIRECTION('',(-0.536875492193,-0.843661487732,0.));
#9238 = DIRECTION('',(-0.843661487732,0.536875492193,0.));
#9239 = DEFINITIONAL_REPRESENTATION('',(#9240),#9244);
#9240 = LINE('',#9241,#9242);
#9241 = CARTESIAN_POINT('',(0.,0.));
#9242 = VECTOR('',#9243,1.);
#9243 = DIRECTION('',(0.,-1.));
#9244 = ( GEOMETRIC_REPRESENTATION_CONTEXT(2) 
PARAMETRIC_REPRESENTATION_CONTEXT() REPRESENTATION_CONTEXT('2D SPACE',''
  ) );
#9245 = ORIENTED_EDGE('',*,*,#9246,.F.);
#9246 = EDGE_CURVE('',#9143,#9219,#9247,.T.);
#9247 = SURFACE_CURVE('',#9248,(#9252,#9259),.PCURVE_S1.);
#9248 = LINE('',#9249,#9250);
#9249 = CARTESIAN_POINT('',(171.03765690376,0.602510460251,0.));
#9250 = VECTOR('',#9251,1.);
#9251 = DIRECTION('',(-8.474271972141E-03,0.999964092713,0.));
#9252 = PCURVE('',#9158,#9253);
#9253 = DEFINITIONAL_REPRESENTATION('',(#9254),#9258);
#9254 = LINE('',#9255,#9256);
#9255 = CARTESIAN_POINT('',(0.,0.));
#9256 = VECTOR('',#9257,1.);
#9257 = DIRECTION('',(1.,0.));
#9258 = ( GEOMETRIC_REPRESENTATION_CONTEXT(2) 
PARAMETRIC_REPRESENTATION_CONTEXT() REPRESENTATION_CONTEXT('2D SPACE',''
  ) );
#9259 = PCURVE('',#8039,#9260);
#9260 = DEFINITIONAL_REPRESENTATION('',(#9261),#9265);
#9261 = LINE('',#9262,#9263);
#9262 = CARTESIAN_POINT('',(10.132445230724,-17.09836513534));
#9263 = VECTOR('',#9264,1.);
#9264 = DIRECTION('',(-8.474271972141E-03,0.999964092713));
#9265 = ( GEOMETRIC_REPRESENTATION_CONTEXT(2) 
PARAMETRIC_REPRESENTATION_CONTEXT() REPRESENTATION_CONTEXT('2D SPACE',''
  ) );
#9266 = ADVANCED_FACE('',(#9267),#9234,.F.);
#9267 = FACE_BOUND('',#9268,.F.);
#9268 = EDGE_LOOP('',(#9269,#9270,#9293,#9321));
#9269 = ORIENTED_EDGE('',*,*,#9218,.T.);
#9270 = ORIENTED_EDGE('',*,*,#9271,.T.);
#9271 = EDGE_CURVE('',#9196,#9272,#9274,.T.);
#9272 = VERTEX_POINT('',#9273);
#9273 = CARTESIAN_POINT('',(170.13389121338,10.016736401674,3.));
#9274 = SURFACE_CURVE('',#9275,(#9279,#9286),.PCURVE_S1.);
#9275 = LINE('',#9276,#9277);
#9276 = CARTESIAN_POINT('',(170.96234309623,9.489539748954,3.));
#9277 = VECTOR('',#9278,1.);
#9278 = DIRECTION('',(-0.843661487732,0.536875492193,0.));
#9279 = PCURVE('',#9234,#9280);
#9280 = DEFINITIONAL_REPRESENTATION('',(#9281),#9285);
#9281 = LINE('',#9282,#9283);
#9282 = CARTESIAN_POINT('',(0.,-3.));
#9283 = VECTOR('',#9284,1.);
#9284 = DIRECTION('',(1.,0.));
#9285 = ( GEOMETRIC_REPRESENTATION_CONTEXT(2) 
PARAMETRIC_REPRESENTATION_CONTEXT() REPRESENTATION_CONTEXT('2D SPACE',''
  ) );
#9286 = PCURVE('',#7985,#9287);
#9287 = DEFINITIONAL_REPRESENTATION('',(#9288),#9292);
#9288 = LINE('',#9289,#9290);
#9289 = CARTESIAN_POINT('',(10.057131423193,-8.211335846645));
#9290 = VECTOR('',#9291,1.);
#9291 = DIRECTION('',(-0.843661487732,0.536875492193));
#9292 = ( GEOMETRIC_REPRESENTATION_CONTEXT(2) 
PARAMETRIC_REPRESENTATION_CONTEXT() REPRESENTATION_CONTEXT('2D SPACE',''
  ) );
#9293 = ORIENTED_EDGE('',*,*,#9294,.F.);
#9294 = EDGE_CURVE('',#9295,#9272,#9297,.T.);
#9295 = VERTEX_POINT('',#9296);
#9296 = CARTESIAN_POINT('',(170.13389121338,10.016736401674,0.));
#9297 = SURFACE_CURVE('',#9298,(#9302,#9309),.PCURVE_S1.);
#9298 = LINE('',#9299,#9300);
#9299 = CARTESIAN_POINT('',(170.13389121338,10.016736401674,0.));
#9300 = VECTOR('',#9301,1.);
#9301 = DIRECTION('',(0.,0.,1.));
#9302 = PCURVE('',#9234,#9303);
#9303 = DEFINITIONAL_REPRESENTATION('',(#9304),#9308);
#9304 = LINE('',#9305,#9306);
#9305 = CARTESIAN_POINT('',(0.981971910407,0.));
#9306 = VECTOR('',#9307,1.);
#9307 = DIRECTION('',(0.,-1.));
#9308 = ( GEOMETRIC_REPRESENTATION_CONTEXT(2) 
PARAMETRIC_REPRESENTATION_CONTEXT() REPRESENTATION_CONTEXT('2D SPACE',''
  ) );
#9309 = PCURVE('',#9310,#9315);
#9310 = PLANE('',#9311);
#9311 = AXIS2_PLACEMENT_3D('',#9312,#9313,#9314);
#9312 = CARTESIAN_POINT('',(170.13389121338,10.016736401674,0.));
#9313 = DIRECTION('',(0.,-1.,0.));
#9314 = DIRECTION('',(-1.,0.,0.));
#9315 = DEFINITIONAL_REPRESENTATION('',(#9316),#9320);
#9316 = LINE('',#9317,#9318);
#9317 = CARTESIAN_POINT('',(0.,-0.));
#9318 = VECTOR('',#9319,1.);
#9319 = DIRECTION('',(0.,-1.));
#9320 = ( GEOMETRIC_REPRESENTATION_CONTEXT(2) 
PARAMETRIC_REPRESENTATION_CONTEXT() REPRESENTATION_CONTEXT('2D SPACE',''
  ) );
#9321 = ORIENTED_EDGE('',*,*,#9322,.F.);
#9322 = EDGE_CURVE('',#9219,#9295,#9323,.T.);
#9323 = SURFACE_CURVE('',#9324,(#9328,#9335),.PCURVE_S1.);
#9324 = LINE('',#9325,#9326);
#9325 = CARTESIAN_POINT('',(170.96234309623,9.489539748954,0.));
#9326 = VECTOR('',#9327,1.);
#9327 = DIRECTION('',(-0.843661487732,0.536875492193,0.));
#9328 = PCURVE('',#9234,#9329);
#9329 = DEFINITIONAL_REPRESENTATION('',(#9330),#9334);
#9330 = LINE('',#9331,#9332);
#9331 = CARTESIAN_POINT('',(0.,0.));
#9332 = VECTOR('',#9333,1.);
#9333 = DIRECTION('',(1.,0.));
#9334 = ( GEOMETRIC_REPRESENTATION_CONTEXT(2) 
PARAMETRIC_REPRESENTATION_CONTEXT() REPRESENTATION_CONTEXT('2D SPACE',''
  ) );
#9335 = PCURVE('',#8039,#9336);
#9336 = DEFINITIONAL_REPRESENTATION('',(#9337),#9341);
#9337 = LINE('',#9338,#9339);
#9338 = CARTESIAN_POINT('',(10.057131423193,-8.211335846645));
#9339 = VECTOR('',#9340,1.);
#9340 = DIRECTION('',(-0.843661487732,0.536875492193));
#9341 = ( GEOMETRIC_REPRESENTATION_CONTEXT(2) 
PARAMETRIC_REPRESENTATION_CONTEXT() REPRESENTATION_CONTEXT('2D SPACE',''
  ) );
#9342 = ADVANCED_FACE('',(#9343),#9310,.F.);
#9343 = FACE_BOUND('',#9344,.F.);
#9344 = EDGE_LOOP('',(#9345,#9346,#9369,#9397));
#9345 = ORIENTED_EDGE('',*,*,#9294,.T.);
#9346 = ORIENTED_EDGE('',*,*,#9347,.T.);
#9347 = EDGE_CURVE('',#9272,#9348,#9350,.T.);
#9348 = VERTEX_POINT('',#9349);
#9349 = CARTESIAN_POINT('',(167.0460251046,10.016736401674,3.));
#9350 = SURFACE_CURVE('',#9351,(#9355,#9362),.PCURVE_S1.);
#9351 = LINE('',#9352,#9353);
#9352 = CARTESIAN_POINT('',(170.13389121338,10.016736401674,3.));
#9353 = VECTOR('',#9354,1.);
#9354 = DIRECTION('',(-1.,0.,0.));
#9355 = PCURVE('',#9310,#9356);
#9356 = DEFINITIONAL_REPRESENTATION('',(#9357),#9361);
#9357 = LINE('',#9358,#9359);
#9358 = CARTESIAN_POINT('',(0.,-3.));
#9359 = VECTOR('',#9360,1.);
#9360 = DIRECTION('',(1.,0.));
#9361 = ( GEOMETRIC_REPRESENTATION_CONTEXT(2) 
PARAMETRIC_REPRESENTATION_CONTEXT() REPRESENTATION_CONTEXT('2D SPACE',''
  ) );
#9362 = PCURVE('',#7985,#9363);
#9363 = DEFINITIONAL_REPRESENTATION('',(#9364),#9368);
#9364 = LINE('',#9365,#9366);
#9365 = CARTESIAN_POINT('',(9.228679540347,-7.684139193925));
#9366 = VECTOR('',#9367,1.);
#9367 = DIRECTION('',(-1.,0.));
#9368 = ( GEOMETRIC_REPRESENTATION_CONTEXT(2) 
PARAMETRIC_REPRESENTATION_CONTEXT() REPRESENTATION_CONTEXT('2D SPACE',''
  ) );
#9369 = ORIENTED_EDGE('',*,*,#9370,.F.);
#9370 = EDGE_CURVE('',#9371,#9348,#9373,.T.);
#9371 = VERTEX_POINT('',#9372);
#9372 = CARTESIAN_POINT('',(167.0460251046,10.016736401674,0.));
#9373 = SURFACE_CURVE('',#9374,(#9378,#9385),.PCURVE_S1.);
#9374 = LINE('',#9375,#9376);
#9375 = CARTESIAN_POINT('',(167.0460251046,10.016736401674,0.));
#9376 = VECTOR('',#9377,1.);
#9377 = DIRECTION('',(0.,0.,1.));
#9378 = PCURVE('',#9310,#9379);
#9379 = DEFINITIONAL_REPRESENTATION('',(#9380),#9384);
#9380 = LINE('',#9381,#9382);
#9381 = CARTESIAN_POINT('',(3.087866108787,0.));
#9382 = VECTOR('',#9383,1.);
#9383 = DIRECTION('',(0.,-1.));
#9384 = ( GEOMETRIC_REPRESENTATION_CONTEXT(2) 
PARAMETRIC_REPRESENTATION_CONTEXT() REPRESENTATION_CONTEXT('2D SPACE',''
  ) );
#9385 = PCURVE('',#9386,#9391);
#9386 = PLANE('',#9387);
#9387 = AXIS2_PLACEMENT_3D('',#9388,#9389,#9390);
#9388 = CARTESIAN_POINT('',(167.0460251046,10.016736401674,0.));
#9389 = DIRECTION('',(-0.224859506699,-0.974391195695,0.));
#9390 = DIRECTION('',(-0.974391195695,0.224859506699,0.));
#9391 = DEFINITIONAL_REPRESENTATION('',(#9392),#9396);
#9392 = LINE('',#9393,#9394);
#9393 = CARTESIAN_POINT('',(0.,0.));
#9394 = VECTOR('',#9395,1.);
#9395 = DIRECTION('',(0.,-1.));
#9396 = ( GEOMETRIC_REPRESENTATION_CONTEXT(2) 
PARAMETRIC_REPRESENTATION_CONTEXT() REPRESENTATION_CONTEXT('2D SPACE',''
  ) );
#9397 = ORIENTED_EDGE('',*,*,#9398,.F.);
#9398 = EDGE_CURVE('',#9295,#9371,#9399,.T.);
#9399 = SURFACE_CURVE('',#9400,(#9404,#9411),.PCURVE_S1.);
#9400 = LINE('',#9401,#9402);
#9401 = CARTESIAN_POINT('',(170.13389121338,10.016736401674,0.));
#9402 = VECTOR('',#9403,1.);
#9403 = DIRECTION('',(-1.,0.,0.));
#9404 = PCURVE('',#9310,#9405);
#9405 = DEFINITIONAL_REPRESENTATION('',(#9406),#9410);
#9406 = LINE('',#9407,#9408);
#9407 = CARTESIAN_POINT('',(0.,-0.));
#9408 = VECTOR('',#9409,1.);
#9409 = DIRECTION('',(1.,0.));
#9410 = ( GEOMETRIC_REPRESENTATION_CONTEXT(2) 
PARAMETRIC_REPRESENTATION_CONTEXT() REPRESENTATION_CONTEXT('2D SPACE',''
  ) );
#9411 = PCURVE('',#8039,#9412);
#9412 = DEFINITIONAL_REPRESENTATION('',(#9413),#9417);
#9413 = LINE('',#9414,#9415);
#9414 = CARTESIAN_POINT('',(9.228679540347,-7.684139193925));
#9415 = VECTOR('',#9416,1.);
#9416 = DIRECTION('',(-1.,0.));
#9417 = ( GEOMETRIC_REPRESENTATION_CONTEXT(2) 
PARAMETRIC_REPRESENTATION_CONTEXT() REPRESENTATION_CONTEXT('2D SPACE',''
  ) );
#9418 = ADVANCED_FACE('',(#9419),#9386,.F.);
#9419 = FACE_BOUND('',#9420,.F.);
#9420 = EDGE_LOOP('',(#9421,#9422,#9445,#9473));
#9421 = ORIENTED_EDGE('',*,*,#9370,.T.);
#9422 = ORIENTED_EDGE('',*,*,#9423,.T.);
#9423 = EDGE_CURVE('',#9348,#9424,#9426,.T.);
#9424 = VERTEX_POINT('',#9425);
#9425 = CARTESIAN_POINT('',(164.10878661087,10.694560669456,3.));
#9426 = SURFACE_CURVE('',#9427,(#9431,#9438),.PCURVE_S1.);
#9427 = LINE('',#9428,#9429);
#9428 = CARTESIAN_POINT('',(167.0460251046,10.016736401674,3.));
#9429 = VECTOR('',#9430,1.);
#9430 = DIRECTION('',(-0.974391195695,0.224859506699,0.));
#9431 = PCURVE('',#9386,#9432);
#9432 = DEFINITIONAL_REPRESENTATION('',(#9433),#9437);
#9433 = LINE('',#9434,#9435);
#9434 = CARTESIAN_POINT('',(0.,-3.));
#9435 = VECTOR('',#9436,1.);
#9436 = DIRECTION('',(1.,0.));
#9437 = ( GEOMETRIC_REPRESENTATION_CONTEXT(2) 
PARAMETRIC_REPRESENTATION_CONTEXT() REPRESENTATION_CONTEXT('2D SPACE',''
  ) );
#9438 = PCURVE('',#7985,#9439);
#9439 = DEFINITIONAL_REPRESENTATION('',(#9440),#9444);
#9440 = LINE('',#9441,#9442);
#9441 = CARTESIAN_POINT('',(6.140813431561,-7.684139193925));
#9442 = VECTOR('',#9443,1.);
#9443 = DIRECTION('',(-0.974391195695,0.224859506699));
#9444 = ( GEOMETRIC_REPRESENTATION_CONTEXT(2) 
PARAMETRIC_REPRESENTATION_CONTEXT() REPRESENTATION_CONTEXT('2D SPACE',''
  ) );
#9445 = ORIENTED_EDGE('',*,*,#9446,.F.);
#9446 = EDGE_CURVE('',#9447,#9424,#9449,.T.);
#9447 = VERTEX_POINT('',#9448);
#9448 = CARTESIAN_POINT('',(164.10878661087,10.694560669456,0.));
#9449 = SURFACE_CURVE('',#9450,(#9454,#9461),.PCURVE_S1.);
#9450 = LINE('',#9451,#9452);
#9451 = CARTESIAN_POINT('',(164.10878661087,10.694560669456,0.));
#9452 = VECTOR('',#9453,1.);
#9453 = DIRECTION('',(0.,0.,1.));
#9454 = PCURVE('',#9386,#9455);
#9455 = DEFINITIONAL_REPRESENTATION('',(#9456),#9460);
#9456 = LINE('',#9457,#9458);
#9457 = CARTESIAN_POINT('',(3.014434558422,0.));
#9458 = VECTOR('',#9459,1.);
#9459 = DIRECTION('',(0.,-1.));
#9460 = ( GEOMETRIC_REPRESENTATION_CONTEXT(2) 
PARAMETRIC_REPRESENTATION_CONTEXT() REPRESENTATION_CONTEXT('2D SPACE',''
  ) );
#9461 = PCURVE('',#9462,#9467);
#9462 = PLANE('',#9463);
#9463 = AXIS2_PLACEMENT_3D('',#9464,#9465,#9466);
#9464 = CARTESIAN_POINT('',(164.10878661087,10.694560669456,0.));
#9465 = DIRECTION('',(-0.508729312127,-0.860926528214,0.));
#9466 = DIRECTION('',(-0.860926528214,0.508729312127,0.));
#9467 = DEFINITIONAL_REPRESENTATION('',(#9468),#9472);
#9468 = LINE('',#9469,#9470);
#9469 = CARTESIAN_POINT('',(0.,0.));
#9470 = VECTOR('',#9471,1.);
#9471 = DIRECTION('',(0.,-1.));
#9472 = ( GEOMETRIC_REPRESENTATION_CONTEXT(2) 
PARAMETRIC_REPRESENTATION_CONTEXT() REPRESENTATION_CONTEXT('2D SPACE',''
  ) );
#9473 = ORIENTED_EDGE('',*,*,#9474,.F.);
#9474 = EDGE_CURVE('',#9371,#9447,#9475,.T.);
#9475 = SURFACE_CURVE('',#9476,(#9480,#9487),.PCURVE_S1.);
#9476 = LINE('',#9477,#9478);
#9477 = CARTESIAN_POINT('',(167.0460251046,10.016736401674,0.));
#9478 = VECTOR('',#9479,1.);
#9479 = DIRECTION('',(-0.974391195695,0.224859506699,0.));
#9480 = PCURVE('',#9386,#9481);
#9481 = DEFINITIONAL_REPRESENTATION('',(#9482),#9486);
#9482 = LINE('',#9483,#9484);
#9483 = CARTESIAN_POINT('',(0.,0.));
#9484 = VECTOR('',#9485,1.);
#9485 = DIRECTION('',(1.,0.));
#9486 = ( GEOMETRIC_REPRESENTATION_CONTEXT(2) 
PARAMETRIC_REPRESENTATION_CONTEXT() REPRESENTATION_CONTEXT('2D SPACE',''
  ) );
#9487 = PCURVE('',#8039,#9488);
#9488 = DEFINITIONAL_REPRESENTATION('',(#9489),#9493);
#9489 = LINE('',#9490,#9491);
#9490 = CARTESIAN_POINT('',(6.140813431561,-7.684139193925));
#9491 = VECTOR('',#9492,1.);
#9492 = DIRECTION('',(-0.974391195695,0.224859506699));
#9493 = ( GEOMETRIC_REPRESENTATION_CONTEXT(2) 
PARAMETRIC_REPRESENTATION_CONTEXT() REPRESENTATION_CONTEXT('2D SPACE',''
  ) );
#9494 = ADVANCED_FACE('',(#9495),#9462,.F.);
#9495 = FACE_BOUND('',#9496,.F.);
#9496 = EDGE_LOOP('',(#9497,#9498,#9521,#9549));
#9497 = ORIENTED_EDGE('',*,*,#9446,.T.);
#9498 = ORIENTED_EDGE('',*,*,#9499,.T.);
#9499 = EDGE_CURVE('',#9424,#9500,#9502,.T.);
#9500 = VERTEX_POINT('',#9501);
#9501 = CARTESIAN_POINT('',(162.45188284518,11.673640167364,3.));
#9502 = SURFACE_CURVE('',#9503,(#9507,#9514),.PCURVE_S1.);
#9503 = LINE('',#9504,#9505);
#9504 = CARTESIAN_POINT('',(164.10878661087,10.694560669456,3.));
#9505 = VECTOR('',#9506,1.);
#9506 = DIRECTION('',(-0.860926528214,0.508729312127,0.));
#9507 = PCURVE('',#9462,#9508);
#9508 = DEFINITIONAL_REPRESENTATION('',(#9509),#9513);
#9509 = LINE('',#9510,#9511);
#9510 = CARTESIAN_POINT('',(0.,-3.));
#9511 = VECTOR('',#9512,1.);
#9512 = DIRECTION('',(1.,0.));
#9513 = ( GEOMETRIC_REPRESENTATION_CONTEXT(2) 
PARAMETRIC_REPRESENTATION_CONTEXT() REPRESENTATION_CONTEXT('2D SPACE',''
  ) );
#9514 = PCURVE('',#7985,#9515);
#9515 = DEFINITIONAL_REPRESENTATION('',(#9516),#9520);
#9516 = LINE('',#9517,#9518);
#9517 = CARTESIAN_POINT('',(3.203574937837,-7.006314926143));
#9518 = VECTOR('',#9519,1.);
#9519 = DIRECTION('',(-0.860926528214,0.508729312127));
#9520 = ( GEOMETRIC_REPRESENTATION_CONTEXT(2) 
PARAMETRIC_REPRESENTATION_CONTEXT() REPRESENTATION_CONTEXT('2D SPACE',''
  ) );
#9521 = ORIENTED_EDGE('',*,*,#9522,.F.);
#9522 = EDGE_CURVE('',#9523,#9500,#9525,.T.);
#9523 = VERTEX_POINT('',#9524);
#9524 = CARTESIAN_POINT('',(162.45188284518,11.673640167364,0.));
#9525 = SURFACE_CURVE('',#9526,(#9530,#9537),.PCURVE_S1.);
#9526 = LINE('',#9527,#9528);
#9527 = CARTESIAN_POINT('',(162.45188284518,11.673640167364,0.));
#9528 = VECTOR('',#9529,1.);
#9529 = DIRECTION('',(0.,0.,1.));
#9530 = PCURVE('',#9462,#9531);
#9531 = DEFINITIONAL_REPRESENTATION('',(#9532),#9536);
#9532 = LINE('',#9533,#9534);
#9533 = CARTESIAN_POINT('',(1.924558846069,0.));
#9534 = VECTOR('',#9535,1.);
#9535 = DIRECTION('',(0.,-1.));
#9536 = ( GEOMETRIC_REPRESENTATION_CONTEXT(2) 
PARAMETRIC_REPRESENTATION_CONTEXT() REPRESENTATION_CONTEXT('2D SPACE',''
  ) );
#9537 = PCURVE('',#9538,#9543);
#9538 = PLANE('',#9539);
#9539 = AXIS2_PLACEMENT_3D('',#9540,#9541,#9542);
#9540 = CARTESIAN_POINT('',(162.45188284518,11.673640167364,0.));
#9541 = DIRECTION('',(-0.77675574872,-0.629801958421,0.));
#9542 = DIRECTION('',(-0.629801958421,0.77675574872,0.));
#9543 = DEFINITIONAL_REPRESENTATION('',(#9544),#9548);
#9544 = LINE('',#9545,#9546);
#9545 = CARTESIAN_POINT('',(0.,0.));
#9546 = VECTOR('',#9547,1.);
#9547 = DIRECTION('',(0.,-1.));
#9548 = ( GEOMETRIC_REPRESENTATION_CONTEXT(2) 
PARAMETRIC_REPRESENTATION_CONTEXT() REPRESENTATION_CONTEXT('2D SPACE',''
  ) );
#9549 = ORIENTED_EDGE('',*,*,#9550,.F.);
#9550 = EDGE_CURVE('',#9447,#9523,#9551,.T.);
#9551 = SURFACE_CURVE('',#9552,(#9556,#9563),.PCURVE_S1.);
#9552 = LINE('',#9553,#9554);
#9553 = CARTESIAN_POINT('',(164.10878661087,10.694560669456,0.));
#9554 = VECTOR('',#9555,1.);
#9555 = DIRECTION('',(-0.860926528214,0.508729312127,0.));
#9556 = PCURVE('',#9462,#9557);
#9557 = DEFINITIONAL_REPRESENTATION('',(#9558),#9562);
#9558 = LINE('',#9559,#9560);
#9559 = CARTESIAN_POINT('',(0.,0.));
#9560 = VECTOR('',#9561,1.);
#9561 = DIRECTION('',(1.,0.));
#9562 = ( GEOMETRIC_REPRESENTATION_CONTEXT(2) 
PARAMETRIC_REPRESENTATION_CONTEXT() REPRESENTATION_CONTEXT('2D SPACE',''
  ) );
#9563 = PCURVE('',#8039,#9564);
#9564 = DEFINITIONAL_REPRESENTATION('',(#9565),#9569);
#9565 = LINE('',#9566,#9567);
#9566 = CARTESIAN_POINT('',(3.203574937837,-7.006314926143));
#9567 = VECTOR('',#9568,1.);
#9568 = DIRECTION('',(-0.860926528214,0.508729312127));
#9569 = ( GEOMETRIC_REPRESENTATION_CONTEXT(2) 
PARAMETRIC_REPRESENTATION_CONTEXT() REPRESENTATION_CONTEXT('2D SPACE',''
  ) );
#9570 = ADVANCED_FACE('',(#9571),#9538,.F.);
#9571 = FACE_BOUND('',#9572,.F.);
#9572 = EDGE_LOOP('',(#9573,#9574,#9597,#9625));
#9573 = ORIENTED_EDGE('',*,*,#9522,.T.);
#9574 = ORIENTED_EDGE('',*,*,#9575,.T.);
#9575 = EDGE_CURVE('',#9500,#9576,#9578,.T.);
#9576 = VERTEX_POINT('',#9577);
#9577 = CARTESIAN_POINT('',(160.19246861924,14.460251046025,3.));
#9578 = SURFACE_CURVE('',#9579,(#9583,#9590),.PCURVE_S1.);
#9579 = LINE('',#9580,#9581);
#9580 = CARTESIAN_POINT('',(162.45188284518,11.673640167364,3.));
#9581 = VECTOR('',#9582,1.);
#9582 = DIRECTION('',(-0.629801958421,0.77675574872,0.));
#9583 = PCURVE('',#9538,#9584);
#9584 = DEFINITIONAL_REPRESENTATION('',(#9585),#9589);
#9585 = LINE('',#9586,#9587);
#9586 = CARTESIAN_POINT('',(0.,-3.));
#9587 = VECTOR('',#9588,1.);
#9588 = DIRECTION('',(1.,0.));
#9589 = ( GEOMETRIC_REPRESENTATION_CONTEXT(2) 
PARAMETRIC_REPRESENTATION_CONTEXT() REPRESENTATION_CONTEXT('2D SPACE',''
  ) );
#9590 = PCURVE('',#7985,#9591);
#9591 = DEFINITIONAL_REPRESENTATION('',(#9592),#9596);
#9592 = LINE('',#9593,#9594);
#9593 = CARTESIAN_POINT('',(1.546671172147,-6.027235428235));
#9594 = VECTOR('',#9595,1.);
#9595 = DIRECTION('',(-0.629801958421,0.77675574872));
#9596 = ( GEOMETRIC_REPRESENTATION_CONTEXT(2) 
PARAMETRIC_REPRESENTATION_CONTEXT() REPRESENTATION_CONTEXT('2D SPACE',''
  ) );
#9597 = ORIENTED_EDGE('',*,*,#9598,.F.);
#9598 = EDGE_CURVE('',#9599,#9576,#9601,.T.);
#9599 = VERTEX_POINT('',#9600);
#9600 = CARTESIAN_POINT('',(160.19246861924,14.460251046025,0.));
#9601 = SURFACE_CURVE('',#9602,(#9606,#9613),.PCURVE_S1.);
#9602 = LINE('',#9603,#9604);
#9603 = CARTESIAN_POINT('',(160.19246861924,14.460251046025,0.));
#9604 = VECTOR('',#9605,1.);
#9605 = DIRECTION('',(0.,0.,1.));
#9606 = PCURVE('',#9538,#9607);
#9607 = DEFINITIONAL_REPRESENTATION('',(#9608),#9612);
#9608 = LINE('',#9609,#9610);
#9609 = CARTESIAN_POINT('',(3.587499523827,0.));
#9610 = VECTOR('',#9611,1.);
#9611 = DIRECTION('',(0.,-1.));
#9612 = ( GEOMETRIC_REPRESENTATION_CONTEXT(2) 
PARAMETRIC_REPRESENTATION_CONTEXT() REPRESENTATION_CONTEXT('2D SPACE',''
  ) );
#9613 = PCURVE('',#9614,#9619);
#9614 = PLANE('',#9615);
#9615 = AXIS2_PLACEMENT_3D('',#9616,#9617,#9618);
#9616 = CARTESIAN_POINT('',(160.19246861924,14.460251046025,0.));
#9617 = DIRECTION('',(-0.982155191892,-0.188072270788,0.));
#9618 = DIRECTION('',(-0.188072270788,0.982155191892,0.));
#9619 = DEFINITIONAL_REPRESENTATION('',(#9620),#9624);
#9620 = LINE('',#9621,#9622);
#9621 = CARTESIAN_POINT('',(0.,0.));
#9622 = VECTOR('',#9623,1.);
#9623 = DIRECTION('',(0.,-1.));
#9624 = ( GEOMETRIC_REPRESENTATION_CONTEXT(2) 
PARAMETRIC_REPRESENTATION_CONTEXT() REPRESENTATION_CONTEXT('2D SPACE',''
  ) );
#9625 = ORIENTED_EDGE('',*,*,#9626,.F.);
#9626 = EDGE_CURVE('',#9523,#9599,#9627,.T.);
#9627 = SURFACE_CURVE('',#9628,(#9632,#9639),.PCURVE_S1.);
#9628 = LINE('',#9629,#9630);
#9629 = CARTESIAN_POINT('',(162.45188284518,11.673640167364,0.));
#9630 = VECTOR('',#9631,1.);
#9631 = DIRECTION('',(-0.629801958421,0.77675574872,0.));
#9632 = PCURVE('',#9538,#9633);
#9633 = DEFINITIONAL_REPRESENTATION('',(#9634),#9638);
#9634 = LINE('',#9635,#9636);
#9635 = CARTESIAN_POINT('',(0.,0.));
#9636 = VECTOR('',#9637,1.);
#9637 = DIRECTION('',(1.,0.));
#9638 = ( GEOMETRIC_REPRESENTATION_CONTEXT(2) 
PARAMETRIC_REPRESENTATION_CONTEXT() REPRESENTATION_CONTEXT('2D SPACE',''
  ) );
#9639 = PCURVE('',#8039,#9640);
#9640 = DEFINITIONAL_REPRESENTATION('',(#9641),#9645);
#9641 = LINE('',#9642,#9643);
#9642 = CARTESIAN_POINT('',(1.546671172147,-6.027235428235));
#9643 = VECTOR('',#9644,1.);
#9644 = DIRECTION('',(-0.629801958421,0.77675574872));
#9645 = ( GEOMETRIC_REPRESENTATION_CONTEXT(2) 
PARAMETRIC_REPRESENTATION_CONTEXT() REPRESENTATION_CONTEXT('2D SPACE',''
  ) );
#9646 = ADVANCED_FACE('',(#9647),#9614,.F.);
#9647 = FACE_BOUND('',#9648,.F.);
#9648 = EDGE_LOOP('',(#9649,#9650,#9673,#9701));
#9649 = ORIENTED_EDGE('',*,*,#9598,.T.);
#9650 = ORIENTED_EDGE('',*,*,#9651,.T.);
#9651 = EDGE_CURVE('',#9576,#9652,#9654,.T.);
#9652 = VERTEX_POINT('',#9653);
#9653 = CARTESIAN_POINT('',(159.51464435146,18.,3.));
#9654 = SURFACE_CURVE('',#9655,(#9659,#9666),.PCURVE_S1.);
#9655 = LINE('',#9656,#9657);
#9656 = CARTESIAN_POINT('',(160.19246861924,14.460251046025,3.));
#9657 = VECTOR('',#9658,1.);
#9658 = DIRECTION('',(-0.188072270788,0.982155191892,0.));
#9659 = PCURVE('',#9614,#9660);
#9660 = DEFINITIONAL_REPRESENTATION('',(#9661),#9665);
#9661 = LINE('',#9662,#9663);
#9662 = CARTESIAN_POINT('',(0.,-3.));
#9663 = VECTOR('',#9664,1.);
#9664 = DIRECTION('',(1.,0.));
#9665 = ( GEOMETRIC_REPRESENTATION_CONTEXT(2) 
PARAMETRIC_REPRESENTATION_CONTEXT() REPRESENTATION_CONTEXT('2D SPACE',''
  ) );
#9666 = PCURVE('',#7985,#9667);
#9667 = DEFINITIONAL_REPRESENTATION('',(#9668),#9672);
#9668 = LINE('',#9669,#9670);
#9669 = CARTESIAN_POINT('',(-0.712743053795,-3.240624549574));
#9670 = VECTOR('',#9671,1.);
#9671 = DIRECTION('',(-0.188072270788,0.982155191892));
#9672 = ( GEOMETRIC_REPRESENTATION_CONTEXT(2) 
PARAMETRIC_REPRESENTATION_CONTEXT() REPRESENTATION_CONTEXT('2D SPACE',''
  ) );
#9673 = ORIENTED_EDGE('',*,*,#9674,.F.);
#9674 = EDGE_CURVE('',#9675,#9652,#9677,.T.);
#9675 = VERTEX_POINT('',#9676);
#9676 = CARTESIAN_POINT('',(159.51464435146,18.,0.));
#9677 = SURFACE_CURVE('',#9678,(#9682,#9689),.PCURVE_S1.);
#9678 = LINE('',#9679,#9680);
#9679 = CARTESIAN_POINT('',(159.51464435146,18.,0.));
#9680 = VECTOR('',#9681,1.);
#9681 = DIRECTION('',(0.,0.,1.));
#9682 = PCURVE('',#9614,#9683);
#9683 = DEFINITIONAL_REPRESENTATION('',(#9684),#9688);
#9684 = LINE('',#9685,#9686);
#9685 = CARTESIAN_POINT('',(3.604062762378,0.));
#9686 = VECTOR('',#9687,1.);
#9687 = DIRECTION('',(0.,-1.));
#9688 = ( GEOMETRIC_REPRESENTATION_CONTEXT(2) 
PARAMETRIC_REPRESENTATION_CONTEXT() REPRESENTATION_CONTEXT('2D SPACE',''
  ) );
#9689 = PCURVE('',#9690,#9695);
#9690 = PLANE('',#9691);
#9691 = AXIS2_PLACEMENT_3D('',#9692,#9693,#9694);
#9692 = CARTESIAN_POINT('',(159.51464435146,18.,0.));
#9693 = DIRECTION('',(-0.9838699101,0.1788854382,0.));
#9694 = DIRECTION('',(0.1788854382,0.9838699101,0.));
#9695 = DEFINITIONAL_REPRESENTATION('',(#9696),#9700);
#9696 = LINE('',#9697,#9698);
#9697 = CARTESIAN_POINT('',(0.,0.));
#9698 = VECTOR('',#9699,1.);
#9699 = DIRECTION('',(0.,-1.));
#9700 = ( GEOMETRIC_REPRESENTATION_CONTEXT(2) 
PARAMETRIC_REPRESENTATION_CONTEXT() REPRESENTATION_CONTEXT('2D SPACE',''
  ) );
#9701 = ORIENTED_EDGE('',*,*,#9702,.F.);
#9702 = EDGE_CURVE('',#9599,#9675,#9703,.T.);
#9703 = SURFACE_CURVE('',#9704,(#9708,#9715),.PCURVE_S1.);
#9704 = LINE('',#9705,#9706);
#9705 = CARTESIAN_POINT('',(160.19246861924,14.460251046025,0.));
#9706 = VECTOR('',#9707,1.);
#9707 = DIRECTION('',(-0.188072270788,0.982155191892,0.));
#9708 = PCURVE('',#9614,#9709);
#9709 = DEFINITIONAL_REPRESENTATION('',(#9710),#9714);
#9710 = LINE('',#9711,#9712);
#9711 = CARTESIAN_POINT('',(0.,0.));
#9712 = VECTOR('',#9713,1.);
#9713 = DIRECTION('',(1.,0.));
#9714 = ( GEOMETRIC_REPRESENTATION_CONTEXT(2) 
PARAMETRIC_REPRESENTATION_CONTEXT() REPRESENTATION_CONTEXT('2D SPACE',''
  ) );
#9715 = PCURVE('',#8039,#9716);
#9716 = DEFINITIONAL_REPRESENTATION('',(#9717),#9721);
#9717 = LINE('',#9718,#9719);
#9718 = CARTESIAN_POINT('',(-0.712743053795,-3.240624549574));
#9719 = VECTOR('',#9720,1.);
#9720 = DIRECTION('',(-0.188072270788,0.982155191892));
#9721 = ( GEOMETRIC_REPRESENTATION_CONTEXT(2) 
PARAMETRIC_REPRESENTATION_CONTEXT() REPRESENTATION_CONTEXT('2D SPACE',''
  ) );
#9722 = ADVANCED_FACE('',(#9723),#9690,.F.);
#9723 = FACE_BOUND('',#9724,.F.);
#9724 = EDGE_LOOP('',(#9725,#9726,#9749,#9777));
#9725 = ORIENTED_EDGE('',*,*,#9674,.T.);
#9726 = ORIENTED_EDGE('',*,*,#9727,.T.);
#9727 = EDGE_CURVE('',#9652,#9728,#9730,.T.);
#9728 = VERTEX_POINT('',#9729);
#9729 = CARTESIAN_POINT('',(159.96652719665,20.485355648536,3.));
#9730 = SURFACE_CURVE('',#9731,(#9735,#9742),.PCURVE_S1.);
#9731 = LINE('',#9732,#9733);
#9732 = CARTESIAN_POINT('',(159.51464435146,18.,3.));
#9733 = VECTOR('',#9734,1.);
#9734 = DIRECTION('',(0.1788854382,0.9838699101,0.));
#9735 = PCURVE('',#9690,#9736);
#9736 = DEFINITIONAL_REPRESENTATION('',(#9737),#9741);
#9737 = LINE('',#9738,#9739);
#9738 = CARTESIAN_POINT('',(0.,-3.));
#9739 = VECTOR('',#9740,1.);
#9740 = DIRECTION('',(1.,0.));
#9741 = ( GEOMETRIC_REPRESENTATION_CONTEXT(2) 
PARAMETRIC_REPRESENTATION_CONTEXT() REPRESENTATION_CONTEXT('2D SPACE',''
  ) );
#9742 = PCURVE('',#7985,#9743);
#9743 = DEFINITIONAL_REPRESENTATION('',(#9744),#9748);
#9744 = LINE('',#9745,#9746);
#9745 = CARTESIAN_POINT('',(-1.390567321577,0.299124404401));
#9746 = VECTOR('',#9747,1.);
#9747 = DIRECTION('',(0.1788854382,0.9838699101));
#9748 = ( GEOMETRIC_REPRESENTATION_CONTEXT(2) 
PARAMETRIC_REPRESENTATION_CONTEXT() REPRESENTATION_CONTEXT('2D SPACE',''
  ) );
#9749 = ORIENTED_EDGE('',*,*,#9750,.F.);
#9750 = EDGE_CURVE('',#9751,#9728,#9753,.T.);
#9751 = VERTEX_POINT('',#9752);
#9752 = CARTESIAN_POINT('',(159.96652719665,20.485355648536,0.));
#9753 = SURFACE_CURVE('',#9754,(#9758,#9765),.PCURVE_S1.);
#9754 = LINE('',#9755,#9756);
#9755 = CARTESIAN_POINT('',(159.96652719665,20.485355648536,0.));
#9756 = VECTOR('',#9757,1.);
#9757 = DIRECTION('',(0.,0.,1.));
#9758 = PCURVE('',#9690,#9759);
#9759 = DEFINITIONAL_REPRESENTATION('',(#9760),#9764);
#9760 = LINE('',#9761,#9762);
#9761 = CARTESIAN_POINT('',(2.526101899268,0.));
#9762 = VECTOR('',#9763,1.);
#9763 = DIRECTION('',(0.,-1.));
#9764 = ( GEOMETRIC_REPRESENTATION_CONTEXT(2) 
PARAMETRIC_REPRESENTATION_CONTEXT() REPRESENTATION_CONTEXT('2D SPACE',''
  ) );
#9765 = PCURVE('',#9766,#9771);
#9766 = PLANE('',#9767);
#9767 = AXIS2_PLACEMENT_3D('',#9768,#9769,#9770);
#9768 = CARTESIAN_POINT('',(159.96652719665,20.485355648536,0.));
#9769 = DIRECTION('',(-0.903737838894,0.428086344739,0.));
#9770 = DIRECTION('',(0.428086344739,0.903737838894,0.));
#9771 = DEFINITIONAL_REPRESENTATION('',(#9772),#9776);
#9772 = LINE('',#9773,#9774);
#9773 = CARTESIAN_POINT('',(0.,0.));
#9774 = VECTOR('',#9775,1.);
#9775 = DIRECTION('',(0.,-1.));
#9776 = ( GEOMETRIC_REPRESENTATION_CONTEXT(2) 
PARAMETRIC_REPRESENTATION_CONTEXT() REPRESENTATION_CONTEXT('2D SPACE',''
  ) );
#9777 = ORIENTED_EDGE('',*,*,#9778,.F.);
#9778 = EDGE_CURVE('',#9675,#9751,#9779,.T.);
#9779 = SURFACE_CURVE('',#9780,(#9784,#9791),.PCURVE_S1.);
#9780 = LINE('',#9781,#9782);
#9781 = CARTESIAN_POINT('',(159.51464435146,18.,0.));
#9782 = VECTOR('',#9783,1.);
#9783 = DIRECTION('',(0.1788854382,0.9838699101,0.));
#9784 = PCURVE('',#9690,#9785);
#9785 = DEFINITIONAL_REPRESENTATION('',(#9786),#9790);
#9786 = LINE('',#9787,#9788);
#9787 = CARTESIAN_POINT('',(0.,0.));
#9788 = VECTOR('',#9789,1.);
#9789 = DIRECTION('',(1.,0.));
#9790 = ( GEOMETRIC_REPRESENTATION_CONTEXT(2) 
PARAMETRIC_REPRESENTATION_CONTEXT() REPRESENTATION_CONTEXT('2D SPACE',''
  ) );
#9791 = PCURVE('',#8039,#9792);
#9792 = DEFINITIONAL_REPRESENTATION('',(#9793),#9797);
#9793 = LINE('',#9794,#9795);
#9794 = CARTESIAN_POINT('',(-1.390567321577,0.299124404401));
#9795 = VECTOR('',#9796,1.);
#9796 = DIRECTION('',(0.1788854382,0.9838699101));
#9797 = ( GEOMETRIC_REPRESENTATION_CONTEXT(2) 
PARAMETRIC_REPRESENTATION_CONTEXT() REPRESENTATION_CONTEXT('2D SPACE',''
  ) );
#9798 = ADVANCED_FACE('',(#9799),#9766,.F.);
#9799 = FACE_BOUND('',#9800,.F.);
#9800 = EDGE_LOOP('',(#9801,#9802,#9825,#9853));
#9801 = ORIENTED_EDGE('',*,*,#9750,.T.);
#9802 = ORIENTED_EDGE('',*,*,#9803,.T.);
#9803 = EDGE_CURVE('',#9728,#9804,#9806,.T.);
#9804 = VERTEX_POINT('',#9805);
#9805 = CARTESIAN_POINT('',(160.64435146443,21.916317991632,3.));
#9806 = SURFACE_CURVE('',#9807,(#9811,#9818),.PCURVE_S1.);
#9807 = LINE('',#9808,#9809);
#9808 = CARTESIAN_POINT('',(159.96652719665,20.485355648536,3.));
#9809 = VECTOR('',#9810,1.);
#9810 = DIRECTION('',(0.428086344739,0.903737838894,0.));
#9811 = PCURVE('',#9766,#9812);
#9812 = DEFINITIONAL_REPRESENTATION('',(#9813),#9817);
#9813 = LINE('',#9814,#9815);
#9814 = CARTESIAN_POINT('',(0.,-3.));
#9815 = VECTOR('',#9816,1.);
#9816 = DIRECTION('',(1.,0.));
#9817 = ( GEOMETRIC_REPRESENTATION_CONTEXT(2) 
PARAMETRIC_REPRESENTATION_CONTEXT() REPRESENTATION_CONTEXT('2D SPACE',''
  ) );
#9818 = PCURVE('',#7985,#9819);
#9819 = DEFINITIONAL_REPRESENTATION('',(#9820),#9824);
#9820 = LINE('',#9821,#9822);
#9821 = CARTESIAN_POINT('',(-0.938684476389,2.784480052937));
#9822 = VECTOR('',#9823,1.);
#9823 = DIRECTION('',(0.428086344739,0.903737838894));
#9824 = ( GEOMETRIC_REPRESENTATION_CONTEXT(2) 
PARAMETRIC_REPRESENTATION_CONTEXT() REPRESENTATION_CONTEXT('2D SPACE',''
  ) );
#9825 = ORIENTED_EDGE('',*,*,#9826,.F.);
#9826 = EDGE_CURVE('',#9827,#9804,#9829,.T.);
#9827 = VERTEX_POINT('',#9828);
#9828 = CARTESIAN_POINT('',(160.64435146443,21.916317991632,0.));
#9829 = SURFACE_CURVE('',#9830,(#9834,#9841),.PCURVE_S1.);
#9830 = LINE('',#9831,#9832);
#9831 = CARTESIAN_POINT('',(160.64435146443,21.916317991632,0.));
#9832 = VECTOR('',#9833,1.);
#9833 = DIRECTION('',(0.,0.,1.));
#9834 = PCURVE('',#9766,#9835);
#9835 = DEFINITIONAL_REPRESENTATION('',(#9836),#9840);
#9836 = LINE('',#9837,#9838);
#9837 = CARTESIAN_POINT('',(1.583382128658,0.));
#9838 = VECTOR('',#9839,1.);
#9839 = DIRECTION('',(0.,-1.));
#9840 = ( GEOMETRIC_REPRESENTATION_CONTEXT(2) 
PARAMETRIC_REPRESENTATION_CONTEXT() REPRESENTATION_CONTEXT('2D SPACE',''
  ) );
#9841 = PCURVE('',#9842,#9847);
#9842 = PLANE('',#9843);
#9843 = AXIS2_PLACEMENT_3D('',#9844,#9845,#9846);
#9844 = CARTESIAN_POINT('',(160.64435146443,21.916317991632,0.));
#9845 = DIRECTION('',(-0.707106781187,0.707106781187,0.));
#9846 = DIRECTION('',(0.707106781187,0.707106781187,0.));
#9847 = DEFINITIONAL_REPRESENTATION('',(#9848),#9852);
#9848 = LINE('',#9849,#9850);
#9849 = CARTESIAN_POINT('',(0.,0.));
#9850 = VECTOR('',#9851,1.);
#9851 = DIRECTION('',(0.,-1.));
#9852 = ( GEOMETRIC_REPRESENTATION_CONTEXT(2) 
PARAMETRIC_REPRESENTATION_CONTEXT() REPRESENTATION_CONTEXT('2D SPACE',''
  ) );
#9853 = ORIENTED_EDGE('',*,*,#9854,.F.);
#9854 = EDGE_CURVE('',#9751,#9827,#9855,.T.);
#9855 = SURFACE_CURVE('',#9856,(#9860,#9867),.PCURVE_S1.);
#9856 = LINE('',#9857,#9858);
#9857 = CARTESIAN_POINT('',(159.96652719665,20.485355648536,0.));
#9858 = VECTOR('',#9859,1.);
#9859 = DIRECTION('',(0.428086344739,0.903737838894,0.));
#9860 = PCURVE('',#9766,#9861);
#9861 = DEFINITIONAL_REPRESENTATION('',(#9862),#9866);
#9862 = LINE('',#9863,#9864);
#9863 = CARTESIAN_POINT('',(0.,0.));
#9864 = VECTOR('',#9865,1.);
#9865 = DIRECTION('',(1.,0.));
#9866 = ( GEOMETRIC_REPRESENTATION_CONTEXT(2) 
PARAMETRIC_REPRESENTATION_CONTEXT() REPRESENTATION_CONTEXT('2D SPACE',''
  ) );
#9867 = PCURVE('',#8039,#9868);
#9868 = DEFINITIONAL_REPRESENTATION('',(#9869),#9873);
#9869 = LINE('',#9870,#9871);
#9870 = CARTESIAN_POINT('',(-0.938684476389,2.784480052937));
#9871 = VECTOR('',#9872,1.);
#9872 = DIRECTION('',(0.428086344739,0.903737838894));
#9873 = ( GEOMETRIC_REPRESENTATION_CONTEXT(2) 
PARAMETRIC_REPRESENTATION_CONTEXT() REPRESENTATION_CONTEXT('2D SPACE',''
  ) );
#9874 = ADVANCED_FACE('',(#9875),#9842,.F.);
#9875 = FACE_BOUND('',#9876,.F.);
#9876 = EDGE_LOOP('',(#9877,#9878,#9901,#9929));
#9877 = ORIENTED_EDGE('',*,*,#9826,.T.);
#9878 = ORIENTED_EDGE('',*,*,#9879,.T.);
#9879 = EDGE_CURVE('',#9804,#9880,#9882,.T.);
#9880 = VERTEX_POINT('',#9881);
#9881 = CARTESIAN_POINT('',(162.9790794979,24.251046025105,3.));
#9882 = SURFACE_CURVE('',#9883,(#9887,#9894),.PCURVE_S1.);
#9883 = LINE('',#9884,#9885);
#9884 = CARTESIAN_POINT('',(160.64435146443,21.916317991632,3.));
#9885 = VECTOR('',#9886,1.);
#9886 = DIRECTION('',(0.707106781187,0.707106781187,0.));
#9887 = PCURVE('',#9842,#9888);
#9888 = DEFINITIONAL_REPRESENTATION('',(#9889),#9893);
#9889 = LINE('',#9890,#9891);
#9890 = CARTESIAN_POINT('',(0.,-3.));
#9891 = VECTOR('',#9892,1.);
#9892 = DIRECTION('',(1.,0.));
#9893 = ( GEOMETRIC_REPRESENTATION_CONTEXT(2) 
PARAMETRIC_REPRESENTATION_CONTEXT() REPRESENTATION_CONTEXT('2D SPACE',''
  ) );
#9894 = PCURVE('',#7985,#9895);
#9895 = DEFINITIONAL_REPRESENTATION('',(#9896),#9900);
#9896 = LINE('',#9897,#9898);
#9897 = CARTESIAN_POINT('',(-0.260860208607,4.215442396033));
#9898 = VECTOR('',#9899,1.);
#9899 = DIRECTION('',(0.707106781187,0.707106781187));
#9900 = ( GEOMETRIC_REPRESENTATION_CONTEXT(2) 
PARAMETRIC_REPRESENTATION_CONTEXT() REPRESENTATION_CONTEXT('2D SPACE',''
  ) );
#9901 = ORIENTED_EDGE('',*,*,#9902,.F.);
#9902 = EDGE_CURVE('',#9903,#9880,#9905,.T.);
#9903 = VERTEX_POINT('',#9904);
#9904 = CARTESIAN_POINT('',(162.9790794979,24.251046025105,0.));
#9905 = SURFACE_CURVE('',#9906,(#9910,#9917),.PCURVE_S1.);
#9906 = LINE('',#9907,#9908);
#9907 = CARTESIAN_POINT('',(162.9790794979,24.251046025105,0.));
#9908 = VECTOR('',#9909,1.);
#9909 = DIRECTION('',(0.,0.,1.));
#9910 = PCURVE('',#9842,#9911);
#9911 = DEFINITIONAL_REPRESENTATION('',(#9912),#9916);
#9912 = LINE('',#9913,#9914);
#9913 = CARTESIAN_POINT('',(3.30180404939,0.));
#9914 = VECTOR('',#9915,1.);
#9915 = DIRECTION('',(0.,-1.));
#9916 = ( GEOMETRIC_REPRESENTATION_CONTEXT(2) 
PARAMETRIC_REPRESENTATION_CONTEXT() REPRESENTATION_CONTEXT('2D SPACE',''
  ) );
#9917 = PCURVE('',#9918,#9923);
#9918 = PLANE('',#9919);
#9919 = AXIS2_PLACEMENT_3D('',#9920,#9921,#9922);
#9920 = CARTESIAN_POINT('',(162.9790794979,24.251046025105,0.));
#9921 = DIRECTION('',(-0.376377046956,0.926466577122,0.));
#9922 = DIRECTION('',(0.926466577122,0.376377046956,0.));
#9923 = DEFINITIONAL_REPRESENTATION('',(#9924),#9928);
#9924 = LINE('',#9925,#9926);
#9925 = CARTESIAN_POINT('',(0.,0.));
#9926 = VECTOR('',#9927,1.);
#9927 = DIRECTION('',(0.,-1.));
#9928 = ( GEOMETRIC_REPRESENTATION_CONTEXT(2) 
PARAMETRIC_REPRESENTATION_CONTEXT() REPRESENTATION_CONTEXT('2D SPACE',''
  ) );
#9929 = ORIENTED_EDGE('',*,*,#9930,.F.);
#9930 = EDGE_CURVE('',#9827,#9903,#9931,.T.);
#9931 = SURFACE_CURVE('',#9932,(#9936,#9943),.PCURVE_S1.);
#9932 = LINE('',#9933,#9934);
#9933 = CARTESIAN_POINT('',(160.64435146443,21.916317991632,0.));
#9934 = VECTOR('',#9935,1.);
#9935 = DIRECTION('',(0.707106781187,0.707106781187,0.));
#9936 = PCURVE('',#9842,#9937);
#9937 = DEFINITIONAL_REPRESENTATION('',(#9938),#9942);
#9938 = LINE('',#9939,#9940);
#9939 = CARTESIAN_POINT('',(0.,0.));
#9940 = VECTOR('',#9941,1.);
#9941 = DIRECTION('',(1.,0.));
#9942 = ( GEOMETRIC_REPRESENTATION_CONTEXT(2) 
PARAMETRIC_REPRESENTATION_CONTEXT() REPRESENTATION_CONTEXT('2D SPACE',''
  ) );
#9943 = PCURVE('',#8039,#9944);
#9944 = DEFINITIONAL_REPRESENTATION('',(#9945),#9949);
#9945 = LINE('',#9946,#9947);
#9946 = CARTESIAN_POINT('',(-0.260860208607,4.215442396033));
#9947 = VECTOR('',#9948,1.);
#9948 = DIRECTION('',(0.707106781187,0.707106781187));
#9949 = ( GEOMETRIC_REPRESENTATION_CONTEXT(2) 
PARAMETRIC_REPRESENTATION_CONTEXT() REPRESENTATION_CONTEXT('2D SPACE',''
  ) );
#9950 = ADVANCED_FACE('',(#9951),#9918,.F.);
#9951 = FACE_BOUND('',#9952,.F.);
#9952 = EDGE_LOOP('',(#9953,#9954,#9977,#10005));
#9953 = ORIENTED_EDGE('',*,*,#9902,.T.);
#9954 = ORIENTED_EDGE('',*,*,#9955,.T.);
#9955 = EDGE_CURVE('',#9880,#9956,#9958,.T.);
#9956 = VERTEX_POINT('',#9957);
#9957 = CARTESIAN_POINT('',(165.38912133891,25.230125523013,3.));
#9958 = SURFACE_CURVE('',#9959,(#9963,#9970),.PCURVE_S1.);
#9959 = LINE('',#9960,#9961);
#9960 = CARTESIAN_POINT('',(162.9790794979,24.251046025105,3.));
#9961 = VECTOR('',#9962,1.);
#9962 = DIRECTION('',(0.926466577122,0.376377046956,0.));
#9963 = PCURVE('',#9918,#9964);
#9964 = DEFINITIONAL_REPRESENTATION('',(#9965),#9969);
#9965 = LINE('',#9966,#9967);
#9966 = CARTESIAN_POINT('',(0.,-3.));
#9967 = VECTOR('',#9968,1.);
#9968 = DIRECTION('',(1.,0.));
#9969 = ( GEOMETRIC_REPRESENTATION_CONTEXT(2) 
PARAMETRIC_REPRESENTATION_CONTEXT() REPRESENTATION_CONTEXT('2D SPACE',''
  ) );
#9970 = PCURVE('',#7985,#9971);
#9971 = DEFINITIONAL_REPRESENTATION('',(#9972),#9976);
#9972 = LINE('',#9973,#9974);
#9973 = CARTESIAN_POINT('',(2.073867824866,6.550170429506));
#9974 = VECTOR('',#9975,1.);
#9975 = DIRECTION('',(0.926466577122,0.376377046956));
#9976 = ( GEOMETRIC_REPRESENTATION_CONTEXT(2) 
PARAMETRIC_REPRESENTATION_CONTEXT() REPRESENTATION_CONTEXT('2D SPACE',''
  ) );
#9977 = ORIENTED_EDGE('',*,*,#9978,.F.);
#9978 = EDGE_CURVE('',#9979,#9956,#9981,.T.);
#9979 = VERTEX_POINT('',#9980);
#9980 = CARTESIAN_POINT('',(165.38912133891,25.230125523013,0.));
#9981 = SURFACE_CURVE('',#9982,(#9986,#9993),.PCURVE_S1.);
#9982 = LINE('',#9983,#9984);
#9983 = CARTESIAN_POINT('',(165.38912133891,25.230125523013,0.));
#9984 = VECTOR('',#9985,1.);
#9985 = DIRECTION('',(0.,0.,1.));
#9986 = PCURVE('',#9918,#9987);
#9987 = DEFINITIONAL_REPRESENTATION('',(#9988),#9992);
#9988 = LINE('',#9989,#9990);
#9989 = CARTESIAN_POINT('',(2.601326265314,0.));
#9990 = VECTOR('',#9991,1.);
#9991 = DIRECTION('',(0.,-1.));
#9992 = ( GEOMETRIC_REPRESENTATION_CONTEXT(2) 
PARAMETRIC_REPRESENTATION_CONTEXT() REPRESENTATION_CONTEXT('2D SPACE',''
  ) );
#9993 = PCURVE('',#9994,#9999);
#9994 = PLANE('',#9995);
#9995 = AXIS2_PLACEMENT_3D('',#9996,#9997,#9998);
#9996 = CARTESIAN_POINT('',(165.38912133891,25.230125523013,0.));
#9997 = DIRECTION('',(-4.61047666084E-02,0.998936609849,0.));
#9998 = DIRECTION('',(0.998936609849,4.61047666084E-02,0.));
#9999 = DEFINITIONAL_REPRESENTATION('',(#10000),#10004);
#10000 = LINE('',#10001,#10002);
#10001 = CARTESIAN_POINT('',(0.,0.));
#10002 = VECTOR('',#10003,1.);
#10003 = DIRECTION('',(0.,-1.));
#10004 = ( GEOMETRIC_REPRESENTATION_CONTEXT(2) 
PARAMETRIC_REPRESENTATION_CONTEXT() REPRESENTATION_CONTEXT('2D SPACE',''
  ) );
#10005 = ORIENTED_EDGE('',*,*,#10006,.F.);
#10006 = EDGE_CURVE('',#9903,#9979,#10007,.T.);
#10007 = SURFACE_CURVE('',#10008,(#10012,#10019),.PCURVE_S1.);
#10008 = LINE('',#10009,#10010);
#10009 = CARTESIAN_POINT('',(162.9790794979,24.251046025105,0.));
#10010 = VECTOR('',#10011,1.);
#10011 = DIRECTION('',(0.926466577122,0.376377046956,0.));
#10012 = PCURVE('',#9918,#10013);
#10013 = DEFINITIONAL_REPRESENTATION('',(#10014),#10018);
#10014 = LINE('',#10015,#10016);
#10015 = CARTESIAN_POINT('',(0.,0.));
#10016 = VECTOR('',#10017,1.);
#10017 = DIRECTION('',(1.,0.));
#10018 = ( GEOMETRIC_REPRESENTATION_CONTEXT(2) 
PARAMETRIC_REPRESENTATION_CONTEXT() REPRESENTATION_CONTEXT('2D SPACE',''
  ) );
#10019 = PCURVE('',#8039,#10020);
#10020 = DEFINITIONAL_REPRESENTATION('',(#10021),#10025);
#10021 = LINE('',#10022,#10023);
#10022 = CARTESIAN_POINT('',(2.073867824866,6.550170429506));
#10023 = VECTOR('',#10024,1.);
#10024 = DIRECTION('',(0.926466577122,0.376377046956));
#10025 = ( GEOMETRIC_REPRESENTATION_CONTEXT(2) 
PARAMETRIC_REPRESENTATION_CONTEXT() REPRESENTATION_CONTEXT('2D SPACE',''
  ) );
#10026 = ADVANCED_FACE('',(#10027),#9994,.F.);
#10027 = FACE_BOUND('',#10028,.F.);
#10028 = EDGE_LOOP('',(#10029,#10030,#10053,#10081));
#10029 = ORIENTED_EDGE('',*,*,#9978,.T.);
#10030 = ORIENTED_EDGE('',*,*,#10031,.T.);
#10031 = EDGE_CURVE('',#9956,#10032,#10034,.T.);
#10032 = VERTEX_POINT('',#10033);
#10033 = CARTESIAN_POINT('',(170.28451882845,25.456066945607,3.));
#10034 = SURFACE_CURVE('',#10035,(#10039,#10046),.PCURVE_S1.);
#10035 = LINE('',#10036,#10037);
#10036 = CARTESIAN_POINT('',(165.38912133891,25.230125523013,3.));
#10037 = VECTOR('',#10038,1.);
#10038 = DIRECTION('',(0.998936609849,4.61047666084E-02,0.));
#10039 = PCURVE('',#9994,#10040);
#10040 = DEFINITIONAL_REPRESENTATION('',(#10041),#10045);
#10041 = LINE('',#10042,#10043);
#10042 = CARTESIAN_POINT('',(0.,-3.));
#10043 = VECTOR('',#10044,1.);
#10044 = DIRECTION('',(1.,0.));
#10045 = ( GEOMETRIC_REPRESENTATION_CONTEXT(2) 
PARAMETRIC_REPRESENTATION_CONTEXT() REPRESENTATION_CONTEXT('2D SPACE',''
  ) );
#10046 = PCURVE('',#7985,#10047);
#10047 = DEFINITIONAL_REPRESENTATION('',(#10048),#10052);
#10048 = LINE('',#10049,#10050);
#10049 = CARTESIAN_POINT('',(4.48390966587,7.529249927414));
#10050 = VECTOR('',#10051,1.);
#10051 = DIRECTION('',(0.998936609849,4.61047666084E-02));
#10052 = ( GEOMETRIC_REPRESENTATION_CONTEXT(2) 
PARAMETRIC_REPRESENTATION_CONTEXT() REPRESENTATION_CONTEXT('2D SPACE',''
  ) );
#10053 = ORIENTED_EDGE('',*,*,#10054,.F.);
#10054 = EDGE_CURVE('',#10055,#10032,#10057,.T.);
#10055 = VERTEX_POINT('',#10056);
#10056 = CARTESIAN_POINT('',(170.28451882845,25.456066945607,0.));
#10057 = SURFACE_CURVE('',#10058,(#10062,#10069),.PCURVE_S1.);
#10058 = LINE('',#10059,#10060);
#10059 = CARTESIAN_POINT('',(170.28451882845,25.456066945607,0.));
#10060 = VECTOR('',#10061,1.);
#10061 = DIRECTION('',(0.,0.,1.));
#10062 = PCURVE('',#9994,#10063);
#10063 = DEFINITIONAL_REPRESENTATION('',(#10064),#10068);
#10064 = LINE('',#10065,#10066);
#10065 = CARTESIAN_POINT('',(4.900608748618,0.));
#10066 = VECTOR('',#10067,1.);
#10067 = DIRECTION('',(0.,-1.));
#10068 = ( GEOMETRIC_REPRESENTATION_CONTEXT(2) 
PARAMETRIC_REPRESENTATION_CONTEXT() REPRESENTATION_CONTEXT('2D SPACE',''
  ) );
#10069 = PCURVE('',#10070,#10075);
#10070 = PLANE('',#10071);
#10071 = AXIS2_PLACEMENT_3D('',#10072,#10073,#10074);
#10072 = CARTESIAN_POINT('',(170.28451882845,25.456066945607,0.));
#10073 = DIRECTION('',(-0.581238193719,0.813733471207,0.));
#10074 = DIRECTION('',(0.813733471207,0.581238193719,0.));
#10075 = DEFINITIONAL_REPRESENTATION('',(#10076),#10080);
#10076 = LINE('',#10077,#10078);
#10077 = CARTESIAN_POINT('',(0.,0.));
#10078 = VECTOR('',#10079,1.);
#10079 = DIRECTION('',(0.,-1.));
#10080 = ( GEOMETRIC_REPRESENTATION_CONTEXT(2) 
PARAMETRIC_REPRESENTATION_CONTEXT() REPRESENTATION_CONTEXT('2D SPACE',''
  ) );
#10081 = ORIENTED_EDGE('',*,*,#10082,.F.);
#10082 = EDGE_CURVE('',#9979,#10055,#10083,.T.);
#10083 = SURFACE_CURVE('',#10084,(#10088,#10095),.PCURVE_S1.);
#10084 = LINE('',#10085,#10086);
#10085 = CARTESIAN_POINT('',(165.38912133891,25.230125523013,0.));
#10086 = VECTOR('',#10087,1.);
#10087 = DIRECTION('',(0.998936609849,4.61047666084E-02,0.));
#10088 = PCURVE('',#9994,#10089);
#10089 = DEFINITIONAL_REPRESENTATION('',(#10090),#10094);
#10090 = LINE('',#10091,#10092);
#10091 = CARTESIAN_POINT('',(0.,0.));
#10092 = VECTOR('',#10093,1.);
#10093 = DIRECTION('',(1.,0.));
#10094 = ( GEOMETRIC_REPRESENTATION_CONTEXT(2) 
PARAMETRIC_REPRESENTATION_CONTEXT() REPRESENTATION_CONTEXT('2D SPACE',''
  ) );
#10095 = PCURVE('',#8039,#10096);
#10096 = DEFINITIONAL_REPRESENTATION('',(#10097),#10101);
#10097 = LINE('',#10098,#10099);
#10098 = CARTESIAN_POINT('',(4.48390966587,7.529249927414));
#10099 = VECTOR('',#10100,1.);
#10100 = DIRECTION('',(0.998936609849,4.61047666084E-02));
#10101 = ( GEOMETRIC_REPRESENTATION_CONTEXT(2) 
PARAMETRIC_REPRESENTATION_CONTEXT() REPRESENTATION_CONTEXT('2D SPACE',''
  ) );
#10102 = ADVANCED_FACE('',(#10103),#10070,.F.);
#10103 = FACE_BOUND('',#10104,.F.);
#10104 = EDGE_LOOP('',(#10105,#10106,#10129,#10157));
#10105 = ORIENTED_EDGE('',*,*,#10054,.T.);
#10106 = ORIENTED_EDGE('',*,*,#10107,.T.);
#10107 = EDGE_CURVE('',#10032,#10108,#10110,.T.);
#10108 = VERTEX_POINT('',#10109);
#10109 = CARTESIAN_POINT('',(170.81171548117,25.832635983264,3.));
#10110 = SURFACE_CURVE('',#10111,(#10115,#10122),.PCURVE_S1.);
#10111 = LINE('',#10112,#10113);
#10112 = CARTESIAN_POINT('',(170.28451882845,25.456066945607,3.));
#10113 = VECTOR('',#10114,1.);
#10114 = DIRECTION('',(0.813733471207,0.581238193719,0.));
#10115 = PCURVE('',#10070,#10116);
#10116 = DEFINITIONAL_REPRESENTATION('',(#10117),#10121);
#10117 = LINE('',#10118,#10119);
#10118 = CARTESIAN_POINT('',(0.,-3.));
#10119 = VECTOR('',#10120,1.);
#10120 = DIRECTION('',(1.,0.));
#10121 = ( GEOMETRIC_REPRESENTATION_CONTEXT(2) 
PARAMETRIC_REPRESENTATION_CONTEXT() REPRESENTATION_CONTEXT('2D SPACE',''
  ) );
#10122 = PCURVE('',#7985,#10123);
#10123 = DEFINITIONAL_REPRESENTATION('',(#10124),#10128);
#10124 = LINE('',#10125,#10126);
#10125 = CARTESIAN_POINT('',(9.37930715541,7.755191350008));
#10126 = VECTOR('',#10127,1.);
#10127 = DIRECTION('',(0.813733471207,0.581238193719));
#10128 = ( GEOMETRIC_REPRESENTATION_CONTEXT(2) 
PARAMETRIC_REPRESENTATION_CONTEXT() REPRESENTATION_CONTEXT('2D SPACE',''
  ) );
#10129 = ORIENTED_EDGE('',*,*,#10130,.F.);
#10130 = EDGE_CURVE('',#10131,#10108,#10133,.T.);
#10131 = VERTEX_POINT('',#10132);
#10132 = CARTESIAN_POINT('',(170.81171548117,25.832635983264,0.));
#10133 = SURFACE_CURVE('',#10134,(#10138,#10145),.PCURVE_S1.);
#10134 = LINE('',#10135,#10136);
#10135 = CARTESIAN_POINT('',(170.81171548117,25.832635983264,0.));
#10136 = VECTOR('',#10137,1.);
#10137 = DIRECTION('',(0.,0.,1.));
#10138 = PCURVE('',#10070,#10139);
#10139 = DEFINITIONAL_REPRESENTATION('',(#10140),#10144);
#10140 = LINE('',#10141,#10142);
#10141 = CARTESIAN_POINT('',(0.647873869484,0.));
#10142 = VECTOR('',#10143,1.);
#10143 = DIRECTION('',(0.,-1.));
#10144 = ( GEOMETRIC_REPRESENTATION_CONTEXT(2) 
PARAMETRIC_REPRESENTATION_CONTEXT() REPRESENTATION_CONTEXT('2D SPACE',''
  ) );
#10145 = PCURVE('',#10146,#10151);
#10146 = PLANE('',#10147);
#10147 = AXIS2_PLACEMENT_3D('',#10148,#10149,#10150);
#10148 = CARTESIAN_POINT('',(170.81171548117,25.832635983264,0.));
#10149 = DIRECTION('',(-0.99986114004,1.666435233399E-02,0.));
#10150 = DIRECTION('',(1.666435233399E-02,0.99986114004,0.));
#10151 = DEFINITIONAL_REPRESENTATION('',(#10152),#10156);
#10152 = LINE('',#10153,#10154);
#10153 = CARTESIAN_POINT('',(0.,0.));
#10154 = VECTOR('',#10155,1.);
#10155 = DIRECTION('',(0.,-1.));
#10156 = ( GEOMETRIC_REPRESENTATION_CONTEXT(2) 
PARAMETRIC_REPRESENTATION_CONTEXT() REPRESENTATION_CONTEXT('2D SPACE',''
  ) );
#10157 = ORIENTED_EDGE('',*,*,#10158,.F.);
#10158 = EDGE_CURVE('',#10055,#10131,#10159,.T.);
#10159 = SURFACE_CURVE('',#10160,(#10164,#10171),.PCURVE_S1.);
#10160 = LINE('',#10161,#10162);
#10161 = CARTESIAN_POINT('',(170.28451882845,25.456066945607,0.));
#10162 = VECTOR('',#10163,1.);
#10163 = DIRECTION('',(0.813733471207,0.581238193719,0.));
#10164 = PCURVE('',#10070,#10165);
#10165 = DEFINITIONAL_REPRESENTATION('',(#10166),#10170);
#10166 = LINE('',#10167,#10168);
#10167 = CARTESIAN_POINT('',(0.,0.));
#10168 = VECTOR('',#10169,1.);
#10169 = DIRECTION('',(1.,0.));
#10170 = ( GEOMETRIC_REPRESENTATION_CONTEXT(2) 
PARAMETRIC_REPRESENTATION_CONTEXT() REPRESENTATION_CONTEXT('2D SPACE',''
  ) );
#10171 = PCURVE('',#8039,#10172);
#10172 = DEFINITIONAL_REPRESENTATION('',(#10173),#10177);
#10173 = LINE('',#10174,#10175);
#10174 = CARTESIAN_POINT('',(9.37930715541,7.755191350008));
#10175 = VECTOR('',#10176,1.);
#10176 = DIRECTION('',(0.813733471207,0.581238193719));
#10177 = ( GEOMETRIC_REPRESENTATION_CONTEXT(2) 
PARAMETRIC_REPRESENTATION_CONTEXT() REPRESENTATION_CONTEXT('2D SPACE',''
  ) );
#10178 = ADVANCED_FACE('',(#10179),#10146,.F.);
#10179 = FACE_BOUND('',#10180,.F.);
#10180 = EDGE_LOOP('',(#10181,#10182,#10205,#10233));
#10181 = ORIENTED_EDGE('',*,*,#10130,.T.);
#10182 = ORIENTED_EDGE('',*,*,#10183,.T.);
#10183 = EDGE_CURVE('',#10108,#10184,#10186,.T.);
#10184 = VERTEX_POINT('',#10185);
#10185 = CARTESIAN_POINT('',(170.96234309623,34.870292887029,3.));
#10186 = SURFACE_CURVE('',#10187,(#10191,#10198),.PCURVE_S1.);
#10187 = LINE('',#10188,#10189);
#10188 = CARTESIAN_POINT('',(170.81171548117,25.832635983264,3.));
#10189 = VECTOR('',#10190,1.);
#10190 = DIRECTION('',(1.666435233399E-02,0.99986114004,0.));
#10191 = PCURVE('',#10146,#10192);
#10192 = DEFINITIONAL_REPRESENTATION('',(#10193),#10197);
#10193 = LINE('',#10194,#10195);
#10194 = CARTESIAN_POINT('',(0.,-3.));
#10195 = VECTOR('',#10196,1.);
#10196 = DIRECTION('',(1.,0.));
#10197 = ( GEOMETRIC_REPRESENTATION_CONTEXT(2) 
PARAMETRIC_REPRESENTATION_CONTEXT() REPRESENTATION_CONTEXT('2D SPACE',''
  ) );
#10198 = PCURVE('',#7985,#10199);
#10199 = DEFINITIONAL_REPRESENTATION('',(#10200),#10204);
#10200 = LINE('',#10201,#10202);
#10201 = CARTESIAN_POINT('',(9.90650380813,8.131760387665));
#10202 = VECTOR('',#10203,1.);
#10203 = DIRECTION('',(1.666435233399E-02,0.99986114004));
#10204 = ( GEOMETRIC_REPRESENTATION_CONTEXT(2) 
PARAMETRIC_REPRESENTATION_CONTEXT() REPRESENTATION_CONTEXT('2D SPACE',''
  ) );
#10205 = ORIENTED_EDGE('',*,*,#10206,.F.);
#10206 = EDGE_CURVE('',#10207,#10184,#10209,.T.);
#10207 = VERTEX_POINT('',#10208);
#10208 = CARTESIAN_POINT('',(170.96234309623,34.870292887029,0.));
#10209 = SURFACE_CURVE('',#10210,(#10214,#10221),.PCURVE_S1.);
#10210 = LINE('',#10211,#10212);
#10211 = CARTESIAN_POINT('',(170.96234309623,34.870292887029,0.));
#10212 = VECTOR('',#10213,1.);
#10213 = DIRECTION('',(0.,0.,1.));
#10214 = PCURVE('',#10146,#10215);
#10215 = DEFINITIONAL_REPRESENTATION('',(#10216),#10220);
#10216 = LINE('',#10217,#10218);
#10217 = CARTESIAN_POINT('',(9.038912046735,0.));
#10218 = VECTOR('',#10219,1.);
#10219 = DIRECTION('',(0.,-1.));
#10220 = ( GEOMETRIC_REPRESENTATION_CONTEXT(2) 
PARAMETRIC_REPRESENTATION_CONTEXT() REPRESENTATION_CONTEXT('2D SPACE',''
  ) );
#10221 = PCURVE('',#10222,#10227);
#10222 = PLANE('',#10223);
#10223 = AXIS2_PLACEMENT_3D('',#10224,#10225,#10226);
#10224 = CARTESIAN_POINT('',(170.96234309623,34.870292887029,0.));
#10225 = DIRECTION('',(-0.66436383883,-0.747409318684,0.));
#10226 = DIRECTION('',(-0.747409318684,0.66436383883,0.));
#10227 = DEFINITIONAL_REPRESENTATION('',(#10228),#10232);
#10228 = LINE('',#10229,#10230);
#10229 = CARTESIAN_POINT('',(0.,0.));
#10230 = VECTOR('',#10231,1.);
#10231 = DIRECTION('',(0.,-1.));
#10232 = ( GEOMETRIC_REPRESENTATION_CONTEXT(2) 
PARAMETRIC_REPRESENTATION_CONTEXT() REPRESENTATION_CONTEXT('2D SPACE',''
  ) );
#10233 = ORIENTED_EDGE('',*,*,#10234,.F.);
#10234 = EDGE_CURVE('',#10131,#10207,#10235,.T.);
#10235 = SURFACE_CURVE('',#10236,(#10240,#10247),.PCURVE_S1.);
#10236 = LINE('',#10237,#10238);
#10237 = CARTESIAN_POINT('',(170.81171548117,25.832635983264,0.));
#10238 = VECTOR('',#10239,1.);
#10239 = DIRECTION('',(1.666435233399E-02,0.99986114004,0.));
#10240 = PCURVE('',#10146,#10241);
#10241 = DEFINITIONAL_REPRESENTATION('',(#10242),#10246);
#10242 = LINE('',#10243,#10244);
#10243 = CARTESIAN_POINT('',(0.,0.));
#10244 = VECTOR('',#10245,1.);
#10245 = DIRECTION('',(1.,0.));
#10246 = ( GEOMETRIC_REPRESENTATION_CONTEXT(2) 
PARAMETRIC_REPRESENTATION_CONTEXT() REPRESENTATION_CONTEXT('2D SPACE',''
  ) );
#10247 = PCURVE('',#8039,#10248);
#10248 = DEFINITIONAL_REPRESENTATION('',(#10249),#10253);
#10249 = LINE('',#10250,#10251);
#10250 = CARTESIAN_POINT('',(9.90650380813,8.131760387665));
#10251 = VECTOR('',#10252,1.);
#10252 = DIRECTION('',(1.666435233399E-02,0.99986114004));
#10253 = ( GEOMETRIC_REPRESENTATION_CONTEXT(2) 
PARAMETRIC_REPRESENTATION_CONTEXT() REPRESENTATION_CONTEXT('2D SPACE',''
  ) );
#10254 = ADVANCED_FACE('',(#10255),#10222,.F.);
#10255 = FACE_BOUND('',#10256,.F.);
#10256 = EDGE_LOOP('',(#10257,#10258,#10281,#10309));
#10257 = ORIENTED_EDGE('',*,*,#10206,.T.);
#10258 = ORIENTED_EDGE('',*,*,#10259,.T.);
#10259 = EDGE_CURVE('',#10184,#10260,#10262,.T.);
#10260 = VERTEX_POINT('',#10261);
#10261 = CARTESIAN_POINT('',(170.28451882845,35.47280334728,3.));
#10262 = SURFACE_CURVE('',#10263,(#10267,#10274),.PCURVE_S1.);
#10263 = LINE('',#10264,#10265);
#10264 = CARTESIAN_POINT('',(170.96234309623,34.870292887029,3.));
#10265 = VECTOR('',#10266,1.);
#10266 = DIRECTION('',(-0.747409318684,0.66436383883,0.));
#10267 = PCURVE('',#10222,#10268);
#10268 = DEFINITIONAL_REPRESENTATION('',(#10269),#10273);
#10269 = LINE('',#10270,#10271);
#10270 = CARTESIAN_POINT('',(0.,-3.));
#10271 = VECTOR('',#10272,1.);
#10272 = DIRECTION('',(1.,0.));
#10273 = ( GEOMETRIC_REPRESENTATION_CONTEXT(2) 
PARAMETRIC_REPRESENTATION_CONTEXT() REPRESENTATION_CONTEXT('2D SPACE',''
  ) );
#10274 = PCURVE('',#7985,#10275);
#10275 = DEFINITIONAL_REPRESENTATION('',(#10276),#10280);
#10276 = LINE('',#10277,#10278);
#10277 = CARTESIAN_POINT('',(10.057131423193,17.169417291431));
#10278 = VECTOR('',#10279,1.);
#10279 = DIRECTION('',(-0.747409318684,0.66436383883));
#10280 = ( GEOMETRIC_REPRESENTATION_CONTEXT(2) 
PARAMETRIC_REPRESENTATION_CONTEXT() REPRESENTATION_CONTEXT('2D SPACE',''
  ) );
#10281 = ORIENTED_EDGE('',*,*,#10282,.F.);
#10282 = EDGE_CURVE('',#10283,#10260,#10285,.T.);
#10283 = VERTEX_POINT('',#10284);
#10284 = CARTESIAN_POINT('',(170.28451882845,35.47280334728,0.));
#10285 = SURFACE_CURVE('',#10286,(#10290,#10297),.PCURVE_S1.);
#10286 = LINE('',#10287,#10288);
#10287 = CARTESIAN_POINT('',(170.28451882845,35.47280334728,0.));
#10288 = VECTOR('',#10289,1.);
#10289 = DIRECTION('',(0.,0.,1.));
#10290 = PCURVE('',#10222,#10291);
#10291 = DEFINITIONAL_REPRESENTATION('',(#10292),#10296);
#10292 = LINE('',#10293,#10294);
#10293 = CARTESIAN_POINT('',(0.906898336478,0.));
#10294 = VECTOR('',#10295,1.);
#10295 = DIRECTION('',(0.,-1.));
#10296 = ( GEOMETRIC_REPRESENTATION_CONTEXT(2) 
PARAMETRIC_REPRESENTATION_CONTEXT() REPRESENTATION_CONTEXT('2D SPACE',''
  ) );
#10297 = PCURVE('',#10298,#10303);
#10298 = PLANE('',#10299);
#10299 = AXIS2_PLACEMENT_3D('',#10300,#10301,#10302);
#10300 = CARTESIAN_POINT('',(170.28451882845,35.47280334728,0.));
#10301 = DIRECTION('',(0.,-1.,0.));
#10302 = DIRECTION('',(-1.,0.,0.));
#10303 = DEFINITIONAL_REPRESENTATION('',(#10304),#10308);
#10304 = LINE('',#10305,#10306);
#10305 = CARTESIAN_POINT('',(0.,-0.));
#10306 = VECTOR('',#10307,1.);
#10307 = DIRECTION('',(0.,-1.));
#10308 = ( GEOMETRIC_REPRESENTATION_CONTEXT(2) 
PARAMETRIC_REPRESENTATION_CONTEXT() REPRESENTATION_CONTEXT('2D SPACE',''
  ) );
#10309 = ORIENTED_EDGE('',*,*,#10310,.F.);
#10310 = EDGE_CURVE('',#10207,#10283,#10311,.T.);
#10311 = SURFACE_CURVE('',#10312,(#10316,#10323),.PCURVE_S1.);
#10312 = LINE('',#10313,#10314);
#10313 = CARTESIAN_POINT('',(170.96234309623,34.870292887029,0.));
#10314 = VECTOR('',#10315,1.);
#10315 = DIRECTION('',(-0.747409318684,0.66436383883,0.));
#10316 = PCURVE('',#10222,#10317);
#10317 = DEFINITIONAL_REPRESENTATION('',(#10318),#10322);
#10318 = LINE('',#10319,#10320);
#10319 = CARTESIAN_POINT('',(0.,0.));
#10320 = VECTOR('',#10321,1.);
#10321 = DIRECTION('',(1.,0.));
#10322 = ( GEOMETRIC_REPRESENTATION_CONTEXT(2) 
PARAMETRIC_REPRESENTATION_CONTEXT() REPRESENTATION_CONTEXT('2D SPACE',''
  ) );
#10323 = PCURVE('',#8039,#10324);
#10324 = DEFINITIONAL_REPRESENTATION('',(#10325),#10329);
#10325 = LINE('',#10326,#10327);
#10326 = CARTESIAN_POINT('',(10.057131423193,17.169417291431));
#10327 = VECTOR('',#10328,1.);
#10328 = DIRECTION('',(-0.747409318684,0.66436383883));
#10329 = ( GEOMETRIC_REPRESENTATION_CONTEXT(2) 
PARAMETRIC_REPRESENTATION_CONTEXT() REPRESENTATION_CONTEXT('2D SPACE',''
  ) );
#10330 = ADVANCED_FACE('',(#10331),#10298,.F.);
#10331 = FACE_BOUND('',#10332,.F.);
#10332 = EDGE_LOOP('',(#10333,#10334,#10357,#10380));
#10333 = ORIENTED_EDGE('',*,*,#10282,.T.);
#10334 = ORIENTED_EDGE('',*,*,#10335,.T.);
#10335 = EDGE_CURVE('',#10260,#10336,#10338,.T.);
#10336 = VERTEX_POINT('',#10337);
#10337 = CARTESIAN_POINT('',(164.78661087866,35.47280334728,3.));
#10338 = SURFACE_CURVE('',#10339,(#10343,#10350),.PCURVE_S1.);
#10339 = LINE('',#10340,#10341);
#10340 = CARTESIAN_POINT('',(170.28451882845,35.47280334728,3.));
#10341 = VECTOR('',#10342,1.);
#10342 = DIRECTION('',(-1.,0.,0.));
#10343 = PCURVE('',#10298,#10344);
#10344 = DEFINITIONAL_REPRESENTATION('',(#10345),#10349);
#10345 = LINE('',#10346,#10347);
#10346 = CARTESIAN_POINT('',(0.,-3.));
#10347 = VECTOR('',#10348,1.);
#10348 = DIRECTION('',(1.,0.));
#10349 = ( GEOMETRIC_REPRESENTATION_CONTEXT(2) 
PARAMETRIC_REPRESENTATION_CONTEXT() REPRESENTATION_CONTEXT('2D SPACE',''
  ) );
#10350 = PCURVE('',#7985,#10351);
#10351 = DEFINITIONAL_REPRESENTATION('',(#10352),#10356);
#10352 = LINE('',#10353,#10354);
#10353 = CARTESIAN_POINT('',(9.37930715541,17.771927751682));
#10354 = VECTOR('',#10355,1.);
#10355 = DIRECTION('',(-1.,0.));
#10356 = ( GEOMETRIC_REPRESENTATION_CONTEXT(2) 
PARAMETRIC_REPRESENTATION_CONTEXT() REPRESENTATION_CONTEXT('2D SPACE',''
  ) );
#10357 = ORIENTED_EDGE('',*,*,#10358,.F.);
#10358 = EDGE_CURVE('',#10359,#10336,#10361,.T.);
#10359 = VERTEX_POINT('',#10360);
#10360 = CARTESIAN_POINT('',(164.78661087866,35.47280334728,0.));
#10361 = SURFACE_CURVE('',#10362,(#10366,#10373),.PCURVE_S1.);
#10362 = LINE('',#10363,#10364);
#10363 = CARTESIAN_POINT('',(164.78661087866,35.47280334728,0.));
#10364 = VECTOR('',#10365,1.);
#10365 = DIRECTION('',(0.,0.,1.));
#10366 = PCURVE('',#10298,#10367);
#10367 = DEFINITIONAL_REPRESENTATION('',(#10368),#10372);
#10368 = LINE('',#10369,#10370);
#10369 = CARTESIAN_POINT('',(5.497907949791,0.));
#10370 = VECTOR('',#10371,1.);
#10371 = DIRECTION('',(0.,-1.));
#10372 = ( GEOMETRIC_REPRESENTATION_CONTEXT(2) 
PARAMETRIC_REPRESENTATION_CONTEXT() REPRESENTATION_CONTEXT('2D SPACE',''
  ) );
#10373 = PCURVE('',#7957,#10374);
#10374 = DEFINITIONAL_REPRESENTATION('',(#10375),#10379);
#10375 = LINE('',#10376,#10377);
#10376 = CARTESIAN_POINT('',(0.,0.));
#10377 = VECTOR('',#10378,1.);
#10378 = DIRECTION('',(0.,-1.));
#10379 = ( GEOMETRIC_REPRESENTATION_CONTEXT(2) 
PARAMETRIC_REPRESENTATION_CONTEXT() REPRESENTATION_CONTEXT('2D SPACE',''
  ) );
#10380 = ORIENTED_EDGE('',*,*,#10381,.F.);
#10381 = EDGE_CURVE('',#10283,#10359,#10382,.T.);
#10382 = SURFACE_CURVE('',#10383,(#10387,#10394),.PCURVE_S1.);
#10383 = LINE('',#10384,#10385);
#10384 = CARTESIAN_POINT('',(170.28451882845,35.47280334728,0.));
#10385 = VECTOR('',#10386,1.);
#10386 = DIRECTION('',(-1.,0.,0.));
#10387 = PCURVE('',#10298,#10388);
#10388 = DEFINITIONAL_REPRESENTATION('',(#10389),#10393);
#10389 = LINE('',#10390,#10391);
#10390 = CARTESIAN_POINT('',(0.,-0.));
#10391 = VECTOR('',#10392,1.);
#10392 = DIRECTION('',(1.,0.));
#10393 = ( GEOMETRIC_REPRESENTATION_CONTEXT(2) 
PARAMETRIC_REPRESENTATION_CONTEXT() REPRESENTATION_CONTEXT('2D SPACE',''
  ) );
#10394 = PCURVE('',#8039,#10395);
#10395 = DEFINITIONAL_REPRESENTATION('',(#10396),#10400);
#10396 = LINE('',#10397,#10398);
#10397 = CARTESIAN_POINT('',(9.37930715541,17.771927751682));
#10398 = VECTOR('',#10399,1.);
#10399 = DIRECTION('',(-1.,0.));
#10400 = ( GEOMETRIC_REPRESENTATION_CONTEXT(2) 
PARAMETRIC_REPRESENTATION_CONTEXT() REPRESENTATION_CONTEXT('2D SPACE',''
  ) );
#10401 = ADVANCED_FACE('',(#10402),#7957,.F.);
#10402 = FACE_BOUND('',#10403,.F.);
#10403 = EDGE_LOOP('',(#10404,#10405,#10426,#10427));
#10404 = ORIENTED_EDGE('',*,*,#10358,.T.);
#10405 = ORIENTED_EDGE('',*,*,#10406,.T.);
#10406 = EDGE_CURVE('',#10336,#7937,#10407,.T.);
#10407 = SURFACE_CURVE('',#10408,(#10412,#10419),.PCURVE_S1.);
#10408 = LINE('',#10409,#10410);
#10409 = CARTESIAN_POINT('',(164.78661087866,35.47280334728,3.));
#10410 = VECTOR('',#10411,1.);
#10411 = DIRECTION('',(-0.990621129243,-0.136637397137,0.));
#10412 = PCURVE('',#7957,#10413);
#10413 = DEFINITIONAL_REPRESENTATION('',(#10414),#10418);
#10414 = LINE('',#10415,#10416);
#10415 = CARTESIAN_POINT('',(0.,-3.));
#10416 = VECTOR('',#10417,1.);
#10417 = DIRECTION('',(1.,0.));
#10418 = ( GEOMETRIC_REPRESENTATION_CONTEXT(2) 
PARAMETRIC_REPRESENTATION_CONTEXT() REPRESENTATION_CONTEXT('2D SPACE',''
  ) );
#10419 = PCURVE('',#7985,#10420);
#10420 = DEFINITIONAL_REPRESENTATION('',(#10421),#10425);
#10421 = LINE('',#10422,#10423);
#10422 = CARTESIAN_POINT('',(3.881399205619,17.771927751682));
#10423 = VECTOR('',#10424,1.);
#10424 = DIRECTION('',(-0.990621129243,-0.136637397137));
#10425 = ( GEOMETRIC_REPRESENTATION_CONTEXT(2) 
PARAMETRIC_REPRESENTATION_CONTEXT() REPRESENTATION_CONTEXT('2D SPACE',''
  ) );
#10426 = ORIENTED_EDGE('',*,*,#7934,.F.);
#10427 = ORIENTED_EDGE('',*,*,#10428,.F.);
#10428 = EDGE_CURVE('',#10359,#7935,#10429,.T.);
#10429 = SURFACE_CURVE('',#10430,(#10434,#10441),.PCURVE_S1.);
#10430 = LINE('',#10431,#10432);
#10431 = CARTESIAN_POINT('',(164.78661087866,35.47280334728,0.));
#10432 = VECTOR('',#10433,1.);
#10433 = DIRECTION('',(-0.990621129243,-0.136637397137,0.));
#10434 = PCURVE('',#7957,#10435);
#10435 = DEFINITIONAL_REPRESENTATION('',(#10436),#10440);
#10436 = LINE('',#10437,#10438);
#10437 = CARTESIAN_POINT('',(0.,0.));
#10438 = VECTOR('',#10439,1.);
#10439 = DIRECTION('',(1.,0.));
#10440 = ( GEOMETRIC_REPRESENTATION_CONTEXT(2) 
PARAMETRIC_REPRESENTATION_CONTEXT() REPRESENTATION_CONTEXT('2D SPACE',''
  ) );
#10441 = PCURVE('',#8039,#10442);
#10442 = DEFINITIONAL_REPRESENTATION('',(#10443),#10447);
#10443 = LINE('',#10444,#10445);
#10444 = CARTESIAN_POINT('',(3.881399205619,17.771927751682));
#10445 = VECTOR('',#10446,1.);
#10446 = DIRECTION('',(-0.990621129243,-0.136637397137));
#10447 = ( GEOMETRIC_REPRESENTATION_CONTEXT(2) 
PARAMETRIC_REPRESENTATION_CONTEXT() REPRESENTATION_CONTEXT('2D SPACE',''
  ) );
#10448 = ADVANCED_FACE('',(#10449),#8039,.F.);
#10449 = FACE_BOUND('',#10450,.F.);
#10450 = EDGE_LOOP('',(#10451,#10452,#10453,#10454,#10455,#10456,#10457,
    #10458,#10459,#10460,#10461,#10462,#10463,#10464,#10465,#10466,
    #10467,#10468,#10469,#10470,#10471,#10472,#10473,#10474,#10475,
    #10476,#10477,#10478,#10479,#10480,#10481,#10482,#10483));
#10451 = ORIENTED_EDGE('',*,*,#8025,.T.);
#10452 = ORIENTED_EDGE('',*,*,#8106,.T.);
#10453 = ORIENTED_EDGE('',*,*,#8182,.T.);
#10454 = ORIENTED_EDGE('',*,*,#8258,.T.);
#10455 = ORIENTED_EDGE('',*,*,#8334,.T.);
#10456 = ORIENTED_EDGE('',*,*,#8410,.T.);
#10457 = ORIENTED_EDGE('',*,*,#8486,.T.);
#10458 = ORIENTED_EDGE('',*,*,#8562,.T.);
#10459 = ORIENTED_EDGE('',*,*,#8638,.T.);
#10460 = ORIENTED_EDGE('',*,*,#8714,.T.);
#10461 = ORIENTED_EDGE('',*,*,#8790,.T.);
#10462 = ORIENTED_EDGE('',*,*,#8866,.T.);
#10463 = ORIENTED_EDGE('',*,*,#8942,.T.);
#10464 = ORIENTED_EDGE('',*,*,#9018,.T.);
#10465 = ORIENTED_EDGE('',*,*,#9094,.T.);
#10466 = ORIENTED_EDGE('',*,*,#9170,.T.);
#10467 = ORIENTED_EDGE('',*,*,#9246,.T.);
#10468 = ORIENTED_EDGE('',*,*,#9322,.T.);
#10469 = ORIENTED_EDGE('',*,*,#9398,.T.);
#10470 = ORIENTED_EDGE('',*,*,#9474,.T.);
#10471 = ORIENTED_EDGE('',*,*,#9550,.T.);
#10472 = ORIENTED_EDGE('',*,*,#9626,.T.);
#10473 = ORIENTED_EDGE('',*,*,#9702,.T.);
#10474 = ORIENTED_EDGE('',*,*,#9778,.T.);
#10475 = ORIENTED_EDGE('',*,*,#9854,.T.);
#10476 = ORIENTED_EDGE('',*,*,#9930,.T.);
#10477 = ORIENTED_EDGE('',*,*,#10006,.T.);
#10478 = ORIENTED_EDGE('',*,*,#10082,.T.);
#10479 = ORIENTED_EDGE('',*,*,#10158,.T.);
#10480 = ORIENTED_EDGE('',*,*,#10234,.T.);
#10481 = ORIENTED_EDGE('',*,*,#10310,.T.);
#10482 = ORIENTED_EDGE('',*,*,#10381,.T.);
#10483 = ORIENTED_EDGE('',*,*,#10428,.T.);
#10484 = ADVANCED_FACE('',(#10485),#7985,.T.);
#10485 = FACE_BOUND('',#10486,.T.);
#10486 = EDGE_LOOP('',(#10487,#10488,#10489,#10490,#10491,#10492,#10493,
    #10494,#10495,#10496,#10497,#10498,#10499,#10500,#10501,#10502,
    #10503,#10504,#10505,#10506,#10507,#10508,#10509,#10510,#10511,
    #10512,#10513,#10514,#10515,#10516,#10517,#10518,#10519));
#10487 = ORIENTED_EDGE('',*,*,#7969,.T.);
#10488 = ORIENTED_EDGE('',*,*,#8055,.T.);
#10489 = ORIENTED_EDGE('',*,*,#8131,.T.);
#10490 = ORIENTED_EDGE('',*,*,#8207,.T.);
#10491 = ORIENTED_EDGE('',*,*,#8283,.T.);
#10492 = ORIENTED_EDGE('',*,*,#8359,.T.);
#10493 = ORIENTED_EDGE('',*,*,#8435,.T.);
#10494 = ORIENTED_EDGE('',*,*,#8511,.T.);
#10495 = ORIENTED_EDGE('',*,*,#8587,.T.);
#10496 = ORIENTED_EDGE('',*,*,#8663,.T.);
#10497 = ORIENTED_EDGE('',*,*,#8739,.T.);
#10498 = ORIENTED_EDGE('',*,*,#8815,.T.);
#10499 = ORIENTED_EDGE('',*,*,#8891,.T.);
#10500 = ORIENTED_EDGE('',*,*,#8967,.T.);
#10501 = ORIENTED_EDGE('',*,*,#9043,.T.);
#10502 = ORIENTED_EDGE('',*,*,#9119,.T.);
#10503 = ORIENTED_EDGE('',*,*,#9195,.T.);
#10504 = ORIENTED_EDGE('',*,*,#9271,.T.);
#10505 = ORIENTED_EDGE('',*,*,#9347,.T.);
#10506 = ORIENTED_EDGE('',*,*,#9423,.T.);
#10507 = ORIENTED_EDGE('',*,*,#9499,.T.);
#10508 = ORIENTED_EDGE('',*,*,#9575,.T.);
#10509 = ORIENTED_EDGE('',*,*,#9651,.T.);
#10510 = ORIENTED_EDGE('',*,*,#9727,.T.);
#10511 = ORIENTED_EDGE('',*,*,#9803,.T.);
#10512 = ORIENTED_EDGE('',*,*,#9879,.T.);
#10513 = ORIENTED_EDGE('',*,*,#9955,.T.);
#10514 = ORIENTED_EDGE('',*,*,#10031,.T.);
#10515 = ORIENTED_EDGE('',*,*,#10107,.T.);
#10516 = ORIENTED_EDGE('',*,*,#10183,.T.);
#10517 = ORIENTED_EDGE('',*,*,#10259,.T.);
#10518 = ORIENTED_EDGE('',*,*,#10335,.T.);
#10519 = ORIENTED_EDGE('',*,*,#10406,.T.);
#10520 = MANIFOLD_SOLID_BREP('',#10521);
#10521 = CLOSED_SHELL('',(#10522,#10642,#10718,#10794,#10870,#10946,
    #11022,#11098,#11174,#11250,#11326,#11402,#11478,#11554,#11630,
    #11701,#11748,#11767));
#10522 = ADVANCED_FACE('',(#10523),#10537,.F.);
#10523 = FACE_BOUND('',#10524,.F.);
#10524 = EDGE_LOOP('',(#10525,#10560,#10588,#10616));
#10525 = ORIENTED_EDGE('',*,*,#10526,.T.);
#10526 = EDGE_CURVE('',#10527,#10529,#10531,.T.);
#10527 = VERTEX_POINT('',#10528);
#10528 = CARTESIAN_POINT('',(127.05439330543,35.322175732218,0.));
#10529 = VERTEX_POINT('',#10530);
#10530 = CARTESIAN_POINT('',(127.05439330543,35.322175732218,3.));
#10531 = SURFACE_CURVE('',#10532,(#10536,#10548),.PCURVE_S1.);
#10532 = LINE('',#10533,#10534);
#10533 = CARTESIAN_POINT('',(127.05439330543,35.322175732218,0.));
#10534 = VECTOR('',#10535,1.);
#10535 = DIRECTION('',(0.,0.,1.));
#10536 = PCURVE('',#10537,#10542);
#10537 = PLANE('',#10538);
#10538 = AXIS2_PLACEMENT_3D('',#10539,#10540,#10541);
#10539 = CARTESIAN_POINT('',(127.05439330543,35.322175732218,0.));
#10540 = DIRECTION('',(0.9079593845,-0.419058177462,0.));
#10541 = DIRECTION('',(-0.419058177462,-0.9079593845,0.));
#10542 = DEFINITIONAL_REPRESENTATION('',(#10543),#10547);
#10543 = LINE('',#10544,#10545);
#10544 = CARTESIAN_POINT('',(0.,0.));
#10545 = VECTOR('',#10546,1.);
#10546 = DIRECTION('',(0.,-1.));
#10547 = ( GEOMETRIC_REPRESENTATION_CONTEXT(2) 
PARAMETRIC_REPRESENTATION_CONTEXT() REPRESENTATION_CONTEXT('2D SPACE',''
  ) );
#10548 = PCURVE('',#10549,#10554);
#10549 = PLANE('',#10550);
#10550 = AXIS2_PLACEMENT_3D('',#10551,#10552,#10553);
#10551 = CARTESIAN_POINT('',(136.84518828451,35.47280334728,0.));
#10552 = DIRECTION('',(1.53827950432E-02,-0.999881677808,0.));
#10553 = DIRECTION('',(-0.999881677808,-1.53827950432E-02,0.));
#10554 = DEFINITIONAL_REPRESENTATION('',(#10555),#10559);
#10555 = LINE('',#10556,#10557);
#10556 = CARTESIAN_POINT('',(9.791953584489,0.));
#10557 = VECTOR('',#10558,1.);
#10558 = DIRECTION('',(0.,-1.));
#10559 = ( GEOMETRIC_REPRESENTATION_CONTEXT(2) 
PARAMETRIC_REPRESENTATION_CONTEXT() REPRESENTATION_CONTEXT('2D SPACE',''
  ) );
#10560 = ORIENTED_EDGE('',*,*,#10561,.T.);
#10561 = EDGE_CURVE('',#10529,#10562,#10564,.T.);
#10562 = VERTEX_POINT('',#10563);
#10563 = CARTESIAN_POINT('',(126.60251046025,34.34309623431,3.));
#10564 = SURFACE_CURVE('',#10565,(#10569,#10576),.PCURVE_S1.);
#10565 = LINE('',#10566,#10567);
#10566 = CARTESIAN_POINT('',(127.05439330543,35.322175732218,3.));
#10567 = VECTOR('',#10568,1.);
#10568 = DIRECTION('',(-0.419058177462,-0.9079593845,0.));
#10569 = PCURVE('',#10537,#10570);
#10570 = DEFINITIONAL_REPRESENTATION('',(#10571),#10575);
#10571 = LINE('',#10572,#10573);
#10572 = CARTESIAN_POINT('',(0.,-3.));
#10573 = VECTOR('',#10574,1.);
#10574 = DIRECTION('',(1.,0.));
#10575 = ( GEOMETRIC_REPRESENTATION_CONTEXT(2) 
PARAMETRIC_REPRESENTATION_CONTEXT() REPRESENTATION_CONTEXT('2D SPACE',''
  ) );
#10576 = PCURVE('',#10577,#10582);
#10577 = PLANE('',#10578);
#10578 = AXIS2_PLACEMENT_3D('',#10579,#10580,#10581);
#10579 = CARTESIAN_POINT('',(134.976771719,16.304071121459,3.));
#10580 = DIRECTION('',(0.,0.,1.));
#10581 = DIRECTION('',(1.,0.,-0.));
#10582 = DEFINITIONAL_REPRESENTATION('',(#10583),#10587);
#10583 = LINE('',#10584,#10585);
#10584 = CARTESIAN_POINT('',(-7.922378413567,19.018104610759));
#10585 = VECTOR('',#10586,1.);
#10586 = DIRECTION('',(-0.419058177462,-0.9079593845));
#10587 = ( GEOMETRIC_REPRESENTATION_CONTEXT(2) 
PARAMETRIC_REPRESENTATION_CONTEXT() REPRESENTATION_CONTEXT('2D SPACE',''
  ) );
#10588 = ORIENTED_EDGE('',*,*,#10589,.F.);
#10589 = EDGE_CURVE('',#10590,#10562,#10592,.T.);
#10590 = VERTEX_POINT('',#10591);
#10591 = CARTESIAN_POINT('',(126.60251046025,34.34309623431,0.));
#10592 = SURFACE_CURVE('',#10593,(#10597,#10604),.PCURVE_S1.);
#10593 = LINE('',#10594,#10595);
#10594 = CARTESIAN_POINT('',(126.60251046025,34.34309623431,0.));
#10595 = VECTOR('',#10596,1.);
#10596 = DIRECTION('',(0.,0.,1.));
#10597 = PCURVE('',#10537,#10598);
#10598 = DEFINITIONAL_REPRESENTATION('',(#10599),#10603);
#10599 = LINE('',#10600,#10601);
#10600 = CARTESIAN_POINT('',(1.078329619828,0.));
#10601 = VECTOR('',#10602,1.);
#10602 = DIRECTION('',(0.,-1.));
#10603 = ( GEOMETRIC_REPRESENTATION_CONTEXT(2) 
PARAMETRIC_REPRESENTATION_CONTEXT() REPRESENTATION_CONTEXT('2D SPACE',''
  ) );
#10604 = PCURVE('',#10605,#10610);
#10605 = PLANE('',#10606);
#10606 = AXIS2_PLACEMENT_3D('',#10607,#10608,#10609);
#10607 = CARTESIAN_POINT('',(126.60251046025,34.34309623431,0.));
#10608 = DIRECTION('',(0.999995352501,3.048766318601E-03,-0.));
#10609 = DIRECTION('',(3.048766318601E-03,-0.999995352501,0.));
#10610 = DEFINITIONAL_REPRESENTATION('',(#10611),#10615);
#10611 = LINE('',#10612,#10613);
#10612 = CARTESIAN_POINT('',(0.,0.));
#10613 = VECTOR('',#10614,1.);
#10614 = DIRECTION('',(0.,-1.));
#10615 = ( GEOMETRIC_REPRESENTATION_CONTEXT(2) 
PARAMETRIC_REPRESENTATION_CONTEXT() REPRESENTATION_CONTEXT('2D SPACE',''
  ) );
#10616 = ORIENTED_EDGE('',*,*,#10617,.F.);
#10617 = EDGE_CURVE('',#10527,#10590,#10618,.T.);
#10618 = SURFACE_CURVE('',#10619,(#10623,#10630),.PCURVE_S1.);
#10619 = LINE('',#10620,#10621);
#10620 = CARTESIAN_POINT('',(127.05439330543,35.322175732218,0.));
#10621 = VECTOR('',#10622,1.);
#10622 = DIRECTION('',(-0.419058177462,-0.9079593845,0.));
#10623 = PCURVE('',#10537,#10624);
#10624 = DEFINITIONAL_REPRESENTATION('',(#10625),#10629);
#10625 = LINE('',#10626,#10627);
#10626 = CARTESIAN_POINT('',(0.,0.));
#10627 = VECTOR('',#10628,1.);
#10628 = DIRECTION('',(1.,0.));
#10629 = ( GEOMETRIC_REPRESENTATION_CONTEXT(2) 
PARAMETRIC_REPRESENTATION_CONTEXT() REPRESENTATION_CONTEXT('2D SPACE',''
  ) );
#10630 = PCURVE('',#10631,#10636);
#10631 = PLANE('',#10632);
#10632 = AXIS2_PLACEMENT_3D('',#10633,#10634,#10635);
#10633 = CARTESIAN_POINT('',(134.976771719,16.304071121459,0.));
#10634 = DIRECTION('',(0.,0.,1.));
#10635 = DIRECTION('',(1.,0.,-0.));
#10636 = DEFINITIONAL_REPRESENTATION('',(#10637),#10641);
#10637 = LINE('',#10638,#10639);
#10638 = CARTESIAN_POINT('',(-7.922378413567,19.018104610759));
#10639 = VECTOR('',#10640,1.);
#10640 = DIRECTION('',(-0.419058177462,-0.9079593845));
#10641 = ( GEOMETRIC_REPRESENTATION_CONTEXT(2) 
PARAMETRIC_REPRESENTATION_CONTEXT() REPRESENTATION_CONTEXT('2D SPACE',''
  ) );
#10642 = ADVANCED_FACE('',(#10643),#10605,.F.);
#10643 = FACE_BOUND('',#10644,.F.);
#10644 = EDGE_LOOP('',(#10645,#10646,#10669,#10697));
#10645 = ORIENTED_EDGE('',*,*,#10589,.T.);
#10646 = ORIENTED_EDGE('',*,*,#10647,.T.);
#10647 = EDGE_CURVE('',#10562,#10648,#10650,.T.);
#10648 = VERTEX_POINT('',#10649);
#10649 = CARTESIAN_POINT('',(126.67782426778,9.640167364017,3.));
#10650 = SURFACE_CURVE('',#10651,(#10655,#10662),.PCURVE_S1.);
#10651 = LINE('',#10652,#10653);
#10652 = CARTESIAN_POINT('',(126.60251046025,34.34309623431,3.));
#10653 = VECTOR('',#10654,1.);
#10654 = DIRECTION('',(3.048766318601E-03,-0.999995352501,0.));
#10655 = PCURVE('',#10605,#10656);
#10656 = DEFINITIONAL_REPRESENTATION('',(#10657),#10661);
#10657 = LINE('',#10658,#10659);
#10658 = CARTESIAN_POINT('',(0.,-3.));
#10659 = VECTOR('',#10660,1.);
#10660 = DIRECTION('',(1.,0.));
#10661 = ( GEOMETRIC_REPRESENTATION_CONTEXT(2) 
PARAMETRIC_REPRESENTATION_CONTEXT() REPRESENTATION_CONTEXT('2D SPACE',''
  ) );
#10662 = PCURVE('',#10577,#10663);
#10663 = DEFINITIONAL_REPRESENTATION('',(#10664),#10668);
#10664 = LINE('',#10665,#10666);
#10665 = CARTESIAN_POINT('',(-8.374261258756,18.039025112851));
#10666 = VECTOR('',#10667,1.);
#10667 = DIRECTION('',(3.048766318601E-03,-0.999995352501));
#10668 = ( GEOMETRIC_REPRESENTATION_CONTEXT(2) 
PARAMETRIC_REPRESENTATION_CONTEXT() REPRESENTATION_CONTEXT('2D SPACE',''
  ) );
#10669 = ORIENTED_EDGE('',*,*,#10670,.F.);
#10670 = EDGE_CURVE('',#10671,#10648,#10673,.T.);
#10671 = VERTEX_POINT('',#10672);
#10672 = CARTESIAN_POINT('',(126.67782426778,9.640167364017,0.));
#10673 = SURFACE_CURVE('',#10674,(#10678,#10685),.PCURVE_S1.);
#10674 = LINE('',#10675,#10676);
#10675 = CARTESIAN_POINT('',(126.67782426778,9.640167364017,0.));
#10676 = VECTOR('',#10677,1.);
#10677 = DIRECTION('',(0.,0.,1.));
#10678 = PCURVE('',#10605,#10679);
#10679 = DEFINITIONAL_REPRESENTATION('',(#10680),#10684);
#10680 = LINE('',#10681,#10682);
#10681 = CARTESIAN_POINT('',(24.70304367766,0.));
#10682 = VECTOR('',#10683,1.);
#10683 = DIRECTION('',(0.,-1.));
#10684 = ( GEOMETRIC_REPRESENTATION_CONTEXT(2) 
PARAMETRIC_REPRESENTATION_CONTEXT() REPRESENTATION_CONTEXT('2D SPACE',''
  ) );
#10685 = PCURVE('',#10686,#10691);
#10686 = PLANE('',#10687);
#10687 = AXIS2_PLACEMENT_3D('',#10688,#10689,#10690);
#10688 = CARTESIAN_POINT('',(126.67782426778,9.640167364017,0.));
#10689 = DIRECTION('',(0.976187060184,0.216930457819,-0.));
#10690 = DIRECTION('',(0.216930457819,-0.976187060184,0.));
#10691 = DEFINITIONAL_REPRESENTATION('',(#10692),#10696);
#10692 = LINE('',#10693,#10694);
#10693 = CARTESIAN_POINT('',(0.,0.));
#10694 = VECTOR('',#10695,1.);
#10695 = DIRECTION('',(0.,-1.));
#10696 = ( GEOMETRIC_REPRESENTATION_CONTEXT(2) 
PARAMETRIC_REPRESENTATION_CONTEXT() REPRESENTATION_CONTEXT('2D SPACE',''
  ) );
#10697 = ORIENTED_EDGE('',*,*,#10698,.F.);
#10698 = EDGE_CURVE('',#10590,#10671,#10699,.T.);
#10699 = SURFACE_CURVE('',#10700,(#10704,#10711),.PCURVE_S1.);
#10700 = LINE('',#10701,#10702);
#10701 = CARTESIAN_POINT('',(126.60251046025,34.34309623431,0.));
#10702 = VECTOR('',#10703,1.);
#10703 = DIRECTION('',(3.048766318601E-03,-0.999995352501,0.));
#10704 = PCURVE('',#10605,#10705);
#10705 = DEFINITIONAL_REPRESENTATION('',(#10706),#10710);
#10706 = LINE('',#10707,#10708);
#10707 = CARTESIAN_POINT('',(0.,0.));
#10708 = VECTOR('',#10709,1.);
#10709 = DIRECTION('',(1.,0.));
#10710 = ( GEOMETRIC_REPRESENTATION_CONTEXT(2) 
PARAMETRIC_REPRESENTATION_CONTEXT() REPRESENTATION_CONTEXT('2D SPACE',''
  ) );
#10711 = PCURVE('',#10631,#10712);
#10712 = DEFINITIONAL_REPRESENTATION('',(#10713),#10717);
#10713 = LINE('',#10714,#10715);
#10714 = CARTESIAN_POINT('',(-8.374261258756,18.039025112851));
#10715 = VECTOR('',#10716,1.);
#10716 = DIRECTION('',(3.048766318601E-03,-0.999995352501));
#10717 = ( GEOMETRIC_REPRESENTATION_CONTEXT(2) 
PARAMETRIC_REPRESENTATION_CONTEXT() REPRESENTATION_CONTEXT('2D SPACE',''
  ) );
#10718 = ADVANCED_FACE('',(#10719),#10686,.F.);
#10719 = FACE_BOUND('',#10720,.F.);
#10720 = EDGE_LOOP('',(#10721,#10722,#10745,#10773));
#10721 = ORIENTED_EDGE('',*,*,#10670,.T.);
#10722 = ORIENTED_EDGE('',*,*,#10723,.T.);
#10723 = EDGE_CURVE('',#10648,#10724,#10726,.T.);
#10724 = VERTEX_POINT('',#10725);
#10725 = CARTESIAN_POINT('',(127.43096234309,6.251046025105,3.));
#10726 = SURFACE_CURVE('',#10727,(#10731,#10738),.PCURVE_S1.);
#10727 = LINE('',#10728,#10729);
#10728 = CARTESIAN_POINT('',(126.67782426778,9.640167364017,3.));
#10729 = VECTOR('',#10730,1.);
#10730 = DIRECTION('',(0.216930457819,-0.976187060184,0.));
#10731 = PCURVE('',#10686,#10732);
#10732 = DEFINITIONAL_REPRESENTATION('',(#10733),#10737);
#10733 = LINE('',#10734,#10735);
#10734 = CARTESIAN_POINT('',(0.,-3.));
#10735 = VECTOR('',#10736,1.);
#10736 = DIRECTION('',(1.,0.));
#10737 = ( GEOMETRIC_REPRESENTATION_CONTEXT(2) 
PARAMETRIC_REPRESENTATION_CONTEXT() REPRESENTATION_CONTEXT('2D SPACE',''
  ) );
#10738 = PCURVE('',#10577,#10739);
#10739 = DEFINITIONAL_REPRESENTATION('',(#10740),#10744);
#10740 = LINE('',#10741,#10742);
#10741 = CARTESIAN_POINT('',(-8.298947451224,-6.663903757442));
#10742 = VECTOR('',#10743,1.);
#10743 = DIRECTION('',(0.216930457819,-0.976187060184));
#10744 = ( GEOMETRIC_REPRESENTATION_CONTEXT(2) 
PARAMETRIC_REPRESENTATION_CONTEXT() REPRESENTATION_CONTEXT('2D SPACE',''
  ) );
#10745 = ORIENTED_EDGE('',*,*,#10746,.F.);
#10746 = EDGE_CURVE('',#10747,#10724,#10749,.T.);
#10747 = VERTEX_POINT('',#10748);
#10748 = CARTESIAN_POINT('',(127.43096234309,6.251046025105,0.));
#10749 = SURFACE_CURVE('',#10750,(#10754,#10761),.PCURVE_S1.);
#10750 = LINE('',#10751,#10752);
#10751 = CARTESIAN_POINT('',(127.43096234309,6.251046025105,0.));
#10752 = VECTOR('',#10753,1.);
#10753 = DIRECTION('',(0.,0.,1.));
#10754 = PCURVE('',#10686,#10755);
#10755 = DEFINITIONAL_REPRESENTATION('',(#10756),#10760);
#10756 = LINE('',#10757,#10758);
#10757 = CARTESIAN_POINT('',(3.471794983918,0.));
#10758 = VECTOR('',#10759,1.);
#10759 = DIRECTION('',(0.,-1.));
#10760 = ( GEOMETRIC_REPRESENTATION_CONTEXT(2) 
PARAMETRIC_REPRESENTATION_CONTEXT() REPRESENTATION_CONTEXT('2D SPACE',''
  ) );
#10761 = PCURVE('',#10762,#10767);
#10762 = PLANE('',#10763);
#10763 = AXIS2_PLACEMENT_3D('',#10764,#10765,#10766);
#10764 = CARTESIAN_POINT('',(127.43096234309,6.251046025105,0.));
#10765 = DIRECTION('',(0.907008967748,0.421111306455,-0.));
#10766 = DIRECTION('',(0.421111306455,-0.907008967748,0.));
#10767 = DEFINITIONAL_REPRESENTATION('',(#10768),#10772);
#10768 = LINE('',#10769,#10770);
#10769 = CARTESIAN_POINT('',(0.,0.));
#10770 = VECTOR('',#10771,1.);
#10771 = DIRECTION('',(0.,-1.));
#10772 = ( GEOMETRIC_REPRESENTATION_CONTEXT(2) 
PARAMETRIC_REPRESENTATION_CONTEXT() REPRESENTATION_CONTEXT('2D SPACE',''
  ) );
#10773 = ORIENTED_EDGE('',*,*,#10774,.F.);
#10774 = EDGE_CURVE('',#10671,#10747,#10775,.T.);
#10775 = SURFACE_CURVE('',#10776,(#10780,#10787),.PCURVE_S1.);
#10776 = LINE('',#10777,#10778);
#10777 = CARTESIAN_POINT('',(126.67782426778,9.640167364017,0.));
#10778 = VECTOR('',#10779,1.);
#10779 = DIRECTION('',(0.216930457819,-0.976187060184,0.));
#10780 = PCURVE('',#10686,#10781);
#10781 = DEFINITIONAL_REPRESENTATION('',(#10782),#10786);
#10782 = LINE('',#10783,#10784);
#10783 = CARTESIAN_POINT('',(0.,0.));
#10784 = VECTOR('',#10785,1.);
#10785 = DIRECTION('',(1.,0.));
#10786 = ( GEOMETRIC_REPRESENTATION_CONTEXT(2) 
PARAMETRIC_REPRESENTATION_CONTEXT() REPRESENTATION_CONTEXT('2D SPACE',''
  ) );
#10787 = PCURVE('',#10631,#10788);
#10788 = DEFINITIONAL_REPRESENTATION('',(#10789),#10793);
#10789 = LINE('',#10790,#10791);
#10790 = CARTESIAN_POINT('',(-8.298947451224,-6.663903757442));
#10791 = VECTOR('',#10792,1.);
#10792 = DIRECTION('',(0.216930457819,-0.976187060184));
#10793 = ( GEOMETRIC_REPRESENTATION_CONTEXT(2) 
PARAMETRIC_REPRESENTATION_CONTEXT() REPRESENTATION_CONTEXT('2D SPACE',''
  ) );
#10794 = ADVANCED_FACE('',(#10795),#10762,.F.);
#10795 = FACE_BOUND('',#10796,.F.);
#10796 = EDGE_LOOP('',(#10797,#10798,#10821,#10849));
#10797 = ORIENTED_EDGE('',*,*,#10746,.T.);
#10798 = ORIENTED_EDGE('',*,*,#10799,.T.);
#10799 = EDGE_CURVE('',#10724,#10800,#10802,.T.);
#10800 = VERTEX_POINT('',#10801);
#10801 = CARTESIAN_POINT('',(128.410041841,4.142259414226,3.));
#10802 = SURFACE_CURVE('',#10803,(#10807,#10814),.PCURVE_S1.);
#10803 = LINE('',#10804,#10805);
#10804 = CARTESIAN_POINT('',(127.43096234309,6.251046025105,3.));
#10805 = VECTOR('',#10806,1.);
#10806 = DIRECTION('',(0.421111306455,-0.907008967748,0.));
#10807 = PCURVE('',#10762,#10808);
#10808 = DEFINITIONAL_REPRESENTATION('',(#10809),#10813);
#10809 = LINE('',#10810,#10811);
#10810 = CARTESIAN_POINT('',(0.,-3.));
#10811 = VECTOR('',#10812,1.);
#10812 = DIRECTION('',(1.,0.));
#10813 = ( GEOMETRIC_REPRESENTATION_CONTEXT(2) 
PARAMETRIC_REPRESENTATION_CONTEXT() REPRESENTATION_CONTEXT('2D SPACE',''
  ) );
#10814 = PCURVE('',#10577,#10815);
#10815 = DEFINITIONAL_REPRESENTATION('',(#10816),#10820);
#10816 = LINE('',#10817,#10818);
#10817 = CARTESIAN_POINT('',(-7.54580937591,-10.05302509635));
#10818 = VECTOR('',#10819,1.);
#10819 = DIRECTION('',(0.421111306455,-0.907008967748));
#10820 = ( GEOMETRIC_REPRESENTATION_CONTEXT(2) 
PARAMETRIC_REPRESENTATION_CONTEXT() REPRESENTATION_CONTEXT('2D SPACE',''
  ) );
#10821 = ORIENTED_EDGE('',*,*,#10822,.F.);
#10822 = EDGE_CURVE('',#10823,#10800,#10825,.T.);
#10823 = VERTEX_POINT('',#10824);
#10824 = CARTESIAN_POINT('',(128.410041841,4.142259414226,0.));
#10825 = SURFACE_CURVE('',#10826,(#10830,#10837),.PCURVE_S1.);
#10826 = LINE('',#10827,#10828);
#10827 = CARTESIAN_POINT('',(128.410041841,4.142259414226,0.));
#10828 = VECTOR('',#10829,1.);
#10829 = DIRECTION('',(0.,0.,1.));
#10830 = PCURVE('',#10762,#10831);
#10831 = DEFINITIONAL_REPRESENTATION('',(#10832),#10836);
#10832 = LINE('',#10833,#10834);
#10833 = CARTESIAN_POINT('',(2.324989813622,0.));
#10834 = VECTOR('',#10835,1.);
#10835 = DIRECTION('',(0.,-1.));
#10836 = ( GEOMETRIC_REPRESENTATION_CONTEXT(2) 
PARAMETRIC_REPRESENTATION_CONTEXT() REPRESENTATION_CONTEXT('2D SPACE',''
  ) );
#10837 = PCURVE('',#10838,#10843);
#10838 = PLANE('',#10839);
#10839 = AXIS2_PLACEMENT_3D('',#10840,#10841,#10842);
#10840 = CARTESIAN_POINT('',(128.410041841,4.142259414226,0.));
#10841 = DIRECTION('',(0.731055268243,0.68231825036,-0.));
#10842 = DIRECTION('',(0.68231825036,-0.731055268243,0.));
#10843 = DEFINITIONAL_REPRESENTATION('',(#10844),#10848);
#10844 = LINE('',#10845,#10846);
#10845 = CARTESIAN_POINT('',(0.,0.));
#10846 = VECTOR('',#10847,1.);
#10847 = DIRECTION('',(0.,-1.));
#10848 = ( GEOMETRIC_REPRESENTATION_CONTEXT(2) 
PARAMETRIC_REPRESENTATION_CONTEXT() REPRESENTATION_CONTEXT('2D SPACE',''
  ) );
#10849 = ORIENTED_EDGE('',*,*,#10850,.F.);
#10850 = EDGE_CURVE('',#10747,#10823,#10851,.T.);
#10851 = SURFACE_CURVE('',#10852,(#10856,#10863),.PCURVE_S1.);
#10852 = LINE('',#10853,#10854);
#10853 = CARTESIAN_POINT('',(127.43096234309,6.251046025105,0.));
#10854 = VECTOR('',#10855,1.);
#10855 = DIRECTION('',(0.421111306455,-0.907008967748,0.));
#10856 = PCURVE('',#10762,#10857);
#10857 = DEFINITIONAL_REPRESENTATION('',(#10858),#10862);
#10858 = LINE('',#10859,#10860);
#10859 = CARTESIAN_POINT('',(0.,0.));
#10860 = VECTOR('',#10861,1.);
#10861 = DIRECTION('',(1.,0.));
#10862 = ( GEOMETRIC_REPRESENTATION_CONTEXT(2) 
PARAMETRIC_REPRESENTATION_CONTEXT() REPRESENTATION_CONTEXT('2D SPACE',''
  ) );
#10863 = PCURVE('',#10631,#10864);
#10864 = DEFINITIONAL_REPRESENTATION('',(#10865),#10869);
#10865 = LINE('',#10866,#10867);
#10866 = CARTESIAN_POINT('',(-7.54580937591,-10.05302509635));
#10867 = VECTOR('',#10868,1.);
#10868 = DIRECTION('',(0.421111306455,-0.907008967748));
#10869 = ( GEOMETRIC_REPRESENTATION_CONTEXT(2) 
PARAMETRIC_REPRESENTATION_CONTEXT() REPRESENTATION_CONTEXT('2D SPACE',''
  ) );
#10870 = ADVANCED_FACE('',(#10871),#10838,.F.);
#10871 = FACE_BOUND('',#10872,.F.);
#10872 = EDGE_LOOP('',(#10873,#10874,#10897,#10925));
#10873 = ORIENTED_EDGE('',*,*,#10822,.T.);
#10874 = ORIENTED_EDGE('',*,*,#10875,.T.);
#10875 = EDGE_CURVE('',#10800,#10876,#10878,.T.);
#10876 = VERTEX_POINT('',#10877);
#10877 = CARTESIAN_POINT('',(130.51882845188,1.882845188285,3.));
#10878 = SURFACE_CURVE('',#10879,(#10883,#10890),.PCURVE_S1.);
#10879 = LINE('',#10880,#10881);
#10880 = CARTESIAN_POINT('',(128.410041841,4.142259414226,3.));
#10881 = VECTOR('',#10882,1.);
#10882 = DIRECTION('',(0.68231825036,-0.731055268243,0.));
#10883 = PCURVE('',#10838,#10884);
#10884 = DEFINITIONAL_REPRESENTATION('',(#10885),#10889);
#10885 = LINE('',#10886,#10887);
#10886 = CARTESIAN_POINT('',(0.,-3.));
#10887 = VECTOR('',#10888,1.);
#10888 = DIRECTION('',(1.,0.));
#10889 = ( GEOMETRIC_REPRESENTATION_CONTEXT(2) 
PARAMETRIC_REPRESENTATION_CONTEXT() REPRESENTATION_CONTEXT('2D SPACE',''
  ) );
#10890 = PCURVE('',#10577,#10891);
#10891 = DEFINITIONAL_REPRESENTATION('',(#10892),#10896);
#10892 = LINE('',#10893,#10894);
#10893 = CARTESIAN_POINT('',(-6.566729878002,-12.16181170723));
#10894 = VECTOR('',#10895,1.);
#10895 = DIRECTION('',(0.68231825036,-0.731055268243));
#10896 = ( GEOMETRIC_REPRESENTATION_CONTEXT(2) 
PARAMETRIC_REPRESENTATION_CONTEXT() REPRESENTATION_CONTEXT('2D SPACE',''
  ) );
#10897 = ORIENTED_EDGE('',*,*,#10898,.F.);
#10898 = EDGE_CURVE('',#10899,#10876,#10901,.T.);
#10899 = VERTEX_POINT('',#10900);
#10900 = CARTESIAN_POINT('',(130.51882845188,1.882845188285,0.));
#10901 = SURFACE_CURVE('',#10902,(#10906,#10913),.PCURVE_S1.);
#10902 = LINE('',#10903,#10904);
#10903 = CARTESIAN_POINT('',(130.51882845188,1.882845188285,0.));
#10904 = VECTOR('',#10905,1.);
#10905 = DIRECTION('',(0.,0.,1.));
#10906 = PCURVE('',#10838,#10907);
#10907 = DEFINITIONAL_REPRESENTATION('',(#10908),#10912);
#10908 = LINE('',#10909,#10910);
#10909 = CARTESIAN_POINT('',(3.090620263735,0.));
#10910 = VECTOR('',#10911,1.);
#10911 = DIRECTION('',(0.,-1.));
#10912 = ( GEOMETRIC_REPRESENTATION_CONTEXT(2) 
PARAMETRIC_REPRESENTATION_CONTEXT() REPRESENTATION_CONTEXT('2D SPACE',''
  ) );
#10913 = PCURVE('',#10914,#10919);
#10914 = PLANE('',#10915);
#10915 = AXIS2_PLACEMENT_3D('',#10916,#10917,#10918);
#10916 = CARTESIAN_POINT('',(130.51882845188,1.882845188285,0.));
#10917 = DIRECTION('',(0.412507553308,0.910954180222,-0.));
#10918 = DIRECTION('',(0.910954180222,-0.412507553308,0.));
#10919 = DEFINITIONAL_REPRESENTATION('',(#10920),#10924);
#10920 = LINE('',#10921,#10922);
#10921 = CARTESIAN_POINT('',(0.,0.));
#10922 = VECTOR('',#10923,1.);
#10923 = DIRECTION('',(0.,-1.));
#10924 = ( GEOMETRIC_REPRESENTATION_CONTEXT(2) 
PARAMETRIC_REPRESENTATION_CONTEXT() REPRESENTATION_CONTEXT('2D SPACE',''
  ) );
#10925 = ORIENTED_EDGE('',*,*,#10926,.F.);
#10926 = EDGE_CURVE('',#10823,#10899,#10927,.T.);
#10927 = SURFACE_CURVE('',#10928,(#10932,#10939),.PCURVE_S1.);
#10928 = LINE('',#10929,#10930);
#10929 = CARTESIAN_POINT('',(128.410041841,4.142259414226,0.));
#10930 = VECTOR('',#10931,1.);
#10931 = DIRECTION('',(0.68231825036,-0.731055268243,0.));
#10932 = PCURVE('',#10838,#10933);
#10933 = DEFINITIONAL_REPRESENTATION('',(#10934),#10938);
#10934 = LINE('',#10935,#10936);
#10935 = CARTESIAN_POINT('',(0.,0.));
#10936 = VECTOR('',#10937,1.);
#10937 = DIRECTION('',(1.,0.));
#10938 = ( GEOMETRIC_REPRESENTATION_CONTEXT(2) 
PARAMETRIC_REPRESENTATION_CONTEXT() REPRESENTATION_CONTEXT('2D SPACE',''
  ) );
#10939 = PCURVE('',#10631,#10940);
#10940 = DEFINITIONAL_REPRESENTATION('',(#10941),#10945);
#10941 = LINE('',#10942,#10943);
#10942 = CARTESIAN_POINT('',(-6.566729878002,-12.16181170723));
#10943 = VECTOR('',#10944,1.);
#10944 = DIRECTION('',(0.68231825036,-0.731055268243));
#10945 = ( GEOMETRIC_REPRESENTATION_CONTEXT(2) 
PARAMETRIC_REPRESENTATION_CONTEXT() REPRESENTATION_CONTEXT('2D SPACE',''
  ) );
#10946 = ADVANCED_FACE('',(#10947),#10914,.F.);
#10947 = FACE_BOUND('',#10948,.F.);
#10948 = EDGE_LOOP('',(#10949,#10950,#10973,#11001));
#10949 = ORIENTED_EDGE('',*,*,#10898,.T.);
#10950 = ORIENTED_EDGE('',*,*,#10951,.T.);
#10951 = EDGE_CURVE('',#10876,#10952,#10954,.T.);
#10952 = VERTEX_POINT('',#10953);
#10953 = CARTESIAN_POINT('',(134.51046025104,7.531380753138E-02,3.));
#10954 = SURFACE_CURVE('',#10955,(#10959,#10966),.PCURVE_S1.);
#10955 = LINE('',#10956,#10957);
#10956 = CARTESIAN_POINT('',(130.51882845188,1.882845188285,3.));
#10957 = VECTOR('',#10958,1.);
#10958 = DIRECTION('',(0.910954180222,-0.412507553308,0.));
#10959 = PCURVE('',#10914,#10960);
#10960 = DEFINITIONAL_REPRESENTATION('',(#10961),#10965);
#10961 = LINE('',#10962,#10963);
#10962 = CARTESIAN_POINT('',(0.,-3.));
#10963 = VECTOR('',#10964,1.);
#10964 = DIRECTION('',(1.,0.));
#10965 = ( GEOMETRIC_REPRESENTATION_CONTEXT(2) 
PARAMETRIC_REPRESENTATION_CONTEXT() REPRESENTATION_CONTEXT('2D SPACE',''
  ) );
#10966 = PCURVE('',#10577,#10967);
#10967 = DEFINITIONAL_REPRESENTATION('',(#10968),#10972);
#10968 = LINE('',#10969,#10970);
#10969 = CARTESIAN_POINT('',(-4.457943267124,-14.42122593317));
#10970 = VECTOR('',#10971,1.);
#10971 = DIRECTION('',(0.910954180222,-0.412507553308));
#10972 = ( GEOMETRIC_REPRESENTATION_CONTEXT(2) 
PARAMETRIC_REPRESENTATION_CONTEXT() REPRESENTATION_CONTEXT('2D SPACE',''
  ) );
#10973 = ORIENTED_EDGE('',*,*,#10974,.F.);
#10974 = EDGE_CURVE('',#10975,#10952,#10977,.T.);
#10975 = VERTEX_POINT('',#10976);
#10976 = CARTESIAN_POINT('',(134.51046025104,7.531380753138E-02,0.));
#10977 = SURFACE_CURVE('',#10978,(#10982,#10989),.PCURVE_S1.);
#10978 = LINE('',#10979,#10980);
#10979 = CARTESIAN_POINT('',(134.51046025104,7.531380753138E-02,0.));
#10980 = VECTOR('',#10981,1.);
#10981 = DIRECTION('',(0.,0.,1.));
#10982 = PCURVE('',#10914,#10983);
#10983 = DEFINITIONAL_REPRESENTATION('',(#10984),#10988);
#10984 = LINE('',#10985,#10986);
#10985 = CARTESIAN_POINT('',(4.381814020756,0.));
#10986 = VECTOR('',#10987,1.);
#10987 = DIRECTION('',(0.,-1.));
#10988 = ( GEOMETRIC_REPRESENTATION_CONTEXT(2) 
PARAMETRIC_REPRESENTATION_CONTEXT() REPRESENTATION_CONTEXT('2D SPACE',''
  ) );
#10989 = PCURVE('',#10990,#10995);
#10990 = PLANE('',#10991);
#10991 = AXIS2_PLACEMENT_3D('',#10992,#10993,#10994);
#10992 = CARTESIAN_POINT('',(134.51046025104,7.531380753138E-02,0.));
#10993 = DIRECTION('',(-6.211060317881E-03,0.999980711179,0.));
#10994 = DIRECTION('',(0.999980711179,6.211060317881E-03,0.));
#10995 = DEFINITIONAL_REPRESENTATION('',(#10996),#11000);
#10996 = LINE('',#10997,#10998);
#10997 = CARTESIAN_POINT('',(0.,0.));
#10998 = VECTOR('',#10999,1.);
#10999 = DIRECTION('',(0.,-1.));
#11000 = ( GEOMETRIC_REPRESENTATION_CONTEXT(2) 
PARAMETRIC_REPRESENTATION_CONTEXT() REPRESENTATION_CONTEXT('2D SPACE',''
  ) );
#11001 = ORIENTED_EDGE('',*,*,#11002,.F.);
#11002 = EDGE_CURVE('',#10899,#10975,#11003,.T.);
#11003 = SURFACE_CURVE('',#11004,(#11008,#11015),.PCURVE_S1.);
#11004 = LINE('',#11005,#11006);
#11005 = CARTESIAN_POINT('',(130.51882845188,1.882845188285,0.));
#11006 = VECTOR('',#11007,1.);
#11007 = DIRECTION('',(0.910954180222,-0.412507553308,0.));
#11008 = PCURVE('',#10914,#11009);
#11009 = DEFINITIONAL_REPRESENTATION('',(#11010),#11014);
#11010 = LINE('',#11011,#11012);
#11011 = CARTESIAN_POINT('',(0.,0.));
#11012 = VECTOR('',#11013,1.);
#11013 = DIRECTION('',(1.,0.));
#11014 = ( GEOMETRIC_REPRESENTATION_CONTEXT(2) 
PARAMETRIC_REPRESENTATION_CONTEXT() REPRESENTATION_CONTEXT('2D SPACE',''
  ) );
#11015 = PCURVE('',#10631,#11016);
#11016 = DEFINITIONAL_REPRESENTATION('',(#11017),#11021);
#11017 = LINE('',#11018,#11019);
#11018 = CARTESIAN_POINT('',(-4.457943267124,-14.42122593317));
#11019 = VECTOR('',#11020,1.);
#11020 = DIRECTION('',(0.910954180222,-0.412507553308));
#11021 = ( GEOMETRIC_REPRESENTATION_CONTEXT(2) 
PARAMETRIC_REPRESENTATION_CONTEXT() REPRESENTATION_CONTEXT('2D SPACE',''
  ) );
#11022 = ADVANCED_FACE('',(#11023),#10990,.F.);
#11023 = FACE_BOUND('',#11024,.F.);
#11024 = EDGE_LOOP('',(#11025,#11026,#11049,#11077));
#11025 = ORIENTED_EDGE('',*,*,#10974,.T.);
#11026 = ORIENTED_EDGE('',*,*,#11027,.T.);
#11027 = EDGE_CURVE('',#10952,#11028,#11030,.T.);
#11028 = VERTEX_POINT('',#11029);
#11029 = CARTESIAN_POINT('',(146.63598326359,0.150627615063,3.));
#11030 = SURFACE_CURVE('',#11031,(#11035,#11042),.PCURVE_S1.);
#11031 = LINE('',#11032,#11033);
#11032 = CARTESIAN_POINT('',(134.51046025104,7.531380753138E-02,3.));
#11033 = VECTOR('',#11034,1.);
#11034 = DIRECTION('',(0.999980711179,6.211060317881E-03,0.));
#11035 = PCURVE('',#10990,#11036);
#11036 = DEFINITIONAL_REPRESENTATION('',(#11037),#11041);
#11037 = LINE('',#11038,#11039);
#11038 = CARTESIAN_POINT('',(0.,-3.));
#11039 = VECTOR('',#11040,1.);
#11040 = DIRECTION('',(1.,0.));
#11041 = ( GEOMETRIC_REPRESENTATION_CONTEXT(2) 
PARAMETRIC_REPRESENTATION_CONTEXT() REPRESENTATION_CONTEXT('2D SPACE',''
  ) );
#11042 = PCURVE('',#10577,#11043);
#11043 = DEFINITIONAL_REPRESENTATION('',(#11044),#11048);
#11044 = LINE('',#11045,#11046);
#11045 = CARTESIAN_POINT('',(-0.466311467961,-16.22875731392));
#11046 = VECTOR('',#11047,1.);
#11047 = DIRECTION('',(0.999980711179,6.211060317881E-03));
#11048 = ( GEOMETRIC_REPRESENTATION_CONTEXT(2) 
PARAMETRIC_REPRESENTATION_CONTEXT() REPRESENTATION_CONTEXT('2D SPACE',''
  ) );
#11049 = ORIENTED_EDGE('',*,*,#11050,.F.);
#11050 = EDGE_CURVE('',#11051,#11028,#11053,.T.);
#11051 = VERTEX_POINT('',#11052);
#11052 = CARTESIAN_POINT('',(146.63598326359,0.150627615063,0.));
#11053 = SURFACE_CURVE('',#11054,(#11058,#11065),.PCURVE_S1.);
#11054 = LINE('',#11055,#11056);
#11055 = CARTESIAN_POINT('',(146.63598326359,0.150627615063,0.));
#11056 = VECTOR('',#11057,1.);
#11057 = DIRECTION('',(0.,0.,1.));
#11058 = PCURVE('',#10990,#11059);
#11059 = DEFINITIONAL_REPRESENTATION('',(#11060),#11064);
#11060 = LINE('',#11061,#11062);
#11061 = CARTESIAN_POINT('',(12.125756904109,0.));
#11062 = VECTOR('',#11063,1.);
#11063 = DIRECTION('',(0.,-1.));
#11064 = ( GEOMETRIC_REPRESENTATION_CONTEXT(2) 
PARAMETRIC_REPRESENTATION_CONTEXT() REPRESENTATION_CONTEXT('2D SPACE',''
  ) );
#11065 = PCURVE('',#11066,#11071);
#11066 = PLANE('',#11067);
#11067 = AXIS2_PLACEMENT_3D('',#11068,#11069,#11070);
#11068 = CARTESIAN_POINT('',(146.63598326359,0.150627615063,0.));
#11069 = DIRECTION('',(-0.813733471207,0.581238193719,0.));
#11070 = DIRECTION('',(0.581238193719,0.813733471207,0.));
#11071 = DEFINITIONAL_REPRESENTATION('',(#11072),#11076);
#11072 = LINE('',#11073,#11074);
#11073 = CARTESIAN_POINT('',(0.,0.));
#11074 = VECTOR('',#11075,1.);
#11075 = DIRECTION('',(0.,-1.));
#11076 = ( GEOMETRIC_REPRESENTATION_CONTEXT(2) 
PARAMETRIC_REPRESENTATION_CONTEXT() REPRESENTATION_CONTEXT('2D SPACE',''
  ) );
#11077 = ORIENTED_EDGE('',*,*,#11078,.F.);
#11078 = EDGE_CURVE('',#10975,#11051,#11079,.T.);
#11079 = SURFACE_CURVE('',#11080,(#11084,#11091),.PCURVE_S1.);
#11080 = LINE('',#11081,#11082);
#11081 = CARTESIAN_POINT('',(134.51046025104,7.531380753138E-02,0.));
#11082 = VECTOR('',#11083,1.);
#11083 = DIRECTION('',(0.999980711179,6.211060317881E-03,0.));
#11084 = PCURVE('',#10990,#11085);
#11085 = DEFINITIONAL_REPRESENTATION('',(#11086),#11090);
#11086 = LINE('',#11087,#11088);
#11087 = CARTESIAN_POINT('',(0.,0.));
#11088 = VECTOR('',#11089,1.);
#11089 = DIRECTION('',(1.,0.));
#11090 = ( GEOMETRIC_REPRESENTATION_CONTEXT(2) 
PARAMETRIC_REPRESENTATION_CONTEXT() REPRESENTATION_CONTEXT('2D SPACE',''
  ) );
#11091 = PCURVE('',#10631,#11092);
#11092 = DEFINITIONAL_REPRESENTATION('',(#11093),#11097);
#11093 = LINE('',#11094,#11095);
#11094 = CARTESIAN_POINT('',(-0.466311467961,-16.22875731392));
#11095 = VECTOR('',#11096,1.);
#11096 = DIRECTION('',(0.999980711179,6.211060317881E-03));
#11097 = ( GEOMETRIC_REPRESENTATION_CONTEXT(2) 
PARAMETRIC_REPRESENTATION_CONTEXT() REPRESENTATION_CONTEXT('2D SPACE',''
  ) );
#11098 = ADVANCED_FACE('',(#11099),#11066,.F.);
#11099 = FACE_BOUND('',#11100,.F.);
#11100 = EDGE_LOOP('',(#11101,#11102,#11125,#11153));
#11101 = ORIENTED_EDGE('',*,*,#11050,.T.);
#11102 = ORIENTED_EDGE('',*,*,#11103,.T.);
#11103 = EDGE_CURVE('',#11028,#11104,#11106,.T.);
#11104 = VERTEX_POINT('',#11105);
#11105 = CARTESIAN_POINT('',(147.01255230125,0.677824267782,3.));
#11106 = SURFACE_CURVE('',#11107,(#11111,#11118),.PCURVE_S1.);
#11107 = LINE('',#11108,#11109);
#11108 = CARTESIAN_POINT('',(146.63598326359,0.150627615063,3.));
#11109 = VECTOR('',#11110,1.);
#11110 = DIRECTION('',(0.581238193719,0.813733471207,0.));
#11111 = PCURVE('',#11066,#11112);
#11112 = DEFINITIONAL_REPRESENTATION('',(#11113),#11117);
#11113 = LINE('',#11114,#11115);
#11114 = CARTESIAN_POINT('',(0.,-3.));
#11115 = VECTOR('',#11116,1.);
#11116 = DIRECTION('',(1.,0.));
#11117 = ( GEOMETRIC_REPRESENTATION_CONTEXT(2) 
PARAMETRIC_REPRESENTATION_CONTEXT() REPRESENTATION_CONTEXT('2D SPACE',''
  ) );
#11118 = PCURVE('',#10577,#11119);
#11119 = DEFINITIONAL_REPRESENTATION('',(#11120),#11124);
#11120 = LINE('',#11121,#11122);
#11121 = CARTESIAN_POINT('',(11.659211544592,-16.15344350639));
#11122 = VECTOR('',#11123,1.);
#11123 = DIRECTION('',(0.581238193719,0.813733471207));
#11124 = ( GEOMETRIC_REPRESENTATION_CONTEXT(2) 
PARAMETRIC_REPRESENTATION_CONTEXT() REPRESENTATION_CONTEXT('2D SPACE',''
  ) );
#11125 = ORIENTED_EDGE('',*,*,#11126,.F.);
#11126 = EDGE_CURVE('',#11127,#11104,#11129,.T.);
#11127 = VERTEX_POINT('',#11128);
#11128 = CARTESIAN_POINT('',(147.01255230125,0.677824267782,0.));
#11129 = SURFACE_CURVE('',#11130,(#11134,#11141),.PCURVE_S1.);
#11130 = LINE('',#11131,#11132);
#11131 = CARTESIAN_POINT('',(147.01255230125,0.677824267782,0.));
#11132 = VECTOR('',#11133,1.);
#11133 = DIRECTION('',(0.,0.,1.));
#11134 = PCURVE('',#11066,#11135);
#11135 = DEFINITIONAL_REPRESENTATION('',(#11136),#11140);
#11136 = LINE('',#11137,#11138);
#11137 = CARTESIAN_POINT('',(0.647873869484,0.));
#11138 = VECTOR('',#11139,1.);
#11139 = DIRECTION('',(0.,-1.));
#11140 = ( GEOMETRIC_REPRESENTATION_CONTEXT(2) 
PARAMETRIC_REPRESENTATION_CONTEXT() REPRESENTATION_CONTEXT('2D SPACE',''
  ) );
#11141 = PCURVE('',#11142,#11147);
#11142 = PLANE('',#11143);
#11143 = AXIS2_PLACEMENT_3D('',#11144,#11145,#11146);
#11144 = CARTESIAN_POINT('',(147.01255230125,0.677824267782,0.));
#11145 = DIRECTION('',(-0.999856394054,-1.694671854329E-02,0.));
#11146 = DIRECTION('',(-1.694671854329E-02,0.999856394054,0.));
#11147 = DEFINITIONAL_REPRESENTATION('',(#11148),#11152);
#11148 = LINE('',#11149,#11150);
#11149 = CARTESIAN_POINT('',(0.,0.));
#11150 = VECTOR('',#11151,1.);
#11151 = DIRECTION('',(0.,-1.));
#11152 = ( GEOMETRIC_REPRESENTATION_CONTEXT(2) 
PARAMETRIC_REPRESENTATION_CONTEXT() REPRESENTATION_CONTEXT('2D SPACE',''
  ) );
#11153 = ORIENTED_EDGE('',*,*,#11154,.F.);
#11154 = EDGE_CURVE('',#11051,#11127,#11155,.T.);
#11155 = SURFACE_CURVE('',#11156,(#11160,#11167),.PCURVE_S1.);
#11156 = LINE('',#11157,#11158);
#11157 = CARTESIAN_POINT('',(146.63598326359,0.150627615063,0.));
#11158 = VECTOR('',#11159,1.);
#11159 = DIRECTION('',(0.581238193719,0.813733471207,0.));
#11160 = PCURVE('',#11066,#11161);
#11161 = DEFINITIONAL_REPRESENTATION('',(#11162),#11166);
#11162 = LINE('',#11163,#11164);
#11163 = CARTESIAN_POINT('',(0.,0.));
#11164 = VECTOR('',#11165,1.);
#11165 = DIRECTION('',(1.,0.));
#11166 = ( GEOMETRIC_REPRESENTATION_CONTEXT(2) 
PARAMETRIC_REPRESENTATION_CONTEXT() REPRESENTATION_CONTEXT('2D SPACE',''
  ) );
#11167 = PCURVE('',#10631,#11168);
#11168 = DEFINITIONAL_REPRESENTATION('',(#11169),#11173);
#11169 = LINE('',#11170,#11171);
#11170 = CARTESIAN_POINT('',(11.659211544592,-16.15344350639));
#11171 = VECTOR('',#11172,1.);
#11172 = DIRECTION('',(0.581238193719,0.813733471207));
#11173 = ( GEOMETRIC_REPRESENTATION_CONTEXT(2) 
PARAMETRIC_REPRESENTATION_CONTEXT() REPRESENTATION_CONTEXT('2D SPACE',''
  ) );
#11174 = ADVANCED_FACE('',(#11175),#11142,.F.);
#11175 = FACE_BOUND('',#11176,.F.);
#11176 = EDGE_LOOP('',(#11177,#11178,#11201,#11229));
#11177 = ORIENTED_EDGE('',*,*,#11126,.T.);
#11178 = ORIENTED_EDGE('',*,*,#11179,.T.);
#11179 = EDGE_CURVE('',#11104,#11180,#11182,.T.);
#11180 = VERTEX_POINT('',#11181);
#11181 = CARTESIAN_POINT('',(146.86192468619,9.564853556485,3.));
#11182 = SURFACE_CURVE('',#11183,(#11187,#11194),.PCURVE_S1.);
#11183 = LINE('',#11184,#11185);
#11184 = CARTESIAN_POINT('',(147.01255230125,0.677824267782,3.));
#11185 = VECTOR('',#11186,1.);
#11186 = DIRECTION('',(-1.694671854329E-02,0.999856394054,0.));
#11187 = PCURVE('',#11142,#11188);
#11188 = DEFINITIONAL_REPRESENTATION('',(#11189),#11193);
#11189 = LINE('',#11190,#11191);
#11190 = CARTESIAN_POINT('',(0.,-3.));
#11191 = VECTOR('',#11192,1.);
#11192 = DIRECTION('',(1.,0.));
#11193 = ( GEOMETRIC_REPRESENTATION_CONTEXT(2) 
PARAMETRIC_REPRESENTATION_CONTEXT() REPRESENTATION_CONTEXT('2D SPACE',''
  ) );
#11194 = PCURVE('',#10577,#11195);
#11195 = DEFINITIONAL_REPRESENTATION('',(#11196),#11200);
#11196 = LINE('',#11197,#11198);
#11197 = CARTESIAN_POINT('',(12.035780582249,-15.62624685367));
#11198 = VECTOR('',#11199,1.);
#11199 = DIRECTION('',(-1.694671854329E-02,0.999856394054));
#11200 = ( GEOMETRIC_REPRESENTATION_CONTEXT(2) 
PARAMETRIC_REPRESENTATION_CONTEXT() REPRESENTATION_CONTEXT('2D SPACE',''
  ) );
#11201 = ORIENTED_EDGE('',*,*,#11202,.F.);
#11202 = EDGE_CURVE('',#11203,#11180,#11205,.T.);
#11203 = VERTEX_POINT('',#11204);
#11204 = CARTESIAN_POINT('',(146.86192468619,9.564853556485,0.));
#11205 = SURFACE_CURVE('',#11206,(#11210,#11217),.PCURVE_S1.);
#11206 = LINE('',#11207,#11208);
#11207 = CARTESIAN_POINT('',(146.86192468619,9.564853556485,0.));
#11208 = VECTOR('',#11209,1.);
#11209 = DIRECTION('',(0.,0.,1.));
#11210 = PCURVE('',#11142,#11211);
#11211 = DEFINITIONAL_REPRESENTATION('',(#11212),#11216);
#11212 = LINE('',#11213,#11214);
#11213 = CARTESIAN_POINT('',(8.888305702252,0.));
#11214 = VECTOR('',#11215,1.);
#11215 = DIRECTION('',(0.,-1.));
#11216 = ( GEOMETRIC_REPRESENTATION_CONTEXT(2) 
PARAMETRIC_REPRESENTATION_CONTEXT() REPRESENTATION_CONTEXT('2D SPACE',''
  ) );
#11217 = PCURVE('',#11218,#11223);
#11218 = PLANE('',#11219);
#11219 = AXIS2_PLACEMENT_3D('',#11220,#11221,#11222);
#11220 = CARTESIAN_POINT('',(146.86192468619,9.564853556485,0.));
#11221 = DIRECTION('',(-0.393919298579,-0.919145030018,0.));
#11222 = DIRECTION('',(-0.919145030018,0.393919298579,0.));
#11223 = DEFINITIONAL_REPRESENTATION('',(#11224),#11228);
#11224 = LINE('',#11225,#11226);
#11225 = CARTESIAN_POINT('',(0.,0.));
#11226 = VECTOR('',#11227,1.);
#11227 = DIRECTION('',(0.,-1.));
#11228 = ( GEOMETRIC_REPRESENTATION_CONTEXT(2) 
PARAMETRIC_REPRESENTATION_CONTEXT() REPRESENTATION_CONTEXT('2D SPACE',''
  ) );
#11229 = ORIENTED_EDGE('',*,*,#11230,.F.);
#11230 = EDGE_CURVE('',#11127,#11203,#11231,.T.);
#11231 = SURFACE_CURVE('',#11232,(#11236,#11243),.PCURVE_S1.);
#11232 = LINE('',#11233,#11234);
#11233 = CARTESIAN_POINT('',(147.01255230125,0.677824267782,0.));
#11234 = VECTOR('',#11235,1.);
#11235 = DIRECTION('',(-1.694671854329E-02,0.999856394054,0.));
#11236 = PCURVE('',#11142,#11237);
#11237 = DEFINITIONAL_REPRESENTATION('',(#11238),#11242);
#11238 = LINE('',#11239,#11240);
#11239 = CARTESIAN_POINT('',(0.,0.));
#11240 = VECTOR('',#11241,1.);
#11241 = DIRECTION('',(1.,0.));
#11242 = ( GEOMETRIC_REPRESENTATION_CONTEXT(2) 
PARAMETRIC_REPRESENTATION_CONTEXT() REPRESENTATION_CONTEXT('2D SPACE',''
  ) );
#11243 = PCURVE('',#10631,#11244);
#11244 = DEFINITIONAL_REPRESENTATION('',(#11245),#11249);
#11245 = LINE('',#11246,#11247);
#11246 = CARTESIAN_POINT('',(12.035780582249,-15.62624685367));
#11247 = VECTOR('',#11248,1.);
#11248 = DIRECTION('',(-1.694671854329E-02,0.999856394054));
#11249 = ( GEOMETRIC_REPRESENTATION_CONTEXT(2) 
PARAMETRIC_REPRESENTATION_CONTEXT() REPRESENTATION_CONTEXT('2D SPACE',''
  ) );
#11250 = ADVANCED_FACE('',(#11251),#11218,.F.);
#11251 = FACE_BOUND('',#11252,.F.);
#11252 = EDGE_LOOP('',(#11253,#11254,#11277,#11305));
#11253 = ORIENTED_EDGE('',*,*,#11202,.T.);
#11254 = ORIENTED_EDGE('',*,*,#11255,.T.);
#11255 = EDGE_CURVE('',#11180,#11256,#11258,.T.);
#11256 = VERTEX_POINT('',#11257);
#11257 = CARTESIAN_POINT('',(145.80753138075,10.016736401674,3.));
#11258 = SURFACE_CURVE('',#11259,(#11263,#11270),.PCURVE_S1.);
#11259 = LINE('',#11260,#11261);
#11260 = CARTESIAN_POINT('',(146.86192468619,9.564853556485,3.));
#11261 = VECTOR('',#11262,1.);
#11262 = DIRECTION('',(-0.919145030018,0.393919298579,0.));
#11263 = PCURVE('',#11218,#11264);
#11264 = DEFINITIONAL_REPRESENTATION('',(#11265),#11269);
#11265 = LINE('',#11266,#11267);
#11266 = CARTESIAN_POINT('',(0.,-3.));
#11267 = VECTOR('',#11268,1.);
#11268 = DIRECTION('',(1.,0.));
#11269 = ( GEOMETRIC_REPRESENTATION_CONTEXT(2) 
PARAMETRIC_REPRESENTATION_CONTEXT() REPRESENTATION_CONTEXT('2D SPACE',''
  ) );
#11270 = PCURVE('',#10577,#11271);
#11271 = DEFINITIONAL_REPRESENTATION('',(#11272),#11276);
#11272 = LINE('',#11273,#11274);
#11273 = CARTESIAN_POINT('',(11.885152967186,-6.739217564973));
#11274 = VECTOR('',#11275,1.);
#11275 = DIRECTION('',(-0.919145030018,0.393919298579));
#11276 = ( GEOMETRIC_REPRESENTATION_CONTEXT(2) 
PARAMETRIC_REPRESENTATION_CONTEXT() REPRESENTATION_CONTEXT('2D SPACE',''
  ) );
#11277 = ORIENTED_EDGE('',*,*,#11278,.F.);
#11278 = EDGE_CURVE('',#11279,#11256,#11281,.T.);
#11279 = VERTEX_POINT('',#11280);
#11280 = CARTESIAN_POINT('',(145.80753138075,10.016736401674,0.));
#11281 = SURFACE_CURVE('',#11282,(#11286,#11293),.PCURVE_S1.);
#11282 = LINE('',#11283,#11284);
#11283 = CARTESIAN_POINT('',(145.80753138075,10.016736401674,0.));
#11284 = VECTOR('',#11285,1.);
#11285 = DIRECTION('',(0.,0.,1.));
#11286 = PCURVE('',#11218,#11287);
#11287 = DEFINITIONAL_REPRESENTATION('',(#11288),#11292);
#11288 = LINE('',#11289,#11290);
#11289 = CARTESIAN_POINT('',(1.147145739795,0.));
#11290 = VECTOR('',#11291,1.);
#11291 = DIRECTION('',(0.,-1.));
#11292 = ( GEOMETRIC_REPRESENTATION_CONTEXT(2) 
PARAMETRIC_REPRESENTATION_CONTEXT() REPRESENTATION_CONTEXT('2D SPACE',''
  ) );
#11293 = PCURVE('',#11294,#11299);
#11294 = PLANE('',#11295);
#11295 = AXIS2_PLACEMENT_3D('',#11296,#11297,#11298);
#11296 = CARTESIAN_POINT('',(145.80753138075,10.016736401674,0.));
#11297 = DIRECTION('',(-2.630668208823E-02,-0.999653919353,0.));
#11298 = DIRECTION('',(-0.999653919353,2.630668208823E-02,0.));
#11299 = DEFINITIONAL_REPRESENTATION('',(#11300),#11304);
#11300 = LINE('',#11301,#11302);
#11301 = CARTESIAN_POINT('',(0.,0.));
#11302 = VECTOR('',#11303,1.);
#11303 = DIRECTION('',(0.,-1.));
#11304 = ( GEOMETRIC_REPRESENTATION_CONTEXT(2) 
PARAMETRIC_REPRESENTATION_CONTEXT() REPRESENTATION_CONTEXT('2D SPACE',''
  ) );
#11305 = ORIENTED_EDGE('',*,*,#11306,.F.);
#11306 = EDGE_CURVE('',#11203,#11279,#11307,.T.);
#11307 = SURFACE_CURVE('',#11308,(#11312,#11319),.PCURVE_S1.);
#11308 = LINE('',#11309,#11310);
#11309 = CARTESIAN_POINT('',(146.86192468619,9.564853556485,0.));
#11310 = VECTOR('',#11311,1.);
#11311 = DIRECTION('',(-0.919145030018,0.393919298579,0.));
#11312 = PCURVE('',#11218,#11313);
#11313 = DEFINITIONAL_REPRESENTATION('',(#11314),#11318);
#11314 = LINE('',#11315,#11316);
#11315 = CARTESIAN_POINT('',(0.,0.));
#11316 = VECTOR('',#11317,1.);
#11317 = DIRECTION('',(1.,0.));
#11318 = ( GEOMETRIC_REPRESENTATION_CONTEXT(2) 
PARAMETRIC_REPRESENTATION_CONTEXT() REPRESENTATION_CONTEXT('2D SPACE',''
  ) );
#11319 = PCURVE('',#10631,#11320);
#11320 = DEFINITIONAL_REPRESENTATION('',(#11321),#11325);
#11321 = LINE('',#11322,#11323);
#11322 = CARTESIAN_POINT('',(11.885152967186,-6.739217564973));
#11323 = VECTOR('',#11324,1.);
#11324 = DIRECTION('',(-0.919145030018,0.393919298579));
#11325 = ( GEOMETRIC_REPRESENTATION_CONTEXT(2) 
PARAMETRIC_REPRESENTATION_CONTEXT() REPRESENTATION_CONTEXT('2D SPACE',''
  ) );
#11326 = ADVANCED_FACE('',(#11327),#11294,.F.);
#11327 = FACE_BOUND('',#11328,.F.);
#11328 = EDGE_LOOP('',(#11329,#11330,#11353,#11381));
#11329 = ORIENTED_EDGE('',*,*,#11278,.T.);
#11330 = ORIENTED_EDGE('',*,*,#11331,.T.);
#11331 = EDGE_CURVE('',#11256,#11332,#11334,.T.);
#11332 = VERTEX_POINT('',#11333);
#11333 = CARTESIAN_POINT('',(140.08368200836,10.167364016736,3.));
#11334 = SURFACE_CURVE('',#11335,(#11339,#11346),.PCURVE_S1.);
#11335 = LINE('',#11336,#11337);
#11336 = CARTESIAN_POINT('',(145.80753138075,10.016736401674,3.));
#11337 = VECTOR('',#11338,1.);
#11338 = DIRECTION('',(-0.999653919353,2.630668208823E-02,0.));
#11339 = PCURVE('',#11294,#11340);
#11340 = DEFINITIONAL_REPRESENTATION('',(#11341),#11345);
#11341 = LINE('',#11342,#11343);
#11342 = CARTESIAN_POINT('',(0.,-3.));
#11343 = VECTOR('',#11344,1.);
#11344 = DIRECTION('',(1.,0.));
#11345 = ( GEOMETRIC_REPRESENTATION_CONTEXT(2) 
PARAMETRIC_REPRESENTATION_CONTEXT() REPRESENTATION_CONTEXT('2D SPACE',''
  ) );
#11346 = PCURVE('',#10577,#11347);
#11347 = DEFINITIONAL_REPRESENTATION('',(#11348),#11352);
#11348 = LINE('',#11349,#11350);
#11349 = CARTESIAN_POINT('',(10.830759661747,-6.287334719785));
#11350 = VECTOR('',#11351,1.);
#11351 = DIRECTION('',(-0.999653919353,2.630668208823E-02));
#11352 = ( GEOMETRIC_REPRESENTATION_CONTEXT(2) 
PARAMETRIC_REPRESENTATION_CONTEXT() REPRESENTATION_CONTEXT('2D SPACE',''
  ) );
#11353 = ORIENTED_EDGE('',*,*,#11354,.F.);
#11354 = EDGE_CURVE('',#11355,#11332,#11357,.T.);
#11355 = VERTEX_POINT('',#11356);
#11356 = CARTESIAN_POINT('',(140.08368200836,10.167364016736,0.));
#11357 = SURFACE_CURVE('',#11358,(#11362,#11369),.PCURVE_S1.);
#11358 = LINE('',#11359,#11360);
#11359 = CARTESIAN_POINT('',(140.08368200836,10.167364016736,0.));
#11360 = VECTOR('',#11361,1.);
#11361 = DIRECTION('',(0.,0.,1.));
#11362 = PCURVE('',#11294,#11363);
#11363 = DEFINITIONAL_REPRESENTATION('',(#11364),#11368);
#11364 = LINE('',#11365,#11366);
#11365 = CARTESIAN_POINT('',(5.725830971673,0.));
#11366 = VECTOR('',#11367,1.);
#11367 = DIRECTION('',(0.,-1.));
#11368 = ( GEOMETRIC_REPRESENTATION_CONTEXT(2) 
PARAMETRIC_REPRESENTATION_CONTEXT() REPRESENTATION_CONTEXT('2D SPACE',''
  ) );
#11369 = PCURVE('',#11370,#11375);
#11370 = PLANE('',#11371);
#11371 = AXIS2_PLACEMENT_3D('',#11372,#11373,#11374);
#11372 = CARTESIAN_POINT('',(140.08368200836,10.167364016736,0.));
#11373 = DIRECTION('',(-0.371390676354,-0.928476690885,0.));
#11374 = DIRECTION('',(-0.928476690885,0.371390676354,0.));
#11375 = DEFINITIONAL_REPRESENTATION('',(#11376),#11380);
#11376 = LINE('',#11377,#11378);
#11377 = CARTESIAN_POINT('',(0.,0.));
#11378 = VECTOR('',#11379,1.);
#11379 = DIRECTION('',(0.,-1.));
#11380 = ( GEOMETRIC_REPRESENTATION_CONTEXT(2) 
PARAMETRIC_REPRESENTATION_CONTEXT() REPRESENTATION_CONTEXT('2D SPACE',''
  ) );
#11381 = ORIENTED_EDGE('',*,*,#11382,.F.);
#11382 = EDGE_CURVE('',#11279,#11355,#11383,.T.);
#11383 = SURFACE_CURVE('',#11384,(#11388,#11395),.PCURVE_S1.);
#11384 = LINE('',#11385,#11386);
#11385 = CARTESIAN_POINT('',(145.80753138075,10.016736401674,0.));
#11386 = VECTOR('',#11387,1.);
#11387 = DIRECTION('',(-0.999653919353,2.630668208823E-02,0.));
#11388 = PCURVE('',#11294,#11389);
#11389 = DEFINITIONAL_REPRESENTATION('',(#11390),#11394);
#11390 = LINE('',#11391,#11392);
#11391 = CARTESIAN_POINT('',(0.,0.));
#11392 = VECTOR('',#11393,1.);
#11393 = DIRECTION('',(1.,0.));
#11394 = ( GEOMETRIC_REPRESENTATION_CONTEXT(2) 
PARAMETRIC_REPRESENTATION_CONTEXT() REPRESENTATION_CONTEXT('2D SPACE',''
  ) );
#11395 = PCURVE('',#10631,#11396);
#11396 = DEFINITIONAL_REPRESENTATION('',(#11397),#11401);
#11397 = LINE('',#11398,#11399);
#11398 = CARTESIAN_POINT('',(10.830759661747,-6.287334719785));
#11399 = VECTOR('',#11400,1.);
#11400 = DIRECTION('',(-0.999653919353,2.630668208823E-02));
#11401 = ( GEOMETRIC_REPRESENTATION_CONTEXT(2) 
PARAMETRIC_REPRESENTATION_CONTEXT() REPRESENTATION_CONTEXT('2D SPACE',''
  ) );
#11402 = ADVANCED_FACE('',(#11403),#11370,.F.);
#11403 = FACE_BOUND('',#11404,.F.);
#11404 = EDGE_LOOP('',(#11405,#11406,#11429,#11457));
#11405 = ORIENTED_EDGE('',*,*,#11354,.T.);
#11406 = ORIENTED_EDGE('',*,*,#11407,.T.);
#11407 = EDGE_CURVE('',#11332,#11408,#11410,.T.);
#11408 = VERTEX_POINT('',#11409);
#11409 = CARTESIAN_POINT('',(138.57740585774,10.769874476987,3.));
#11410 = SURFACE_CURVE('',#11411,(#11415,#11422),.PCURVE_S1.);
#11411 = LINE('',#11412,#11413);
#11412 = CARTESIAN_POINT('',(140.08368200836,10.167364016736,3.));
#11413 = VECTOR('',#11414,1.);
#11414 = DIRECTION('',(-0.928476690885,0.371390676354,0.));
#11415 = PCURVE('',#11370,#11416);
#11416 = DEFINITIONAL_REPRESENTATION('',(#11417),#11421);
#11417 = LINE('',#11418,#11419);
#11418 = CARTESIAN_POINT('',(0.,-3.));
#11419 = VECTOR('',#11420,1.);
#11420 = DIRECTION('',(1.,0.));
#11421 = ( GEOMETRIC_REPRESENTATION_CONTEXT(2) 
PARAMETRIC_REPRESENTATION_CONTEXT() REPRESENTATION_CONTEXT('2D SPACE',''
  ) );
#11422 = PCURVE('',#10577,#11423);
#11423 = DEFINITIONAL_REPRESENTATION('',(#11424),#11428);
#11424 = LINE('',#11425,#11426);
#11425 = CARTESIAN_POINT('',(5.106910289362,-6.136707104722));
#11426 = VECTOR('',#11427,1.);
#11427 = DIRECTION('',(-0.928476690885,0.371390676354));
#11428 = ( GEOMETRIC_REPRESENTATION_CONTEXT(2) 
PARAMETRIC_REPRESENTATION_CONTEXT() REPRESENTATION_CONTEXT('2D SPACE',''
  ) );
#11429 = ORIENTED_EDGE('',*,*,#11430,.F.);
#11430 = EDGE_CURVE('',#11431,#11408,#11433,.T.);
#11431 = VERTEX_POINT('',#11432);
#11432 = CARTESIAN_POINT('',(138.57740585774,10.769874476987,0.));
#11433 = SURFACE_CURVE('',#11434,(#11438,#11445),.PCURVE_S1.);
#11434 = LINE('',#11435,#11436);
#11435 = CARTESIAN_POINT('',(138.57740585774,10.769874476987,0.));
#11436 = VECTOR('',#11437,1.);
#11437 = DIRECTION('',(0.,0.,1.));
#11438 = PCURVE('',#11370,#11439);
#11439 = DEFINITIONAL_REPRESENTATION('',(#11440),#11444);
#11440 = LINE('',#11441,#11442);
#11441 = CARTESIAN_POINT('',(1.622309063237,0.));
#11442 = VECTOR('',#11443,1.);
#11443 = DIRECTION('',(0.,-1.));
#11444 = ( GEOMETRIC_REPRESENTATION_CONTEXT(2) 
PARAMETRIC_REPRESENTATION_CONTEXT() REPRESENTATION_CONTEXT('2D SPACE',''
  ) );
#11445 = PCURVE('',#11446,#11451);
#11446 = PLANE('',#11447);
#11447 = AXIS2_PLACEMENT_3D('',#11448,#11449,#11450);
#11448 = CARTESIAN_POINT('',(138.57740585774,10.769874476987,0.));
#11449 = DIRECTION('',(-0.832050294338,-0.554700196225,0.));
#11450 = DIRECTION('',(-0.554700196225,0.832050294338,0.));
#11451 = DEFINITIONAL_REPRESENTATION('',(#11452),#11456);
#11452 = LINE('',#11453,#11454);
#11453 = CARTESIAN_POINT('',(0.,0.));
#11454 = VECTOR('',#11455,1.);
#11455 = DIRECTION('',(0.,-1.));
#11456 = ( GEOMETRIC_REPRESENTATION_CONTEXT(2) 
PARAMETRIC_REPRESENTATION_CONTEXT() REPRESENTATION_CONTEXT('2D SPACE',''
  ) );
#11457 = ORIENTED_EDGE('',*,*,#11458,.F.);
#11458 = EDGE_CURVE('',#11355,#11431,#11459,.T.);
#11459 = SURFACE_CURVE('',#11460,(#11464,#11471),.PCURVE_S1.);
#11460 = LINE('',#11461,#11462);
#11461 = CARTESIAN_POINT('',(140.08368200836,10.167364016736,0.));
#11462 = VECTOR('',#11463,1.);
#11463 = DIRECTION('',(-0.928476690885,0.371390676354,0.));
#11464 = PCURVE('',#11370,#11465);
#11465 = DEFINITIONAL_REPRESENTATION('',(#11466),#11470);
#11466 = LINE('',#11467,#11468);
#11467 = CARTESIAN_POINT('',(0.,0.));
#11468 = VECTOR('',#11469,1.);
#11469 = DIRECTION('',(1.,0.));
#11470 = ( GEOMETRIC_REPRESENTATION_CONTEXT(2) 
PARAMETRIC_REPRESENTATION_CONTEXT() REPRESENTATION_CONTEXT('2D SPACE',''
  ) );
#11471 = PCURVE('',#10631,#11472);
#11472 = DEFINITIONAL_REPRESENTATION('',(#11473),#11477);
#11473 = LINE('',#11474,#11475);
#11474 = CARTESIAN_POINT('',(5.106910289362,-6.136707104722));
#11475 = VECTOR('',#11476,1.);
#11476 = DIRECTION('',(-0.928476690885,0.371390676354));
#11477 = ( GEOMETRIC_REPRESENTATION_CONTEXT(2) 
PARAMETRIC_REPRESENTATION_CONTEXT() REPRESENTATION_CONTEXT('2D SPACE',''
  ) );
#11478 = ADVANCED_FACE('',(#11479),#11446,.F.);
#11479 = FACE_BOUND('',#11480,.F.);
#11480 = EDGE_LOOP('',(#11481,#11482,#11505,#11533));
#11481 = ORIENTED_EDGE('',*,*,#11430,.T.);
#11482 = ORIENTED_EDGE('',*,*,#11483,.T.);
#11483 = EDGE_CURVE('',#11408,#11484,#11486,.T.);
#11484 = VERTEX_POINT('',#11485);
#11485 = CARTESIAN_POINT('',(137.82426778242,11.899581589958,3.));
#11486 = SURFACE_CURVE('',#11487,(#11491,#11498),.PCURVE_S1.);
#11487 = LINE('',#11488,#11489);
#11488 = CARTESIAN_POINT('',(138.57740585774,10.769874476987,3.));
#11489 = VECTOR('',#11490,1.);
#11490 = DIRECTION('',(-0.554700196225,0.832050294338,0.));
#11491 = PCURVE('',#11446,#11492);
#11492 = DEFINITIONAL_REPRESENTATION('',(#11493),#11497);
#11493 = LINE('',#11494,#11495);
#11494 = CARTESIAN_POINT('',(0.,-3.));
#11495 = VECTOR('',#11496,1.);
#11496 = DIRECTION('',(1.,0.));
#11497 = ( GEOMETRIC_REPRESENTATION_CONTEXT(2) 
PARAMETRIC_REPRESENTATION_CONTEXT() REPRESENTATION_CONTEXT('2D SPACE',''
  ) );
#11498 = PCURVE('',#10577,#11499);
#11499 = DEFINITIONAL_REPRESENTATION('',(#11500),#11504);
#11500 = LINE('',#11501,#11502);
#11501 = CARTESIAN_POINT('',(3.600634138734,-5.534196644471));
#11502 = VECTOR('',#11503,1.);
#11503 = DIRECTION('',(-0.554700196225,0.832050294338));
#11504 = ( GEOMETRIC_REPRESENTATION_CONTEXT(2) 
PARAMETRIC_REPRESENTATION_CONTEXT() REPRESENTATION_CONTEXT('2D SPACE',''
  ) );
#11505 = ORIENTED_EDGE('',*,*,#11506,.F.);
#11506 = EDGE_CURVE('',#11507,#11484,#11509,.T.);
#11507 = VERTEX_POINT('',#11508);
#11508 = CARTESIAN_POINT('',(137.82426778242,11.899581589958,0.));
#11509 = SURFACE_CURVE('',#11510,(#11514,#11521),.PCURVE_S1.);
#11510 = LINE('',#11511,#11512);
#11511 = CARTESIAN_POINT('',(137.82426778242,11.899581589958,0.));
#11512 = VECTOR('',#11513,1.);
#11513 = DIRECTION('',(0.,0.,1.));
#11514 = PCURVE('',#11446,#11515);
#11515 = DEFINITIONAL_REPRESENTATION('',(#11516),#11520);
#11516 = LINE('',#11517,#11518);
#11517 = CARTESIAN_POINT('',(1.357738974024,0.));
#11518 = VECTOR('',#11519,1.);
#11519 = DIRECTION('',(0.,-1.));
#11520 = ( GEOMETRIC_REPRESENTATION_CONTEXT(2) 
PARAMETRIC_REPRESENTATION_CONTEXT() REPRESENTATION_CONTEXT('2D SPACE',''
  ) );
#11521 = PCURVE('',#11522,#11527);
#11522 = PLANE('',#11523);
#11523 = AXIS2_PLACEMENT_3D('',#11524,#11525,#11526);
#11524 = CARTESIAN_POINT('',(137.82426778242,11.899581589958,0.));
#11525 = DIRECTION('',(-0.999915129269,-1.302821015334E-02,0.));
#11526 = DIRECTION('',(-1.302821015334E-02,0.999915129269,0.));
#11527 = DEFINITIONAL_REPRESENTATION('',(#11528),#11532);
#11528 = LINE('',#11529,#11530);
#11529 = CARTESIAN_POINT('',(0.,0.));
#11530 = VECTOR('',#11531,1.);
#11531 = DIRECTION('',(0.,-1.));
#11532 = ( GEOMETRIC_REPRESENTATION_CONTEXT(2) 
PARAMETRIC_REPRESENTATION_CONTEXT() REPRESENTATION_CONTEXT('2D SPACE',''
  ) );
#11533 = ORIENTED_EDGE('',*,*,#11534,.F.);
#11534 = EDGE_CURVE('',#11431,#11507,#11535,.T.);
#11535 = SURFACE_CURVE('',#11536,(#11540,#11547),.PCURVE_S1.);
#11536 = LINE('',#11537,#11538);
#11537 = CARTESIAN_POINT('',(138.57740585774,10.769874476987,0.));
#11538 = VECTOR('',#11539,1.);
#11539 = DIRECTION('',(-0.554700196225,0.832050294338,0.));
#11540 = PCURVE('',#11446,#11541);
#11541 = DEFINITIONAL_REPRESENTATION('',(#11542),#11546);
#11542 = LINE('',#11543,#11544);
#11543 = CARTESIAN_POINT('',(0.,0.));
#11544 = VECTOR('',#11545,1.);
#11545 = DIRECTION('',(1.,0.));
#11546 = ( GEOMETRIC_REPRESENTATION_CONTEXT(2) 
PARAMETRIC_REPRESENTATION_CONTEXT() REPRESENTATION_CONTEXT('2D SPACE',''
  ) );
#11547 = PCURVE('',#10631,#11548);
#11548 = DEFINITIONAL_REPRESENTATION('',(#11549),#11553);
#11549 = LINE('',#11550,#11551);
#11550 = CARTESIAN_POINT('',(3.600634138734,-5.534196644471));
#11551 = VECTOR('',#11552,1.);
#11552 = DIRECTION('',(-0.554700196225,0.832050294338));
#11553 = ( GEOMETRIC_REPRESENTATION_CONTEXT(2) 
PARAMETRIC_REPRESENTATION_CONTEXT() REPRESENTATION_CONTEXT('2D SPACE',''
  ) );
#11554 = ADVANCED_FACE('',(#11555),#11522,.F.);
#11555 = FACE_BOUND('',#11556,.F.);
#11556 = EDGE_LOOP('',(#11557,#11558,#11581,#11609));
#11557 = ORIENTED_EDGE('',*,*,#11506,.T.);
#11558 = ORIENTED_EDGE('',*,*,#11559,.T.);
#11559 = EDGE_CURVE('',#11484,#11560,#11562,.T.);
#11560 = VERTEX_POINT('',#11561);
#11561 = CARTESIAN_POINT('',(137.5230125523,35.020920502092,3.));
#11562 = SURFACE_CURVE('',#11563,(#11567,#11574),.PCURVE_S1.);
#11563 = LINE('',#11564,#11565);
#11564 = CARTESIAN_POINT('',(137.82426778242,11.899581589958,3.));
#11565 = VECTOR('',#11566,1.);
#11566 = DIRECTION('',(-1.302821015334E-02,0.999915129269,0.));
#11567 = PCURVE('',#11522,#11568);
#11568 = DEFINITIONAL_REPRESENTATION('',(#11569),#11573);
#11569 = LINE('',#11570,#11571);
#11570 = CARTESIAN_POINT('',(0.,-3.));
#11571 = VECTOR('',#11572,1.);
#11572 = DIRECTION('',(1.,0.));
#11573 = ( GEOMETRIC_REPRESENTATION_CONTEXT(2) 
PARAMETRIC_REPRESENTATION_CONTEXT() REPRESENTATION_CONTEXT('2D SPACE',''
  ) );
#11574 = PCURVE('',#10577,#11575);
#11575 = DEFINITIONAL_REPRESENTATION('',(#11576),#11580);
#11576 = LINE('',#11577,#11578);
#11577 = CARTESIAN_POINT('',(2.84749606342,-4.404489531501));
#11578 = VECTOR('',#11579,1.);
#11579 = DIRECTION('',(-1.302821015334E-02,0.999915129269));
#11580 = ( GEOMETRIC_REPRESENTATION_CONTEXT(2) 
PARAMETRIC_REPRESENTATION_CONTEXT() REPRESENTATION_CONTEXT('2D SPACE',''
  ) );
#11581 = ORIENTED_EDGE('',*,*,#11582,.F.);
#11582 = EDGE_CURVE('',#11583,#11560,#11585,.T.);
#11583 = VERTEX_POINT('',#11584);
#11584 = CARTESIAN_POINT('',(137.5230125523,35.020920502092,0.));
#11585 = SURFACE_CURVE('',#11586,(#11590,#11597),.PCURVE_S1.);
#11586 = LINE('',#11587,#11588);
#11587 = CARTESIAN_POINT('',(137.5230125523,35.020920502092,0.));
#11588 = VECTOR('',#11589,1.);
#11589 = DIRECTION('',(0.,0.,1.));
#11590 = PCURVE('',#11522,#11591);
#11591 = DEFINITIONAL_REPRESENTATION('',(#11592),#11596);
#11592 = LINE('',#11593,#11594);
#11593 = CARTESIAN_POINT('',(23.123301403637,0.));
#11594 = VECTOR('',#11595,1.);
#11595 = DIRECTION('',(0.,-1.));
#11596 = ( GEOMETRIC_REPRESENTATION_CONTEXT(2) 
PARAMETRIC_REPRESENTATION_CONTEXT() REPRESENTATION_CONTEXT('2D SPACE',''
  ) );
#11597 = PCURVE('',#11598,#11603);
#11598 = PLANE('',#11599);
#11599 = AXIS2_PLACEMENT_3D('',#11600,#11601,#11602);
#11600 = CARTESIAN_POINT('',(137.5230125523,35.020920502092,0.));
#11601 = DIRECTION('',(-0.554700196225,-0.832050294338,0.));
#11602 = DIRECTION('',(-0.832050294338,0.554700196225,0.));
#11603 = DEFINITIONAL_REPRESENTATION('',(#11604),#11608);
#11604 = LINE('',#11605,#11606);
#11605 = CARTESIAN_POINT('',(0.,0.));
#11606 = VECTOR('',#11607,1.);
#11607 = DIRECTION('',(0.,-1.));
#11608 = ( GEOMETRIC_REPRESENTATION_CONTEXT(2) 
PARAMETRIC_REPRESENTATION_CONTEXT() REPRESENTATION_CONTEXT('2D SPACE',''
  ) );
#11609 = ORIENTED_EDGE('',*,*,#11610,.F.);
#11610 = EDGE_CURVE('',#11507,#11583,#11611,.T.);
#11611 = SURFACE_CURVE('',#11612,(#11616,#11623),.PCURVE_S1.);
#11612 = LINE('',#11613,#11614);
#11613 = CARTESIAN_POINT('',(137.82426778242,11.899581589958,0.));
#11614 = VECTOR('',#11615,1.);
#11615 = DIRECTION('',(-1.302821015334E-02,0.999915129269,0.));
#11616 = PCURVE('',#11522,#11617);
#11617 = DEFINITIONAL_REPRESENTATION('',(#11618),#11622);
#11618 = LINE('',#11619,#11620);
#11619 = CARTESIAN_POINT('',(0.,0.));
#11620 = VECTOR('',#11621,1.);
#11621 = DIRECTION('',(1.,0.));
#11622 = ( GEOMETRIC_REPRESENTATION_CONTEXT(2) 
PARAMETRIC_REPRESENTATION_CONTEXT() REPRESENTATION_CONTEXT('2D SPACE',''
  ) );
#11623 = PCURVE('',#10631,#11624);
#11624 = DEFINITIONAL_REPRESENTATION('',(#11625),#11629);
#11625 = LINE('',#11626,#11627);
#11626 = CARTESIAN_POINT('',(2.84749606342,-4.404489531501));
#11627 = VECTOR('',#11628,1.);
#11628 = DIRECTION('',(-1.302821015334E-02,0.999915129269));
#11629 = ( GEOMETRIC_REPRESENTATION_CONTEXT(2) 
PARAMETRIC_REPRESENTATION_CONTEXT() REPRESENTATION_CONTEXT('2D SPACE',''
  ) );
#11630 = ADVANCED_FACE('',(#11631),#11598,.F.);
#11631 = FACE_BOUND('',#11632,.F.);
#11632 = EDGE_LOOP('',(#11633,#11634,#11657,#11680));
#11633 = ORIENTED_EDGE('',*,*,#11582,.T.);
#11634 = ORIENTED_EDGE('',*,*,#11635,.T.);
#11635 = EDGE_CURVE('',#11560,#11636,#11638,.T.);
#11636 = VERTEX_POINT('',#11637);
#11637 = CARTESIAN_POINT('',(136.84518828451,35.47280334728,3.));
#11638 = SURFACE_CURVE('',#11639,(#11643,#11650),.PCURVE_S1.);
#11639 = LINE('',#11640,#11641);
#11640 = CARTESIAN_POINT('',(137.5230125523,35.020920502092,3.));
#11641 = VECTOR('',#11642,1.);
#11642 = DIRECTION('',(-0.832050294338,0.554700196225,0.));
#11643 = PCURVE('',#11598,#11644);
#11644 = DEFINITIONAL_REPRESENTATION('',(#11645),#11649);
#11645 = LINE('',#11646,#11647);
#11646 = CARTESIAN_POINT('',(0.,-3.));
#11647 = VECTOR('',#11648,1.);
#11648 = DIRECTION('',(1.,0.));
#11649 = ( GEOMETRIC_REPRESENTATION_CONTEXT(2) 
PARAMETRIC_REPRESENTATION_CONTEXT() REPRESENTATION_CONTEXT('2D SPACE',''
  ) );
#11650 = PCURVE('',#10577,#11651);
#11651 = DEFINITIONAL_REPRESENTATION('',(#11652),#11656);
#11652 = LINE('',#11653,#11654);
#11653 = CARTESIAN_POINT('',(2.546240833295,18.716849380633));
#11654 = VECTOR('',#11655,1.);
#11655 = DIRECTION('',(-0.832050294338,0.554700196225));
#11656 = ( GEOMETRIC_REPRESENTATION_CONTEXT(2) 
PARAMETRIC_REPRESENTATION_CONTEXT() REPRESENTATION_CONTEXT('2D SPACE',''
  ) );
#11657 = ORIENTED_EDGE('',*,*,#11658,.F.);
#11658 = EDGE_CURVE('',#11659,#11636,#11661,.T.);
#11659 = VERTEX_POINT('',#11660);
#11660 = CARTESIAN_POINT('',(136.84518828451,35.47280334728,0.));
#11661 = SURFACE_CURVE('',#11662,(#11666,#11673),.PCURVE_S1.);
#11662 = LINE('',#11663,#11664);
#11663 = CARTESIAN_POINT('',(136.84518828451,35.47280334728,0.));
#11664 = VECTOR('',#11665,1.);
#11665 = DIRECTION('',(0.,0.,1.));
#11666 = PCURVE('',#11598,#11667);
#11667 = DEFINITIONAL_REPRESENTATION('',(#11668),#11672);
#11668 = LINE('',#11669,#11670);
#11669 = CARTESIAN_POINT('',(0.814643384414,0.));
#11670 = VECTOR('',#11671,1.);
#11671 = DIRECTION('',(0.,-1.));
#11672 = ( GEOMETRIC_REPRESENTATION_CONTEXT(2) 
PARAMETRIC_REPRESENTATION_CONTEXT() REPRESENTATION_CONTEXT('2D SPACE',''
  ) );
#11673 = PCURVE('',#10549,#11674);
#11674 = DEFINITIONAL_REPRESENTATION('',(#11675),#11679);
#11675 = LINE('',#11676,#11677);
#11676 = CARTESIAN_POINT('',(0.,0.));
#11677 = VECTOR('',#11678,1.);
#11678 = DIRECTION('',(0.,-1.));
#11679 = ( GEOMETRIC_REPRESENTATION_CONTEXT(2) 
PARAMETRIC_REPRESENTATION_CONTEXT() REPRESENTATION_CONTEXT('2D SPACE',''
  ) );
#11680 = ORIENTED_EDGE('',*,*,#11681,.F.);
#11681 = EDGE_CURVE('',#11583,#11659,#11682,.T.);
#11682 = SURFACE_CURVE('',#11683,(#11687,#11694),.PCURVE_S1.);
#11683 = LINE('',#11684,#11685);
#11684 = CARTESIAN_POINT('',(137.5230125523,35.020920502092,0.));
#11685 = VECTOR('',#11686,1.);
#11686 = DIRECTION('',(-0.832050294338,0.554700196225,0.));
#11687 = PCURVE('',#11598,#11688);
#11688 = DEFINITIONAL_REPRESENTATION('',(#11689),#11693);
#11689 = LINE('',#11690,#11691);
#11690 = CARTESIAN_POINT('',(0.,0.));
#11691 = VECTOR('',#11692,1.);
#11692 = DIRECTION('',(1.,0.));
#11693 = ( GEOMETRIC_REPRESENTATION_CONTEXT(2) 
PARAMETRIC_REPRESENTATION_CONTEXT() REPRESENTATION_CONTEXT('2D SPACE',''
  ) );
#11694 = PCURVE('',#10631,#11695);
#11695 = DEFINITIONAL_REPRESENTATION('',(#11696),#11700);
#11696 = LINE('',#11697,#11698);
#11697 = CARTESIAN_POINT('',(2.546240833295,18.716849380633));
#11698 = VECTOR('',#11699,1.);
#11699 = DIRECTION('',(-0.832050294338,0.554700196225));
#11700 = ( GEOMETRIC_REPRESENTATION_CONTEXT(2) 
PARAMETRIC_REPRESENTATION_CONTEXT() REPRESENTATION_CONTEXT('2D SPACE',''
  ) );
#11701 = ADVANCED_FACE('',(#11702),#10549,.F.);
#11702 = FACE_BOUND('',#11703,.F.);
#11703 = EDGE_LOOP('',(#11704,#11705,#11726,#11727));
#11704 = ORIENTED_EDGE('',*,*,#11658,.T.);
#11705 = ORIENTED_EDGE('',*,*,#11706,.T.);
#11706 = EDGE_CURVE('',#11636,#10529,#11707,.T.);
#11707 = SURFACE_CURVE('',#11708,(#11712,#11719),.PCURVE_S1.);
#11708 = LINE('',#11709,#11710);
#11709 = CARTESIAN_POINT('',(136.84518828451,35.47280334728,3.));
#11710 = VECTOR('',#11711,1.);
#11711 = DIRECTION('',(-0.999881677808,-1.53827950432E-02,0.));
#11712 = PCURVE('',#10549,#11713);
#11713 = DEFINITIONAL_REPRESENTATION('',(#11714),#11718);
#11714 = LINE('',#11715,#11716);
#11715 = CARTESIAN_POINT('',(0.,-3.));
#11716 = VECTOR('',#11717,1.);
#11717 = DIRECTION('',(1.,0.));
#11718 = ( GEOMETRIC_REPRESENTATION_CONTEXT(2) 
PARAMETRIC_REPRESENTATION_CONTEXT() REPRESENTATION_CONTEXT('2D SPACE',''
  ) );
#11719 = PCURVE('',#10577,#11720);
#11720 = DEFINITIONAL_REPRESENTATION('',(#11721),#11725);
#11721 = LINE('',#11722,#11723);
#11722 = CARTESIAN_POINT('',(1.868416565512,19.168732225821));
#11723 = VECTOR('',#11724,1.);
#11724 = DIRECTION('',(-0.999881677808,-1.53827950432E-02));
#11725 = ( GEOMETRIC_REPRESENTATION_CONTEXT(2) 
PARAMETRIC_REPRESENTATION_CONTEXT() REPRESENTATION_CONTEXT('2D SPACE',''
  ) );
#11726 = ORIENTED_EDGE('',*,*,#10526,.F.);
#11727 = ORIENTED_EDGE('',*,*,#11728,.F.);
#11728 = EDGE_CURVE('',#11659,#10527,#11729,.T.);
#11729 = SURFACE_CURVE('',#11730,(#11734,#11741),.PCURVE_S1.);
#11730 = LINE('',#11731,#11732);
#11731 = CARTESIAN_POINT('',(136.84518828451,35.47280334728,0.));
#11732 = VECTOR('',#11733,1.);
#11733 = DIRECTION('',(-0.999881677808,-1.53827950432E-02,0.));
#11734 = PCURVE('',#10549,#11735);
#11735 = DEFINITIONAL_REPRESENTATION('',(#11736),#11740);
#11736 = LINE('',#11737,#11738);
#11737 = CARTESIAN_POINT('',(0.,0.));
#11738 = VECTOR('',#11739,1.);
#11739 = DIRECTION('',(1.,0.));
#11740 = ( GEOMETRIC_REPRESENTATION_CONTEXT(2) 
PARAMETRIC_REPRESENTATION_CONTEXT() REPRESENTATION_CONTEXT('2D SPACE',''
  ) );
#11741 = PCURVE('',#10631,#11742);
#11742 = DEFINITIONAL_REPRESENTATION('',(#11743),#11747);
#11743 = LINE('',#11744,#11745);
#11744 = CARTESIAN_POINT('',(1.868416565512,19.168732225821));
#11745 = VECTOR('',#11746,1.);
#11746 = DIRECTION('',(-0.999881677808,-1.53827950432E-02));
#11747 = ( GEOMETRIC_REPRESENTATION_CONTEXT(2) 
PARAMETRIC_REPRESENTATION_CONTEXT() REPRESENTATION_CONTEXT('2D SPACE',''
  ) );
#11748 = ADVANCED_FACE('',(#11749),#10631,.F.);
#11749 = FACE_BOUND('',#11750,.F.);
#11750 = EDGE_LOOP('',(#11751,#11752,#11753,#11754,#11755,#11756,#11757,
    #11758,#11759,#11760,#11761,#11762,#11763,#11764,#11765,#11766));
#11751 = ORIENTED_EDGE('',*,*,#10617,.T.);
#11752 = ORIENTED_EDGE('',*,*,#10698,.T.);
#11753 = ORIENTED_EDGE('',*,*,#10774,.T.);
#11754 = ORIENTED_EDGE('',*,*,#10850,.T.);
#11755 = ORIENTED_EDGE('',*,*,#10926,.T.);
#11756 = ORIENTED_EDGE('',*,*,#11002,.T.);
#11757 = ORIENTED_EDGE('',*,*,#11078,.T.);
#11758 = ORIENTED_EDGE('',*,*,#11154,.T.);
#11759 = ORIENTED_EDGE('',*,*,#11230,.T.);
#11760 = ORIENTED_EDGE('',*,*,#11306,.T.);
#11761 = ORIENTED_EDGE('',*,*,#11382,.T.);
#11762 = ORIENTED_EDGE('',*,*,#11458,.T.);
#11763 = ORIENTED_EDGE('',*,*,#11534,.T.);
#11764 = ORIENTED_EDGE('',*,*,#11610,.T.);
#11765 = ORIENTED_EDGE('',*,*,#11681,.T.);
#11766 = ORIENTED_EDGE('',*,*,#11728,.T.);
#11767 = ADVANCED_FACE('',(#11768),#10577,.T.);
#11768 = FACE_BOUND('',#11769,.T.);
#11769 = EDGE_LOOP('',(#11770,#11771,#11772,#11773,#11774,#11775,#11776,
    #11777,#11778,#11779,#11780,#11781,#11782,#11783,#11784,#11785));
#11770 = ORIENTED_EDGE('',*,*,#10561,.T.);
#11771 = ORIENTED_EDGE('',*,*,#10647,.T.);
#11772 = ORIENTED_EDGE('',*,*,#10723,.T.);
#11773 = ORIENTED_EDGE('',*,*,#10799,.T.);
#11774 = ORIENTED_EDGE('',*,*,#10875,.T.);
#11775 = ORIENTED_EDGE('',*,*,#10951,.T.);
#11776 = ORIENTED_EDGE('',*,*,#11027,.T.);
#11777 = ORIENTED_EDGE('',*,*,#11103,.T.);
#11778 = ORIENTED_EDGE('',*,*,#11179,.T.);
#11779 = ORIENTED_EDGE('',*,*,#11255,.T.);
#11780 = ORIENTED_EDGE('',*,*,#11331,.T.);
#11781 = ORIENTED_EDGE('',*,*,#11407,.T.);
#11782 = ORIENTED_EDGE('',*,*,#11483,.T.);
#11783 = ORIENTED_EDGE('',*,*,#11559,.T.);
#11784 = ORIENTED_EDGE('',*,*,#11635,.T.);
#11785 = ORIENTED_EDGE('',*,*,#11706,.T.);
#11786 = MANIFOLD_SOLID_BREP('',#11787);
#11787 = CLOSED_SHELL('',(#11788,#11908,#11984,#12060,#12136,#12212,
    #12288,#12364,#12440,#12516,#12592,#12668,#12744,#12820,#12896,
    #12972,#13048,#13124,#13200,#13276,#13352,#13428,#13504,#13580,
    #13656,#13732,#13808,#13884,#13960,#14036,#14112,#14188,#14264,
    #14340,#14416,#14492,#14568,#14639,#14686,#14727));
#11788 = ADVANCED_FACE('',(#11789),#11803,.F.);
#11789 = FACE_BOUND('',#11790,.F.);
#11790 = EDGE_LOOP('',(#11791,#11826,#11854,#11882));
#11791 = ORIENTED_EDGE('',*,*,#11792,.T.);
#11792 = EDGE_CURVE('',#11793,#11795,#11797,.T.);
#11793 = VERTEX_POINT('',#11794);
#11794 = CARTESIAN_POINT('',(109.05439330543,34.267782426778,0.));
#11795 = VERTEX_POINT('',#11796);
#11796 = CARTESIAN_POINT('',(109.05439330543,34.267782426778,3.));
#11797 = SURFACE_CURVE('',#11798,(#11802,#11814),.PCURVE_S1.);
#11798 = LINE('',#11799,#11800);
#11799 = CARTESIAN_POINT('',(109.05439330543,34.267782426778,0.));
#11800 = VECTOR('',#11801,1.);
#11801 = DIRECTION('',(0.,0.,1.));
#11802 = PCURVE('',#11803,#11808);
#11803 = PLANE('',#11804);
#11804 = AXIS2_PLACEMENT_3D('',#11805,#11806,#11807);
#11805 = CARTESIAN_POINT('',(109.05439330543,34.267782426778,0.));
#11806 = DIRECTION('',(0.514495755428,-0.857492925713,0.));
#11807 = DIRECTION('',(-0.857492925713,-0.514495755428,0.));
#11808 = DEFINITIONAL_REPRESENTATION('',(#11809),#11813);
#11809 = LINE('',#11810,#11811);
#11810 = CARTESIAN_POINT('',(0.,0.));
#11811 = VECTOR('',#11812,1.);
#11812 = DIRECTION('',(0.,-1.));
#11813 = ( GEOMETRIC_REPRESENTATION_CONTEXT(2) 
PARAMETRIC_REPRESENTATION_CONTEXT() REPRESENTATION_CONTEXT('2D SPACE',''
  ) );
#11814 = PCURVE('',#11815,#11820);
#11815 = PLANE('',#11816);
#11816 = AXIS2_PLACEMENT_3D('',#11817,#11818,#11819);
#11817 = CARTESIAN_POINT('',(111.99163179916,35.096234309623,0.));
#11818 = DIRECTION('',(0.271460165022,-0.962449675986,0.));
#11819 = DIRECTION('',(-0.962449675986,-0.271460165022,0.));
#11820 = DEFINITIONAL_REPRESENTATION('',(#11821),#11825);
#11821 = LINE('',#11822,#11823);
#11822 = CARTESIAN_POINT('',(3.051835921409,0.));
#11823 = VECTOR('',#11824,1.);
#11824 = DIRECTION('',(0.,-1.));
#11825 = ( GEOMETRIC_REPRESENTATION_CONTEXT(2) 
PARAMETRIC_REPRESENTATION_CONTEXT() REPRESENTATION_CONTEXT('2D SPACE',''
  ) );
#11826 = ORIENTED_EDGE('',*,*,#11827,.T.);
#11827 = EDGE_CURVE('',#11795,#11828,#11830,.T.);
#11828 = VERTEX_POINT('',#11829);
#11829 = CARTESIAN_POINT('',(105.66527196652,32.234309623431,3.));
#11830 = SURFACE_CURVE('',#11831,(#11835,#11842),.PCURVE_S1.);
#11831 = LINE('',#11832,#11833);
#11832 = CARTESIAN_POINT('',(109.05439330543,34.267782426778,3.));
#11833 = VECTOR('',#11834,1.);
#11834 = DIRECTION('',(-0.857492925713,-0.514495755428,0.));
#11835 = PCURVE('',#11803,#11836);
#11836 = DEFINITIONAL_REPRESENTATION('',(#11837),#11841);
#11837 = LINE('',#11838,#11839);
#11838 = CARTESIAN_POINT('',(0.,-3.));
#11839 = VECTOR('',#11840,1.);
#11840 = DIRECTION('',(1.,0.));
#11841 = ( GEOMETRIC_REPRESENTATION_CONTEXT(2) 
PARAMETRIC_REPRESENTATION_CONTEXT() REPRESENTATION_CONTEXT('2D SPACE',''
  ) );
#11842 = PCURVE('',#11843,#11848);
#11843 = PLANE('',#11844);
#11844 = AXIS2_PLACEMENT_3D('',#11845,#11846,#11847);
#11845 = CARTESIAN_POINT('',(113.1844593079,17.755731736229,3.));
#11846 = DIRECTION('',(0.,0.,1.));
#11847 = DIRECTION('',(1.,0.,-0.));
#11848 = DEFINITIONAL_REPRESENTATION('',(#11849),#11853);
#11849 = LINE('',#11850,#11851);
#11850 = CARTESIAN_POINT('',(-4.130066002465,16.512050690549));
#11851 = VECTOR('',#11852,1.);
#11852 = DIRECTION('',(-0.857492925713,-0.514495755428));
#11853 = ( GEOMETRIC_REPRESENTATION_CONTEXT(2) 
PARAMETRIC_REPRESENTATION_CONTEXT() REPRESENTATION_CONTEXT('2D SPACE',''
  ) );
#11854 = ORIENTED_EDGE('',*,*,#11855,.F.);
#11855 = EDGE_CURVE('',#11856,#11828,#11858,.T.);
#11856 = VERTEX_POINT('',#11857);
#11857 = CARTESIAN_POINT('',(105.66527196652,32.234309623431,0.));
#11858 = SURFACE_CURVE('',#11859,(#11863,#11870),.PCURVE_S1.);
#11859 = LINE('',#11860,#11861);
#11860 = CARTESIAN_POINT('',(105.66527196652,32.234309623431,0.));
#11861 = VECTOR('',#11862,1.);
#11862 = DIRECTION('',(0.,0.,1.));
#11863 = PCURVE('',#11803,#11864);
#11864 = DEFINITIONAL_REPRESENTATION('',(#11865),#11869);
#11865 = LINE('',#11866,#11867);
#11866 = CARTESIAN_POINT('',(3.952360698598,0.));
#11867 = VECTOR('',#11868,1.);
#11868 = DIRECTION('',(0.,-1.));
#11869 = ( GEOMETRIC_REPRESENTATION_CONTEXT(2) 
PARAMETRIC_REPRESENTATION_CONTEXT() REPRESENTATION_CONTEXT('2D SPACE',''
  ) );
#11870 = PCURVE('',#11871,#11876);
#11871 = PLANE('',#11872);
#11872 = AXIS2_PLACEMENT_3D('',#11873,#11874,#11875);
#11873 = CARTESIAN_POINT('',(105.66527196652,32.234309623431,0.));
#11874 = DIRECTION('',(0.686012868689,-0.727589406185,0.));
#11875 = DIRECTION('',(-0.727589406185,-0.686012868689,0.));
#11876 = DEFINITIONAL_REPRESENTATION('',(#11877),#11881);
#11877 = LINE('',#11878,#11879);
#11878 = CARTESIAN_POINT('',(0.,0.));
#11879 = VECTOR('',#11880,1.);
#11880 = DIRECTION('',(0.,-1.));
#11881 = ( GEOMETRIC_REPRESENTATION_CONTEXT(2) 
PARAMETRIC_REPRESENTATION_CONTEXT() REPRESENTATION_CONTEXT('2D SPACE',''
  ) );
#11882 = ORIENTED_EDGE('',*,*,#11883,.F.);
#11883 = EDGE_CURVE('',#11793,#11856,#11884,.T.);
#11884 = SURFACE_CURVE('',#11885,(#11889,#11896),.PCURVE_S1.);
#11885 = LINE('',#11886,#11887);
#11886 = CARTESIAN_POINT('',(109.05439330543,34.267782426778,0.));
#11887 = VECTOR('',#11888,1.);
#11888 = DIRECTION('',(-0.857492925713,-0.514495755428,0.));
#11889 = PCURVE('',#11803,#11890);
#11890 = DEFINITIONAL_REPRESENTATION('',(#11891),#11895);
#11891 = LINE('',#11892,#11893);
#11892 = CARTESIAN_POINT('',(0.,0.));
#11893 = VECTOR('',#11894,1.);
#11894 = DIRECTION('',(1.,0.));
#11895 = ( GEOMETRIC_REPRESENTATION_CONTEXT(2) 
PARAMETRIC_REPRESENTATION_CONTEXT() REPRESENTATION_CONTEXT('2D SPACE',''
  ) );
#11896 = PCURVE('',#11897,#11902);
#11897 = PLANE('',#11898);
#11898 = AXIS2_PLACEMENT_3D('',#11899,#11900,#11901);
#11899 = CARTESIAN_POINT('',(113.1844593079,17.755731736229,0.));
#11900 = DIRECTION('',(0.,0.,1.));
#11901 = DIRECTION('',(1.,0.,-0.));
#11902 = DEFINITIONAL_REPRESENTATION('',(#11903),#11907);
#11903 = LINE('',#11904,#11905);
#11904 = CARTESIAN_POINT('',(-4.130066002465,16.512050690549));
#11905 = VECTOR('',#11906,1.);
#11906 = DIRECTION('',(-0.857492925713,-0.514495755428));
#11907 = ( GEOMETRIC_REPRESENTATION_CONTEXT(2) 
PARAMETRIC_REPRESENTATION_CONTEXT() REPRESENTATION_CONTEXT('2D SPACE',''
  ) );
#11908 = ADVANCED_FACE('',(#11909),#11871,.F.);
#11909 = FACE_BOUND('',#11910,.F.);
#11910 = EDGE_LOOP('',(#11911,#11912,#11935,#11963));
#11911 = ORIENTED_EDGE('',*,*,#11855,.T.);
#11912 = ORIENTED_EDGE('',*,*,#11913,.T.);
#11913 = EDGE_CURVE('',#11828,#11914,#11916,.T.);
#11914 = VERTEX_POINT('',#11915);
#11915 = CARTESIAN_POINT('',(103.02928870292,29.748953974895,3.));
#11916 = SURFACE_CURVE('',#11917,(#11921,#11928),.PCURVE_S1.);
#11917 = LINE('',#11918,#11919);
#11918 = CARTESIAN_POINT('',(105.66527196652,32.234309623431,3.));
#11919 = VECTOR('',#11920,1.);
#11920 = DIRECTION('',(-0.727589406185,-0.686012868689,0.));
#11921 = PCURVE('',#11871,#11922);
#11922 = DEFINITIONAL_REPRESENTATION('',(#11923),#11927);
#11923 = LINE('',#11924,#11925);
#11924 = CARTESIAN_POINT('',(0.,-3.));
#11925 = VECTOR('',#11926,1.);
#11926 = DIRECTION('',(1.,0.));
#11927 = ( GEOMETRIC_REPRESENTATION_CONTEXT(2) 
PARAMETRIC_REPRESENTATION_CONTEXT() REPRESENTATION_CONTEXT('2D SPACE',''
  ) );
#11928 = PCURVE('',#11843,#11929);
#11929 = DEFINITIONAL_REPRESENTATION('',(#11930),#11934);
#11930 = LINE('',#11931,#11932);
#11931 = CARTESIAN_POINT('',(-7.519187341377,14.478577887202));
#11932 = VECTOR('',#11933,1.);
#11933 = DIRECTION('',(-0.727589406185,-0.686012868689));
#11934 = ( GEOMETRIC_REPRESENTATION_CONTEXT(2) 
PARAMETRIC_REPRESENTATION_CONTEXT() REPRESENTATION_CONTEXT('2D SPACE',''
  ) );
#11935 = ORIENTED_EDGE('',*,*,#11936,.F.);
#11936 = EDGE_CURVE('',#11937,#11914,#11939,.T.);
#11937 = VERTEX_POINT('',#11938);
#11938 = CARTESIAN_POINT('',(103.02928870292,29.748953974895,0.));
#11939 = SURFACE_CURVE('',#11940,(#11944,#11951),.PCURVE_S1.);
#11940 = LINE('',#11941,#11942);
#11941 = CARTESIAN_POINT('',(103.02928870292,29.748953974895,0.));
#11942 = VECTOR('',#11943,1.);
#11943 = DIRECTION('',(0.,0.,1.));
#11944 = PCURVE('',#11871,#11945);
#11945 = DEFINITIONAL_REPRESENTATION('',(#11946),#11950);
#11946 = LINE('',#11947,#11948);
#11947 = CARTESIAN_POINT('',(3.62289945564,0.));
#11948 = VECTOR('',#11949,1.);
#11949 = DIRECTION('',(0.,-1.));
#11950 = ( GEOMETRIC_REPRESENTATION_CONTEXT(2) 
PARAMETRIC_REPRESENTATION_CONTEXT() REPRESENTATION_CONTEXT('2D SPACE',''
  ) );
#11951 = PCURVE('',#11952,#11957);
#11952 = PLANE('',#11953);
#11953 = AXIS2_PLACEMENT_3D('',#11954,#11955,#11956);
#11954 = CARTESIAN_POINT('',(103.02928870292,29.748953974895,0.));
#11955 = DIRECTION('',(0.820905201785,-0.571064488199,0.));
#11956 = DIRECTION('',(-0.571064488199,-0.820905201785,0.));
#11957 = DEFINITIONAL_REPRESENTATION('',(#11958),#11962);
#11958 = LINE('',#11959,#11960);
#11959 = CARTESIAN_POINT('',(0.,0.));
#11960 = VECTOR('',#11961,1.);
#11961 = DIRECTION('',(0.,-1.));
#11962 = ( GEOMETRIC_REPRESENTATION_CONTEXT(2) 
PARAMETRIC_REPRESENTATION_CONTEXT() REPRESENTATION_CONTEXT('2D SPACE',''
  ) );
#11963 = ORIENTED_EDGE('',*,*,#11964,.F.);
#11964 = EDGE_CURVE('',#11856,#11937,#11965,.T.);
#11965 = SURFACE_CURVE('',#11966,(#11970,#11977),.PCURVE_S1.);
#11966 = LINE('',#11967,#11968);
#11967 = CARTESIAN_POINT('',(105.66527196652,32.234309623431,0.));
#11968 = VECTOR('',#11969,1.);
#11969 = DIRECTION('',(-0.727589406185,-0.686012868689,0.));
#11970 = PCURVE('',#11871,#11971);
#11971 = DEFINITIONAL_REPRESENTATION('',(#11972),#11976);
#11972 = LINE('',#11973,#11974);
#11973 = CARTESIAN_POINT('',(0.,0.));
#11974 = VECTOR('',#11975,1.);
#11975 = DIRECTION('',(1.,0.));
#11976 = ( GEOMETRIC_REPRESENTATION_CONTEXT(2) 
PARAMETRIC_REPRESENTATION_CONTEXT() REPRESENTATION_CONTEXT('2D SPACE',''
  ) );
#11977 = PCURVE('',#11897,#11978);
#11978 = DEFINITIONAL_REPRESENTATION('',(#11979),#11983);
#11979 = LINE('',#11980,#11981);
#11980 = CARTESIAN_POINT('',(-7.519187341377,14.478577887202));
#11981 = VECTOR('',#11982,1.);
#11982 = DIRECTION('',(-0.727589406185,-0.686012868689));
#11983 = ( GEOMETRIC_REPRESENTATION_CONTEXT(2) 
PARAMETRIC_REPRESENTATION_CONTEXT() REPRESENTATION_CONTEXT('2D SPACE',''
  ) );
#11984 = ADVANCED_FACE('',(#11985),#11952,.F.);
#11985 = FACE_BOUND('',#11986,.F.);
#11986 = EDGE_LOOP('',(#11987,#11988,#12011,#12039));
#11987 = ORIENTED_EDGE('',*,*,#11936,.T.);
#11988 = ORIENTED_EDGE('',*,*,#11989,.T.);
#11989 = EDGE_CURVE('',#11914,#11990,#11992,.T.);
#11990 = VERTEX_POINT('',#11991);
#11991 = CARTESIAN_POINT('',(100.61924686192,26.284518828452,3.));
#11992 = SURFACE_CURVE('',#11993,(#11997,#12004),.PCURVE_S1.);
#11993 = LINE('',#11994,#11995);
#11994 = CARTESIAN_POINT('',(103.02928870292,29.748953974895,3.));
#11995 = VECTOR('',#11996,1.);
#11996 = DIRECTION('',(-0.571064488199,-0.820905201785,0.));
#11997 = PCURVE('',#11952,#11998);
#11998 = DEFINITIONAL_REPRESENTATION('',(#11999),#12003);
#11999 = LINE('',#12000,#12001);
#12000 = CARTESIAN_POINT('',(0.,-3.));
#12001 = VECTOR('',#12002,1.);
#12002 = DIRECTION('',(1.,0.));
#12003 = ( GEOMETRIC_REPRESENTATION_CONTEXT(2) 
PARAMETRIC_REPRESENTATION_CONTEXT() REPRESENTATION_CONTEXT('2D SPACE',''
  ) );
#12004 = PCURVE('',#11843,#12005);
#12005 = DEFINITIONAL_REPRESENTATION('',(#12006),#12010);
#12006 = LINE('',#12007,#12008);
#12007 = CARTESIAN_POINT('',(-10.15517060497,11.993222238666));
#12008 = VECTOR('',#12009,1.);
#12009 = DIRECTION('',(-0.571064488199,-0.820905201785));
#12010 = ( GEOMETRIC_REPRESENTATION_CONTEXT(2) 
PARAMETRIC_REPRESENTATION_CONTEXT() REPRESENTATION_CONTEXT('2D SPACE',''
  ) );
#12011 = ORIENTED_EDGE('',*,*,#12012,.F.);
#12012 = EDGE_CURVE('',#12013,#11990,#12015,.T.);
#12013 = VERTEX_POINT('',#12014);
#12014 = CARTESIAN_POINT('',(100.61924686192,26.284518828452,0.));
#12015 = SURFACE_CURVE('',#12016,(#12020,#12027),.PCURVE_S1.);
#12016 = LINE('',#12017,#12018);
#12017 = CARTESIAN_POINT('',(100.61924686192,26.284518828452,0.));
#12018 = VECTOR('',#12019,1.);
#12019 = DIRECTION('',(0.,0.,1.));
#12020 = PCURVE('',#11952,#12021);
#12021 = DEFINITIONAL_REPRESENTATION('',(#12022),#12026);
#12022 = LINE('',#12023,#12024);
#12023 = CARTESIAN_POINT('',(4.220262143434,0.));
#12024 = VECTOR('',#12025,1.);
#12025 = DIRECTION('',(0.,-1.));
#12026 = ( GEOMETRIC_REPRESENTATION_CONTEXT(2) 
PARAMETRIC_REPRESENTATION_CONTEXT() REPRESENTATION_CONTEXT('2D SPACE',''
  ) );
#12027 = PCURVE('',#12028,#12033);
#12028 = PLANE('',#12029);
#12029 = AXIS2_PLACEMENT_3D('',#12030,#12031,#12032);
#12030 = CARTESIAN_POINT('',(100.61924686192,26.284518828452,0.));
#12031 = DIRECTION('',(0.924016832422,-0.382351792726,0.));
#12032 = DIRECTION('',(-0.382351792726,-0.924016832422,0.));
#12033 = DEFINITIONAL_REPRESENTATION('',(#12034),#12038);
#12034 = LINE('',#12035,#12036);
#12035 = CARTESIAN_POINT('',(0.,0.));
#12036 = VECTOR('',#12037,1.);
#12037 = DIRECTION('',(0.,-1.));
#12038 = ( GEOMETRIC_REPRESENTATION_CONTEXT(2) 
PARAMETRIC_REPRESENTATION_CONTEXT() REPRESENTATION_CONTEXT('2D SPACE',''
  ) );
#12039 = ORIENTED_EDGE('',*,*,#12040,.F.);
#12040 = EDGE_CURVE('',#11937,#12013,#12041,.T.);
#12041 = SURFACE_CURVE('',#12042,(#12046,#12053),.PCURVE_S1.);
#12042 = LINE('',#12043,#12044);
#12043 = CARTESIAN_POINT('',(103.02928870292,29.748953974895,0.));
#12044 = VECTOR('',#12045,1.);
#12045 = DIRECTION('',(-0.571064488199,-0.820905201785,0.));
#12046 = PCURVE('',#11952,#12047);
#12047 = DEFINITIONAL_REPRESENTATION('',(#12048),#12052);
#12048 = LINE('',#12049,#12050);
#12049 = CARTESIAN_POINT('',(0.,0.));
#12050 = VECTOR('',#12051,1.);
#12051 = DIRECTION('',(1.,0.));
#12052 = ( GEOMETRIC_REPRESENTATION_CONTEXT(2) 
PARAMETRIC_REPRESENTATION_CONTEXT() REPRESENTATION_CONTEXT('2D SPACE',''
  ) );
#12053 = PCURVE('',#11897,#12054);
#12054 = DEFINITIONAL_REPRESENTATION('',(#12055),#12059);
#12055 = LINE('',#12056,#12057);
#12056 = CARTESIAN_POINT('',(-10.15517060497,11.993222238666));
#12057 = VECTOR('',#12058,1.);
#12058 = DIRECTION('',(-0.571064488199,-0.820905201785));
#12059 = ( GEOMETRIC_REPRESENTATION_CONTEXT(2) 
PARAMETRIC_REPRESENTATION_CONTEXT() REPRESENTATION_CONTEXT('2D SPACE',''
  ) );
#12060 = ADVANCED_FACE('',(#12061),#12028,.F.);
#12061 = FACE_BOUND('',#12062,.F.);
#12062 = EDGE_LOOP('',(#12063,#12064,#12087,#12115));
#12063 = ORIENTED_EDGE('',*,*,#12012,.T.);
#12064 = ORIENTED_EDGE('',*,*,#12065,.T.);
#12065 = EDGE_CURVE('',#11990,#12066,#12068,.T.);
#12066 = VERTEX_POINT('',#12067);
#12067 = CARTESIAN_POINT('',(99.715481171548,24.100418410042,3.));
#12068 = SURFACE_CURVE('',#12069,(#12073,#12080),.PCURVE_S1.);
#12069 = LINE('',#12070,#12071);
#12070 = CARTESIAN_POINT('',(100.61924686192,26.284518828452,3.));
#12071 = VECTOR('',#12072,1.);
#12072 = DIRECTION('',(-0.382351792726,-0.924016832422,0.));
#12073 = PCURVE('',#12028,#12074);
#12074 = DEFINITIONAL_REPRESENTATION('',(#12075),#12079);
#12075 = LINE('',#12076,#12077);
#12076 = CARTESIAN_POINT('',(0.,-3.));
#12077 = VECTOR('',#12078,1.);
#12078 = DIRECTION('',(1.,0.));
#12079 = ( GEOMETRIC_REPRESENTATION_CONTEXT(2) 
PARAMETRIC_REPRESENTATION_CONTEXT() REPRESENTATION_CONTEXT('2D SPACE',''
  ) );
#12080 = PCURVE('',#11843,#12081);
#12081 = DEFINITIONAL_REPRESENTATION('',(#12082),#12086);
#12082 = LINE('',#12083,#12084);
#12083 = CARTESIAN_POINT('',(-12.56521244598,8.528787092223));
#12084 = VECTOR('',#12085,1.);
#12085 = DIRECTION('',(-0.382351792726,-0.924016832422));
#12086 = ( GEOMETRIC_REPRESENTATION_CONTEXT(2) 
PARAMETRIC_REPRESENTATION_CONTEXT() REPRESENTATION_CONTEXT('2D SPACE',''
  ) );
#12087 = ORIENTED_EDGE('',*,*,#12088,.F.);
#12088 = EDGE_CURVE('',#12089,#12066,#12091,.T.);
#12089 = VERTEX_POINT('',#12090);
#12090 = CARTESIAN_POINT('',(99.715481171548,24.100418410042,0.));
#12091 = SURFACE_CURVE('',#12092,(#12096,#12103),.PCURVE_S1.);
#12092 = LINE('',#12093,#12094);
#12093 = CARTESIAN_POINT('',(99.715481171548,24.100418410042,0.));
#12094 = VECTOR('',#12095,1.);
#12095 = DIRECTION('',(0.,0.,1.));
#12096 = PCURVE('',#12028,#12097);
#12097 = DEFINITIONAL_REPRESENTATION('',(#12098),#12102);
#12098 = LINE('',#12099,#12100);
#12099 = CARTESIAN_POINT('',(2.363701982231,0.));
#12100 = VECTOR('',#12101,1.);
#12101 = DIRECTION('',(0.,-1.));
#12102 = ( GEOMETRIC_REPRESENTATION_CONTEXT(2) 
PARAMETRIC_REPRESENTATION_CONTEXT() REPRESENTATION_CONTEXT('2D SPACE',''
  ) );
#12103 = PCURVE('',#12104,#12109);
#12104 = PLANE('',#12105);
#12105 = AXIS2_PLACEMENT_3D('',#12106,#12107,#12108);
#12106 = CARTESIAN_POINT('',(99.715481171548,24.100418410042,0.));
#12107 = DIRECTION('',(0.981194456491,-0.193021860293,0.));
#12108 = DIRECTION('',(-0.193021860293,-0.981194456491,0.));
#12109 = DEFINITIONAL_REPRESENTATION('',(#12110),#12114);
#12110 = LINE('',#12111,#12112);
#12111 = CARTESIAN_POINT('',(0.,0.));
#12112 = VECTOR('',#12113,1.);
#12113 = DIRECTION('',(0.,-1.));
#12114 = ( GEOMETRIC_REPRESENTATION_CONTEXT(2) 
PARAMETRIC_REPRESENTATION_CONTEXT() REPRESENTATION_CONTEXT('2D SPACE',''
  ) );
#12115 = ORIENTED_EDGE('',*,*,#12116,.F.);
#12116 = EDGE_CURVE('',#12013,#12089,#12117,.T.);
#12117 = SURFACE_CURVE('',#12118,(#12122,#12129),.PCURVE_S1.);
#12118 = LINE('',#12119,#12120);
#12119 = CARTESIAN_POINT('',(100.61924686192,26.284518828452,0.));
#12120 = VECTOR('',#12121,1.);
#12121 = DIRECTION('',(-0.382351792726,-0.924016832422,0.));
#12122 = PCURVE('',#12028,#12123);
#12123 = DEFINITIONAL_REPRESENTATION('',(#12124),#12128);
#12124 = LINE('',#12125,#12126);
#12125 = CARTESIAN_POINT('',(0.,0.));
#12126 = VECTOR('',#12127,1.);
#12127 = DIRECTION('',(1.,0.));
#12128 = ( GEOMETRIC_REPRESENTATION_CONTEXT(2) 
PARAMETRIC_REPRESENTATION_CONTEXT() REPRESENTATION_CONTEXT('2D SPACE',''
  ) );
#12129 = PCURVE('',#11897,#12130);
#12130 = DEFINITIONAL_REPRESENTATION('',(#12131),#12135);
#12131 = LINE('',#12132,#12133);
#12132 = CARTESIAN_POINT('',(-12.56521244598,8.528787092223));
#12133 = VECTOR('',#12134,1.);
#12134 = DIRECTION('',(-0.382351792726,-0.924016832422));
#12135 = ( GEOMETRIC_REPRESENTATION_CONTEXT(2) 
PARAMETRIC_REPRESENTATION_CONTEXT() REPRESENTATION_CONTEXT('2D SPACE',''
  ) );
#12136 = ADVANCED_FACE('',(#12137),#12104,.F.);
#12137 = FACE_BOUND('',#12138,.F.);
#12138 = EDGE_LOOP('',(#12139,#12140,#12163,#12191));
#12139 = ORIENTED_EDGE('',*,*,#12088,.T.);
#12140 = ORIENTED_EDGE('',*,*,#12141,.T.);
#12141 = EDGE_CURVE('',#12066,#12142,#12144,.T.);
#12142 = VERTEX_POINT('',#12143);
#12143 = CARTESIAN_POINT('',(98.811715481172,19.506276150628,3.));
#12144 = SURFACE_CURVE('',#12145,(#12149,#12156),.PCURVE_S1.);
#12145 = LINE('',#12146,#12147);
#12146 = CARTESIAN_POINT('',(99.715481171548,24.100418410042,3.));
#12147 = VECTOR('',#12148,1.);
#12148 = DIRECTION('',(-0.193021860293,-0.981194456491,0.));
#12149 = PCURVE('',#12104,#12150);
#12150 = DEFINITIONAL_REPRESENTATION('',(#12151),#12155);
#12151 = LINE('',#12152,#12153);
#12152 = CARTESIAN_POINT('',(0.,-3.));
#12153 = VECTOR('',#12154,1.);
#12154 = DIRECTION('',(1.,0.));
#12155 = ( GEOMETRIC_REPRESENTATION_CONTEXT(2) 
PARAMETRIC_REPRESENTATION_CONTEXT() REPRESENTATION_CONTEXT('2D SPACE',''
  ) );
#12156 = PCURVE('',#11843,#12157);
#12157 = DEFINITIONAL_REPRESENTATION('',(#12158),#12162);
#12158 = LINE('',#12159,#12160);
#12159 = CARTESIAN_POINT('',(-13.46897813635,6.344686673813));
#12160 = VECTOR('',#12161,1.);
#12161 = DIRECTION('',(-0.193021860293,-0.981194456491));
#12162 = ( GEOMETRIC_REPRESENTATION_CONTEXT(2) 
PARAMETRIC_REPRESENTATION_CONTEXT() REPRESENTATION_CONTEXT('2D SPACE',''
  ) );
#12163 = ORIENTED_EDGE('',*,*,#12164,.F.);
#12164 = EDGE_CURVE('',#12165,#12142,#12167,.T.);
#12165 = VERTEX_POINT('',#12166);
#12166 = CARTESIAN_POINT('',(98.811715481172,19.506276150628,0.));
#12167 = SURFACE_CURVE('',#12168,(#12172,#12179),.PCURVE_S1.);
#12168 = LINE('',#12169,#12170);
#12169 = CARTESIAN_POINT('',(98.811715481172,19.506276150628,0.));
#12170 = VECTOR('',#12171,1.);
#12171 = DIRECTION('',(0.,0.,1.));
#12172 = PCURVE('',#12104,#12173);
#12173 = DEFINITIONAL_REPRESENTATION('',(#12174),#12178);
#12174 = LINE('',#12175,#12176);
#12175 = CARTESIAN_POINT('',(4.682193452095,0.));
#12176 = VECTOR('',#12177,1.);
#12177 = DIRECTION('',(0.,-1.));
#12178 = ( GEOMETRIC_REPRESENTATION_CONTEXT(2) 
PARAMETRIC_REPRESENTATION_CONTEXT() REPRESENTATION_CONTEXT('2D SPACE',''
  ) );
#12179 = PCURVE('',#12180,#12185);
#12180 = PLANE('',#12181);
#12181 = AXIS2_PLACEMENT_3D('',#12182,#12183,#12184);
#12182 = CARTESIAN_POINT('',(98.811715481172,19.506276150628,0.));
#12183 = DIRECTION('',(1.,0.,-0.));
#12184 = DIRECTION('',(0.,-1.,0.));
#12185 = DEFINITIONAL_REPRESENTATION('',(#12186),#12190);
#12186 = LINE('',#12187,#12188);
#12187 = CARTESIAN_POINT('',(0.,0.));
#12188 = VECTOR('',#12189,1.);
#12189 = DIRECTION('',(0.,-1.));
#12190 = ( GEOMETRIC_REPRESENTATION_CONTEXT(2) 
PARAMETRIC_REPRESENTATION_CONTEXT() REPRESENTATION_CONTEXT('2D SPACE',''
  ) );
#12191 = ORIENTED_EDGE('',*,*,#12192,.F.);
#12192 = EDGE_CURVE('',#12089,#12165,#12193,.T.);
#12193 = SURFACE_CURVE('',#12194,(#12198,#12205),.PCURVE_S1.);
#12194 = LINE('',#12195,#12196);
#12195 = CARTESIAN_POINT('',(99.715481171548,24.100418410042,0.));
#12196 = VECTOR('',#12197,1.);
#12197 = DIRECTION('',(-0.193021860293,-0.981194456491,0.));
#12198 = PCURVE('',#12104,#12199);
#12199 = DEFINITIONAL_REPRESENTATION('',(#12200),#12204);
#12200 = LINE('',#12201,#12202);
#12201 = CARTESIAN_POINT('',(0.,0.));
#12202 = VECTOR('',#12203,1.);
#12203 = DIRECTION('',(1.,0.));
#12204 = ( GEOMETRIC_REPRESENTATION_CONTEXT(2) 
PARAMETRIC_REPRESENTATION_CONTEXT() REPRESENTATION_CONTEXT('2D SPACE',''
  ) );
#12205 = PCURVE('',#11897,#12206);
#12206 = DEFINITIONAL_REPRESENTATION('',(#12207),#12211);
#12207 = LINE('',#12208,#12209);
#12208 = CARTESIAN_POINT('',(-13.46897813635,6.344686673813));
#12209 = VECTOR('',#12210,1.);
#12210 = DIRECTION('',(-0.193021860293,-0.981194456491));
#12211 = ( GEOMETRIC_REPRESENTATION_CONTEXT(2) 
PARAMETRIC_REPRESENTATION_CONTEXT() REPRESENTATION_CONTEXT('2D SPACE',''
  ) );
#12212 = ADVANCED_FACE('',(#12213),#12180,.F.);
#12213 = FACE_BOUND('',#12214,.F.);
#12214 = EDGE_LOOP('',(#12215,#12216,#12239,#12267));
#12215 = ORIENTED_EDGE('',*,*,#12164,.T.);
#12216 = ORIENTED_EDGE('',*,*,#12217,.T.);
#12217 = EDGE_CURVE('',#12142,#12218,#12220,.T.);
#12218 = VERTEX_POINT('',#12219);
#12219 = CARTESIAN_POINT('',(98.811715481172,17.246861924686,3.));
#12220 = SURFACE_CURVE('',#12221,(#12225,#12232),.PCURVE_S1.);
#12221 = LINE('',#12222,#12223);
#12222 = CARTESIAN_POINT('',(98.811715481172,19.506276150628,3.));
#12223 = VECTOR('',#12224,1.);
#12224 = DIRECTION('',(0.,-1.,0.));
#12225 = PCURVE('',#12180,#12226);
#12226 = DEFINITIONAL_REPRESENTATION('',(#12227),#12231);
#12227 = LINE('',#12228,#12229);
#12228 = CARTESIAN_POINT('',(0.,-3.));
#12229 = VECTOR('',#12230,1.);
#12230 = DIRECTION('',(1.,0.));
#12231 = ( GEOMETRIC_REPRESENTATION_CONTEXT(2) 
PARAMETRIC_REPRESENTATION_CONTEXT() REPRESENTATION_CONTEXT('2D SPACE',''
  ) );
#12232 = PCURVE('',#11843,#12233);
#12233 = DEFINITIONAL_REPRESENTATION('',(#12234),#12238);
#12234 = LINE('',#12235,#12236);
#12235 = CARTESIAN_POINT('',(-14.37274382673,1.750544414399));
#12236 = VECTOR('',#12237,1.);
#12237 = DIRECTION('',(0.,-1.));
#12238 = ( GEOMETRIC_REPRESENTATION_CONTEXT(2) 
PARAMETRIC_REPRESENTATION_CONTEXT() REPRESENTATION_CONTEXT('2D SPACE',''
  ) );
#12239 = ORIENTED_EDGE('',*,*,#12240,.F.);
#12240 = EDGE_CURVE('',#12241,#12218,#12243,.T.);
#12241 = VERTEX_POINT('',#12242);
#12242 = CARTESIAN_POINT('',(98.811715481172,17.246861924686,0.));
#12243 = SURFACE_CURVE('',#12244,(#12248,#12255),.PCURVE_S1.);
#12244 = LINE('',#12245,#12246);
#12245 = CARTESIAN_POINT('',(98.811715481172,17.246861924686,0.));
#12246 = VECTOR('',#12247,1.);
#12247 = DIRECTION('',(0.,0.,1.));
#12248 = PCURVE('',#12180,#12249);
#12249 = DEFINITIONAL_REPRESENTATION('',(#12250),#12254);
#12250 = LINE('',#12251,#12252);
#12251 = CARTESIAN_POINT('',(2.259414225941,0.));
#12252 = VECTOR('',#12253,1.);
#12253 = DIRECTION('',(0.,-1.));
#12254 = ( GEOMETRIC_REPRESENTATION_CONTEXT(2) 
PARAMETRIC_REPRESENTATION_CONTEXT() REPRESENTATION_CONTEXT('2D SPACE',''
  ) );
#12255 = PCURVE('',#12256,#12261);
#12256 = PLANE('',#12257);
#12257 = AXIS2_PLACEMENT_3D('',#12258,#12259,#12260);
#12258 = CARTESIAN_POINT('',(98.811715481172,17.246861924686,0.));
#12259 = DIRECTION('',(0.987241120713,0.159232438825,-0.));
#12260 = DIRECTION('',(0.159232438825,-0.987241120713,0.));
#12261 = DEFINITIONAL_REPRESENTATION('',(#12262),#12266);
#12262 = LINE('',#12263,#12264);
#12263 = CARTESIAN_POINT('',(0.,0.));
#12264 = VECTOR('',#12265,1.);
#12265 = DIRECTION('',(0.,-1.));
#12266 = ( GEOMETRIC_REPRESENTATION_CONTEXT(2) 
PARAMETRIC_REPRESENTATION_CONTEXT() REPRESENTATION_CONTEXT('2D SPACE',''
  ) );
#12267 = ORIENTED_EDGE('',*,*,#12268,.F.);
#12268 = EDGE_CURVE('',#12165,#12241,#12269,.T.);
#12269 = SURFACE_CURVE('',#12270,(#12274,#12281),.PCURVE_S1.);
#12270 = LINE('',#12271,#12272);
#12271 = CARTESIAN_POINT('',(98.811715481172,19.506276150628,0.));
#12272 = VECTOR('',#12273,1.);
#12273 = DIRECTION('',(0.,-1.,0.));
#12274 = PCURVE('',#12180,#12275);
#12275 = DEFINITIONAL_REPRESENTATION('',(#12276),#12280);
#12276 = LINE('',#12277,#12278);
#12277 = CARTESIAN_POINT('',(0.,0.));
#12278 = VECTOR('',#12279,1.);
#12279 = DIRECTION('',(1.,0.));
#12280 = ( GEOMETRIC_REPRESENTATION_CONTEXT(2) 
PARAMETRIC_REPRESENTATION_CONTEXT() REPRESENTATION_CONTEXT('2D SPACE',''
  ) );
#12281 = PCURVE('',#11897,#12282);
#12282 = DEFINITIONAL_REPRESENTATION('',(#12283),#12287);
#12283 = LINE('',#12284,#12285);
#12284 = CARTESIAN_POINT('',(-14.37274382673,1.750544414399));
#12285 = VECTOR('',#12286,1.);
#12286 = DIRECTION('',(0.,-1.));
#12287 = ( GEOMETRIC_REPRESENTATION_CONTEXT(2) 
PARAMETRIC_REPRESENTATION_CONTEXT() REPRESENTATION_CONTEXT('2D SPACE',''
  ) );
#12288 = ADVANCED_FACE('',(#12289),#12256,.F.);
#12289 = FACE_BOUND('',#12290,.F.);
#12290 = EDGE_LOOP('',(#12291,#12292,#12315,#12343));
#12291 = ORIENTED_EDGE('',*,*,#12240,.T.);
#12292 = ORIENTED_EDGE('',*,*,#12293,.T.);
#12293 = EDGE_CURVE('',#12218,#12294,#12296,.T.);
#12294 = VERTEX_POINT('',#12295);
#12295 = CARTESIAN_POINT('',(99.564853556485,12.577405857741,3.));
#12296 = SURFACE_CURVE('',#12297,(#12301,#12308),.PCURVE_S1.);
#12297 = LINE('',#12298,#12299);
#12298 = CARTESIAN_POINT('',(98.811715481172,17.246861924686,3.));
#12299 = VECTOR('',#12300,1.);
#12300 = DIRECTION('',(0.159232438825,-0.987241120713,0.));
#12301 = PCURVE('',#12256,#12302);
#12302 = DEFINITIONAL_REPRESENTATION('',(#12303),#12307);
#12303 = LINE('',#12304,#12305);
#12304 = CARTESIAN_POINT('',(0.,-3.));
#12305 = VECTOR('',#12306,1.);
#12306 = DIRECTION('',(1.,0.));
#12307 = ( GEOMETRIC_REPRESENTATION_CONTEXT(2) 
PARAMETRIC_REPRESENTATION_CONTEXT() REPRESENTATION_CONTEXT('2D SPACE',''
  ) );
#12308 = PCURVE('',#11843,#12309);
#12309 = DEFINITIONAL_REPRESENTATION('',(#12310),#12314);
#12310 = LINE('',#12311,#12312);
#12311 = CARTESIAN_POINT('',(-14.37274382673,-0.508869811543));
#12312 = VECTOR('',#12313,1.);
#12313 = DIRECTION('',(0.159232438825,-0.987241120713));
#12314 = ( GEOMETRIC_REPRESENTATION_CONTEXT(2) 
PARAMETRIC_REPRESENTATION_CONTEXT() REPRESENTATION_CONTEXT('2D SPACE',''
  ) );
#12315 = ORIENTED_EDGE('',*,*,#12316,.F.);
#12316 = EDGE_CURVE('',#12317,#12294,#12319,.T.);
#12317 = VERTEX_POINT('',#12318);
#12318 = CARTESIAN_POINT('',(99.564853556485,12.577405857741,0.));
#12319 = SURFACE_CURVE('',#12320,(#12324,#12331),.PCURVE_S1.);
#12320 = LINE('',#12321,#12322);
#12321 = CARTESIAN_POINT('',(99.564853556485,12.577405857741,0.));
#12322 = VECTOR('',#12323,1.);
#12323 = DIRECTION('',(0.,0.,1.));
#12324 = PCURVE('',#12256,#12325);
#12325 = DEFINITIONAL_REPRESENTATION('',(#12326),#12330);
#12326 = LINE('',#12327,#12328);
#12327 = CARTESIAN_POINT('',(4.729803053154,0.));
#12328 = VECTOR('',#12329,1.);
#12329 = DIRECTION('',(0.,-1.));
#12330 = ( GEOMETRIC_REPRESENTATION_CONTEXT(2) 
PARAMETRIC_REPRESENTATION_CONTEXT() REPRESENTATION_CONTEXT('2D SPACE',''
  ) );
#12331 = PCURVE('',#12332,#12337);
#12332 = PLANE('',#12333);
#12333 = AXIS2_PLACEMENT_3D('',#12334,#12335,#12336);
#12334 = CARTESIAN_POINT('',(99.564853556485,12.577405857741,0.));
#12335 = DIRECTION('',(0.948683298051,0.316227766017,-0.));
#12336 = DIRECTION('',(0.316227766017,-0.948683298051,0.));
#12337 = DEFINITIONAL_REPRESENTATION('',(#12338),#12342);
#12338 = LINE('',#12339,#12340);
#12339 = CARTESIAN_POINT('',(0.,0.));
#12340 = VECTOR('',#12341,1.);
#12341 = DIRECTION('',(0.,-1.));
#12342 = ( GEOMETRIC_REPRESENTATION_CONTEXT(2) 
PARAMETRIC_REPRESENTATION_CONTEXT() REPRESENTATION_CONTEXT('2D SPACE',''
  ) );
#12343 = ORIENTED_EDGE('',*,*,#12344,.F.);
#12344 = EDGE_CURVE('',#12241,#12317,#12345,.T.);
#12345 = SURFACE_CURVE('',#12346,(#12350,#12357),.PCURVE_S1.);
#12346 = LINE('',#12347,#12348);
#12347 = CARTESIAN_POINT('',(98.811715481172,17.246861924686,0.));
#12348 = VECTOR('',#12349,1.);
#12349 = DIRECTION('',(0.159232438825,-0.987241120713,0.));
#12350 = PCURVE('',#12256,#12351);
#12351 = DEFINITIONAL_REPRESENTATION('',(#12352),#12356);
#12352 = LINE('',#12353,#12354);
#12353 = CARTESIAN_POINT('',(0.,0.));
#12354 = VECTOR('',#12355,1.);
#12355 = DIRECTION('',(1.,0.));
#12356 = ( GEOMETRIC_REPRESENTATION_CONTEXT(2) 
PARAMETRIC_REPRESENTATION_CONTEXT() REPRESENTATION_CONTEXT('2D SPACE',''
  ) );
#12357 = PCURVE('',#11897,#12358);
#12358 = DEFINITIONAL_REPRESENTATION('',(#12359),#12363);
#12359 = LINE('',#12360,#12361);
#12360 = CARTESIAN_POINT('',(-14.37274382673,-0.508869811543));
#12361 = VECTOR('',#12362,1.);
#12362 = DIRECTION('',(0.159232438825,-0.987241120713));
#12363 = ( GEOMETRIC_REPRESENTATION_CONTEXT(2) 
PARAMETRIC_REPRESENTATION_CONTEXT() REPRESENTATION_CONTEXT('2D SPACE',''
  ) );
#12364 = ADVANCED_FACE('',(#12365),#12332,.F.);
#12365 = FACE_BOUND('',#12366,.F.);
#12366 = EDGE_LOOP('',(#12367,#12368,#12391,#12419));
#12367 = ORIENTED_EDGE('',*,*,#12316,.T.);
#12368 = ORIENTED_EDGE('',*,*,#12369,.T.);
#12369 = EDGE_CURVE('',#12294,#12370,#12372,.T.);
#12370 = VERTEX_POINT('',#12371);
#12371 = CARTESIAN_POINT('',(100.39330543933,10.092050209205,3.));
#12372 = SURFACE_CURVE('',#12373,(#12377,#12384),.PCURVE_S1.);
#12373 = LINE('',#12374,#12375);
#12374 = CARTESIAN_POINT('',(99.564853556485,12.577405857741,3.));
#12375 = VECTOR('',#12376,1.);
#12376 = DIRECTION('',(0.316227766017,-0.948683298051,0.));
#12377 = PCURVE('',#12332,#12378);
#12378 = DEFINITIONAL_REPRESENTATION('',(#12379),#12383);
#12379 = LINE('',#12380,#12381);
#12380 = CARTESIAN_POINT('',(0.,-3.));
#12381 = VECTOR('',#12382,1.);
#12382 = DIRECTION('',(1.,0.));
#12383 = ( GEOMETRIC_REPRESENTATION_CONTEXT(2) 
PARAMETRIC_REPRESENTATION_CONTEXT() REPRESENTATION_CONTEXT('2D SPACE',''
  ) );
#12384 = PCURVE('',#11843,#12385);
#12385 = DEFINITIONAL_REPRESENTATION('',(#12386),#12390);
#12386 = LINE('',#12387,#12388);
#12387 = CARTESIAN_POINT('',(-13.61960575141,-5.178325878488));
#12388 = VECTOR('',#12389,1.);
#12389 = DIRECTION('',(0.316227766017,-0.948683298051));
#12390 = ( GEOMETRIC_REPRESENTATION_CONTEXT(2) 
PARAMETRIC_REPRESENTATION_CONTEXT() REPRESENTATION_CONTEXT('2D SPACE',''
  ) );
#12391 = ORIENTED_EDGE('',*,*,#12392,.F.);
#12392 = EDGE_CURVE('',#12393,#12370,#12395,.T.);
#12393 = VERTEX_POINT('',#12394);
#12394 = CARTESIAN_POINT('',(100.39330543933,10.092050209205,0.));
#12395 = SURFACE_CURVE('',#12396,(#12400,#12407),.PCURVE_S1.);
#12396 = LINE('',#12397,#12398);
#12397 = CARTESIAN_POINT('',(100.39330543933,10.092050209205,0.));
#12398 = VECTOR('',#12399,1.);
#12399 = DIRECTION('',(0.,0.,1.));
#12400 = PCURVE('',#12332,#12401);
#12401 = DEFINITIONAL_REPRESENTATION('',(#12402),#12406);
#12402 = LINE('',#12403,#12404);
#12403 = CARTESIAN_POINT('',(2.619794881646,0.));
#12404 = VECTOR('',#12405,1.);
#12405 = DIRECTION('',(0.,-1.));
#12406 = ( GEOMETRIC_REPRESENTATION_CONTEXT(2) 
PARAMETRIC_REPRESENTATION_CONTEXT() REPRESENTATION_CONTEXT('2D SPACE',''
  ) );
#12407 = PCURVE('',#12408,#12413);
#12408 = PLANE('',#12409);
#12409 = AXIS2_PLACEMENT_3D('',#12410,#12411,#12412);
#12410 = CARTESIAN_POINT('',(100.39330543933,10.092050209205,0.));
#12411 = DIRECTION('',(0.843661487732,0.536875492193,-0.));
#12412 = DIRECTION('',(0.536875492193,-0.843661487732,0.));
#12413 = DEFINITIONAL_REPRESENTATION('',(#12414),#12418);
#12414 = LINE('',#12415,#12416);
#12415 = CARTESIAN_POINT('',(0.,0.));
#12416 = VECTOR('',#12417,1.);
#12417 = DIRECTION('',(0.,-1.));
#12418 = ( GEOMETRIC_REPRESENTATION_CONTEXT(2) 
PARAMETRIC_REPRESENTATION_CONTEXT() REPRESENTATION_CONTEXT('2D SPACE',''
  ) );
#12419 = ORIENTED_EDGE('',*,*,#12420,.F.);
#12420 = EDGE_CURVE('',#12317,#12393,#12421,.T.);
#12421 = SURFACE_CURVE('',#12422,(#12426,#12433),.PCURVE_S1.);
#12422 = LINE('',#12423,#12424);
#12423 = CARTESIAN_POINT('',(99.564853556485,12.577405857741,0.));
#12424 = VECTOR('',#12425,1.);
#12425 = DIRECTION('',(0.316227766017,-0.948683298051,0.));
#12426 = PCURVE('',#12332,#12427);
#12427 = DEFINITIONAL_REPRESENTATION('',(#12428),#12432);
#12428 = LINE('',#12429,#12430);
#12429 = CARTESIAN_POINT('',(0.,0.));
#12430 = VECTOR('',#12431,1.);
#12431 = DIRECTION('',(1.,0.));
#12432 = ( GEOMETRIC_REPRESENTATION_CONTEXT(2) 
PARAMETRIC_REPRESENTATION_CONTEXT() REPRESENTATION_CONTEXT('2D SPACE',''
  ) );
#12433 = PCURVE('',#11897,#12434);
#12434 = DEFINITIONAL_REPRESENTATION('',(#12435),#12439);
#12435 = LINE('',#12436,#12437);
#12436 = CARTESIAN_POINT('',(-13.61960575141,-5.178325878488));
#12437 = VECTOR('',#12438,1.);
#12438 = DIRECTION('',(0.316227766017,-0.948683298051));
#12439 = ( GEOMETRIC_REPRESENTATION_CONTEXT(2) 
PARAMETRIC_REPRESENTATION_CONTEXT() REPRESENTATION_CONTEXT('2D SPACE',''
  ) );
#12440 = ADVANCED_FACE('',(#12441),#12408,.F.);
#12441 = FACE_BOUND('',#12442,.F.);
#12442 = EDGE_LOOP('',(#12443,#12444,#12467,#12495));
#12443 = ORIENTED_EDGE('',*,*,#12392,.T.);
#12444 = ORIENTED_EDGE('',*,*,#12445,.T.);
#12445 = EDGE_CURVE('',#12370,#12446,#12448,.T.);
#12446 = VERTEX_POINT('',#12447);
#12447 = CARTESIAN_POINT('',(103.02928870292,5.949790794979,3.));
#12448 = SURFACE_CURVE('',#12449,(#12453,#12460),.PCURVE_S1.);
#12449 = LINE('',#12450,#12451);
#12450 = CARTESIAN_POINT('',(100.39330543933,10.092050209205,3.));
#12451 = VECTOR('',#12452,1.);
#12452 = DIRECTION('',(0.536875492193,-0.843661487732,0.));
#12453 = PCURVE('',#12408,#12454);
#12454 = DEFINITIONAL_REPRESENTATION('',(#12455),#12459);
#12455 = LINE('',#12456,#12457);
#12456 = CARTESIAN_POINT('',(0.,-3.));
#12457 = VECTOR('',#12458,1.);
#12458 = DIRECTION('',(1.,0.));
#12459 = ( GEOMETRIC_REPRESENTATION_CONTEXT(2) 
PARAMETRIC_REPRESENTATION_CONTEXT() REPRESENTATION_CONTEXT('2D SPACE',''
  ) );
#12460 = PCURVE('',#11843,#12461);
#12461 = DEFINITIONAL_REPRESENTATION('',(#12462),#12466);
#12462 = LINE('',#12463,#12464);
#12463 = CARTESIAN_POINT('',(-12.79115386857,-7.663681527024));
#12464 = VECTOR('',#12465,1.);
#12465 = DIRECTION('',(0.536875492193,-0.843661487732));
#12466 = ( GEOMETRIC_REPRESENTATION_CONTEXT(2) 
PARAMETRIC_REPRESENTATION_CONTEXT() REPRESENTATION_CONTEXT('2D SPACE',''
  ) );
#12467 = ORIENTED_EDGE('',*,*,#12468,.F.);
#12468 = EDGE_CURVE('',#12469,#12446,#12471,.T.);
#12469 = VERTEX_POINT('',#12470);
#12470 = CARTESIAN_POINT('',(103.02928870292,5.949790794979,0.));
#12471 = SURFACE_CURVE('',#12472,(#12476,#12483),.PCURVE_S1.);
#12472 = LINE('',#12473,#12474);
#12473 = CARTESIAN_POINT('',(103.02928870292,5.949790794979,0.));
#12474 = VECTOR('',#12475,1.);
#12475 = DIRECTION('',(0.,0.,1.));
#12476 = PCURVE('',#12408,#12477);
#12477 = DEFINITIONAL_REPRESENTATION('',(#12478),#12482);
#12478 = LINE('',#12479,#12480);
#12479 = CARTESIAN_POINT('',(4.909859552035,0.));
#12480 = VECTOR('',#12481,1.);
#12481 = DIRECTION('',(0.,-1.));
#12482 = ( GEOMETRIC_REPRESENTATION_CONTEXT(2) 
PARAMETRIC_REPRESENTATION_CONTEXT() REPRESENTATION_CONTEXT('2D SPACE',''
  ) );
#12483 = PCURVE('',#12484,#12489);
#12484 = PLANE('',#12485);
#12485 = AXIS2_PLACEMENT_3D('',#12486,#12487,#12488);
#12486 = CARTESIAN_POINT('',(103.02928870292,5.949790794979,0.));
#12487 = DIRECTION('',(0.707106781187,0.707106781187,-0.));
#12488 = DIRECTION('',(0.707106781187,-0.707106781187,0.));
#12489 = DEFINITIONAL_REPRESENTATION('',(#12490),#12494);
#12490 = LINE('',#12491,#12492);
#12491 = CARTESIAN_POINT('',(0.,0.));
#12492 = VECTOR('',#12493,1.);
#12493 = DIRECTION('',(0.,-1.));
#12494 = ( GEOMETRIC_REPRESENTATION_CONTEXT(2) 
PARAMETRIC_REPRESENTATION_CONTEXT() REPRESENTATION_CONTEXT('2D SPACE',''
  ) );
#12495 = ORIENTED_EDGE('',*,*,#12496,.F.);
#12496 = EDGE_CURVE('',#12393,#12469,#12497,.T.);
#12497 = SURFACE_CURVE('',#12498,(#12502,#12509),.PCURVE_S1.);
#12498 = LINE('',#12499,#12500);
#12499 = CARTESIAN_POINT('',(100.39330543933,10.092050209205,0.));
#12500 = VECTOR('',#12501,1.);
#12501 = DIRECTION('',(0.536875492193,-0.843661487732,0.));
#12502 = PCURVE('',#12408,#12503);
#12503 = DEFINITIONAL_REPRESENTATION('',(#12504),#12508);
#12504 = LINE('',#12505,#12506);
#12505 = CARTESIAN_POINT('',(0.,0.));
#12506 = VECTOR('',#12507,1.);
#12507 = DIRECTION('',(1.,0.));
#12508 = ( GEOMETRIC_REPRESENTATION_CONTEXT(2) 
PARAMETRIC_REPRESENTATION_CONTEXT() REPRESENTATION_CONTEXT('2D SPACE',''
  ) );
#12509 = PCURVE('',#11897,#12510);
#12510 = DEFINITIONAL_REPRESENTATION('',(#12511),#12515);
#12511 = LINE('',#12512,#12513);
#12512 = CARTESIAN_POINT('',(-12.79115386857,-7.663681527024));
#12513 = VECTOR('',#12514,1.);
#12514 = DIRECTION('',(0.536875492193,-0.843661487732));
#12515 = ( GEOMETRIC_REPRESENTATION_CONTEXT(2) 
PARAMETRIC_REPRESENTATION_CONTEXT() REPRESENTATION_CONTEXT('2D SPACE',''
  ) );
#12516 = ADVANCED_FACE('',(#12517),#12484,.F.);
#12517 = FACE_BOUND('',#12518,.F.);
#12518 = EDGE_LOOP('',(#12519,#12520,#12543,#12571));
#12519 = ORIENTED_EDGE('',*,*,#12468,.T.);
#12520 = ORIENTED_EDGE('',*,*,#12521,.T.);
#12521 = EDGE_CURVE('',#12446,#12522,#12524,.T.);
#12522 = VERTEX_POINT('',#12523);
#12523 = CARTESIAN_POINT('',(104.98744769874,3.991631799163,3.));
#12524 = SURFACE_CURVE('',#12525,(#12529,#12536),.PCURVE_S1.);
#12525 = LINE('',#12526,#12527);
#12526 = CARTESIAN_POINT('',(103.02928870292,5.949790794979,3.));
#12527 = VECTOR('',#12528,1.);
#12528 = DIRECTION('',(0.707106781187,-0.707106781187,0.));
#12529 = PCURVE('',#12484,#12530);
#12530 = DEFINITIONAL_REPRESENTATION('',(#12531),#12535);
#12531 = LINE('',#12532,#12533);
#12532 = CARTESIAN_POINT('',(0.,-3.));
#12533 = VECTOR('',#12534,1.);
#12534 = DIRECTION('',(1.,0.));
#12535 = ( GEOMETRIC_REPRESENTATION_CONTEXT(2) 
PARAMETRIC_REPRESENTATION_CONTEXT() REPRESENTATION_CONTEXT('2D SPACE',''
  ) );
#12536 = PCURVE('',#11843,#12537);
#12537 = DEFINITIONAL_REPRESENTATION('',(#12538),#12542);
#12538 = LINE('',#12539,#12540);
#12539 = CARTESIAN_POINT('',(-10.15517060497,-11.80594094125));
#12540 = VECTOR('',#12541,1.);
#12541 = DIRECTION('',(0.707106781187,-0.707106781187));
#12542 = ( GEOMETRIC_REPRESENTATION_CONTEXT(2) 
PARAMETRIC_REPRESENTATION_CONTEXT() REPRESENTATION_CONTEXT('2D SPACE',''
  ) );
#12543 = ORIENTED_EDGE('',*,*,#12544,.F.);
#12544 = EDGE_CURVE('',#12545,#12522,#12547,.T.);
#12545 = VERTEX_POINT('',#12546);
#12546 = CARTESIAN_POINT('',(104.98744769874,3.991631799163,0.));
#12547 = SURFACE_CURVE('',#12548,(#12552,#12559),.PCURVE_S1.);
#12548 = LINE('',#12549,#12550);
#12549 = CARTESIAN_POINT('',(104.98744769874,3.991631799163,0.));
#12550 = VECTOR('',#12551,1.);
#12551 = DIRECTION('',(0.,0.,1.));
#12552 = PCURVE('',#12484,#12553);
#12553 = DEFINITIONAL_REPRESENTATION('',(#12554),#12558);
#12554 = LINE('',#12555,#12556);
#12555 = CARTESIAN_POINT('',(2.769255009166,0.));
#12556 = VECTOR('',#12557,1.);
#12557 = DIRECTION('',(0.,-1.));
#12558 = ( GEOMETRIC_REPRESENTATION_CONTEXT(2) 
PARAMETRIC_REPRESENTATION_CONTEXT() REPRESENTATION_CONTEXT('2D SPACE',''
  ) );
#12559 = PCURVE('',#12560,#12565);
#12560 = PLANE('',#12561);
#12561 = AXIS2_PLACEMENT_3D('',#12562,#12563,#12564);
#12562 = CARTESIAN_POINT('',(104.98744769874,3.991631799163,0.));
#12563 = DIRECTION('',(0.577464720627,0.816415639507,-0.));
#12564 = DIRECTION('',(0.816415639507,-0.577464720627,0.));
#12565 = DEFINITIONAL_REPRESENTATION('',(#12566),#12570);
#12566 = LINE('',#12567,#12568);
#12567 = CARTESIAN_POINT('',(0.,0.));
#12568 = VECTOR('',#12569,1.);
#12569 = DIRECTION('',(0.,-1.));
#12570 = ( GEOMETRIC_REPRESENTATION_CONTEXT(2) 
PARAMETRIC_REPRESENTATION_CONTEXT() REPRESENTATION_CONTEXT('2D SPACE',''
  ) );
#12571 = ORIENTED_EDGE('',*,*,#12572,.F.);
#12572 = EDGE_CURVE('',#12469,#12545,#12573,.T.);
#12573 = SURFACE_CURVE('',#12574,(#12578,#12585),.PCURVE_S1.);
#12574 = LINE('',#12575,#12576);
#12575 = CARTESIAN_POINT('',(103.02928870292,5.949790794979,0.));
#12576 = VECTOR('',#12577,1.);
#12577 = DIRECTION('',(0.707106781187,-0.707106781187,0.));
#12578 = PCURVE('',#12484,#12579);
#12579 = DEFINITIONAL_REPRESENTATION('',(#12580),#12584);
#12580 = LINE('',#12581,#12582);
#12581 = CARTESIAN_POINT('',(0.,0.));
#12582 = VECTOR('',#12583,1.);
#12583 = DIRECTION('',(1.,0.));
#12584 = ( GEOMETRIC_REPRESENTATION_CONTEXT(2) 
PARAMETRIC_REPRESENTATION_CONTEXT() REPRESENTATION_CONTEXT('2D SPACE',''
  ) );
#12585 = PCURVE('',#11897,#12586);
#12586 = DEFINITIONAL_REPRESENTATION('',(#12587),#12591);
#12587 = LINE('',#12588,#12589);
#12588 = CARTESIAN_POINT('',(-10.15517060497,-11.80594094125));
#12589 = VECTOR('',#12590,1.);
#12590 = DIRECTION('',(0.707106781187,-0.707106781187));
#12591 = ( GEOMETRIC_REPRESENTATION_CONTEXT(2) 
PARAMETRIC_REPRESENTATION_CONTEXT() REPRESENTATION_CONTEXT('2D SPACE',''
  ) );
#12592 = ADVANCED_FACE('',(#12593),#12560,.F.);
#12593 = FACE_BOUND('',#12594,.F.);
#12594 = EDGE_LOOP('',(#12595,#12596,#12619,#12647));
#12595 = ORIENTED_EDGE('',*,*,#12544,.T.);
#12596 = ORIENTED_EDGE('',*,*,#12597,.T.);
#12597 = EDGE_CURVE('',#12522,#12598,#12600,.T.);
#12598 = VERTEX_POINT('',#12599);
#12599 = CARTESIAN_POINT('',(108.07531380753,1.807531380753,3.));
#12600 = SURFACE_CURVE('',#12601,(#12605,#12612),.PCURVE_S1.);
#12601 = LINE('',#12602,#12603);
#12602 = CARTESIAN_POINT('',(104.98744769874,3.991631799163,3.));
#12603 = VECTOR('',#12604,1.);
#12604 = DIRECTION('',(0.816415639507,-0.577464720627,0.));
#12605 = PCURVE('',#12560,#12606);
#12606 = DEFINITIONAL_REPRESENTATION('',(#12607),#12611);
#12607 = LINE('',#12608,#12609);
#12608 = CARTESIAN_POINT('',(0.,-3.));
#12609 = VECTOR('',#12610,1.);
#12610 = DIRECTION('',(1.,0.));
#12611 = ( GEOMETRIC_REPRESENTATION_CONTEXT(2) 
PARAMETRIC_REPRESENTATION_CONTEXT() REPRESENTATION_CONTEXT('2D SPACE',''
  ) );
#12612 = PCURVE('',#11843,#12613);
#12613 = DEFINITIONAL_REPRESENTATION('',(#12614),#12618);
#12614 = LINE('',#12615,#12616);
#12615 = CARTESIAN_POINT('',(-8.19701160916,-13.76409993706));
#12616 = VECTOR('',#12617,1.);
#12617 = DIRECTION('',(0.816415639507,-0.577464720627));
#12618 = ( GEOMETRIC_REPRESENTATION_CONTEXT(2) 
PARAMETRIC_REPRESENTATION_CONTEXT() REPRESENTATION_CONTEXT('2D SPACE',''
  ) );
#12619 = ORIENTED_EDGE('',*,*,#12620,.F.);
#12620 = EDGE_CURVE('',#12621,#12598,#12623,.T.);
#12621 = VERTEX_POINT('',#12622);
#12622 = CARTESIAN_POINT('',(108.07531380753,1.807531380753,0.));
#12623 = SURFACE_CURVE('',#12624,(#12628,#12635),.PCURVE_S1.);
#12624 = LINE('',#12625,#12626);
#12625 = CARTESIAN_POINT('',(108.07531380753,1.807531380753,0.));
#12626 = VECTOR('',#12627,1.);
#12627 = DIRECTION('',(0.,0.,1.));
#12628 = PCURVE('',#12560,#12629);
#12629 = DEFINITIONAL_REPRESENTATION('',(#12630),#12634);
#12630 = LINE('',#12631,#12632);
#12631 = CARTESIAN_POINT('',(3.782223121855,0.));
#12632 = VECTOR('',#12633,1.);
#12633 = DIRECTION('',(0.,-1.));
#12634 = ( GEOMETRIC_REPRESENTATION_CONTEXT(2) 
PARAMETRIC_REPRESENTATION_CONTEXT() REPRESENTATION_CONTEXT('2D SPACE',''
  ) );
#12635 = PCURVE('',#12636,#12641);
#12636 = PLANE('',#12637);
#12637 = AXIS2_PLACEMENT_3D('',#12638,#12639,#12640);
#12638 = CARTESIAN_POINT('',(108.07531380753,1.807531380753,0.));
#12639 = DIRECTION('',(0.300506003221,0.953779923267,-0.));
#12640 = DIRECTION('',(0.953779923267,-0.300506003221,0.));
#12641 = DEFINITIONAL_REPRESENTATION('',(#12642),#12646);
#12642 = LINE('',#12643,#12644);
#12643 = CARTESIAN_POINT('',(0.,0.));
#12644 = VECTOR('',#12645,1.);
#12645 = DIRECTION('',(0.,-1.));
#12646 = ( GEOMETRIC_REPRESENTATION_CONTEXT(2) 
PARAMETRIC_REPRESENTATION_CONTEXT() REPRESENTATION_CONTEXT('2D SPACE',''
  ) );
#12647 = ORIENTED_EDGE('',*,*,#12648,.F.);
#12648 = EDGE_CURVE('',#12545,#12621,#12649,.T.);
#12649 = SURFACE_CURVE('',#12650,(#12654,#12661),.PCURVE_S1.);
#12650 = LINE('',#12651,#12652);
#12651 = CARTESIAN_POINT('',(104.98744769874,3.991631799163,0.));
#12652 = VECTOR('',#12653,1.);
#12653 = DIRECTION('',(0.816415639507,-0.577464720627,0.));
#12654 = PCURVE('',#12560,#12655);
#12655 = DEFINITIONAL_REPRESENTATION('',(#12656),#12660);
#12656 = LINE('',#12657,#12658);
#12657 = CARTESIAN_POINT('',(0.,0.));
#12658 = VECTOR('',#12659,1.);
#12659 = DIRECTION('',(1.,0.));
#12660 = ( GEOMETRIC_REPRESENTATION_CONTEXT(2) 
PARAMETRIC_REPRESENTATION_CONTEXT() REPRESENTATION_CONTEXT('2D SPACE',''
  ) );
#12661 = PCURVE('',#11897,#12662);
#12662 = DEFINITIONAL_REPRESENTATION('',(#12663),#12667);
#12663 = LINE('',#12664,#12665);
#12664 = CARTESIAN_POINT('',(-8.19701160916,-13.76409993706));
#12665 = VECTOR('',#12666,1.);
#12666 = DIRECTION('',(0.816415639507,-0.577464720627));
#12667 = ( GEOMETRIC_REPRESENTATION_CONTEXT(2) 
PARAMETRIC_REPRESENTATION_CONTEXT() REPRESENTATION_CONTEXT('2D SPACE',''
  ) );
#12668 = ADVANCED_FACE('',(#12669),#12636,.F.);
#12669 = FACE_BOUND('',#12670,.F.);
#12670 = EDGE_LOOP('',(#12671,#12672,#12695,#12723));
#12671 = ORIENTED_EDGE('',*,*,#12620,.T.);
#12672 = ORIENTED_EDGE('',*,*,#12673,.T.);
#12673 = EDGE_CURVE('',#12598,#12674,#12676,.T.);
#12674 = VERTEX_POINT('',#12675);
#12675 = CARTESIAN_POINT('',(113.57322175732,7.531380753138E-02,3.));
#12676 = SURFACE_CURVE('',#12677,(#12681,#12688),.PCURVE_S1.);
#12677 = LINE('',#12678,#12679);
#12678 = CARTESIAN_POINT('',(108.07531380753,1.807531380753,3.));
#12679 = VECTOR('',#12680,1.);
#12680 = DIRECTION('',(0.953779923267,-0.300506003221,0.));
#12681 = PCURVE('',#12636,#12682);
#12682 = DEFINITIONAL_REPRESENTATION('',(#12683),#12687);
#12683 = LINE('',#12684,#12685);
#12684 = CARTESIAN_POINT('',(0.,-3.));
#12685 = VECTOR('',#12686,1.);
#12686 = DIRECTION('',(1.,0.));
#12687 = ( GEOMETRIC_REPRESENTATION_CONTEXT(2) 
PARAMETRIC_REPRESENTATION_CONTEXT() REPRESENTATION_CONTEXT('2D SPACE',''
  ) );
#12688 = PCURVE('',#11843,#12689);
#12689 = DEFINITIONAL_REPRESENTATION('',(#12690),#12694);
#12690 = LINE('',#12691,#12692);
#12691 = CARTESIAN_POINT('',(-5.109145500373,-15.94820035547));
#12692 = VECTOR('',#12693,1.);
#12693 = DIRECTION('',(0.953779923267,-0.300506003221));
#12694 = ( GEOMETRIC_REPRESENTATION_CONTEXT(2) 
PARAMETRIC_REPRESENTATION_CONTEXT() REPRESENTATION_CONTEXT('2D SPACE',''
  ) );
#12695 = ORIENTED_EDGE('',*,*,#12696,.F.);
#12696 = EDGE_CURVE('',#12697,#12674,#12699,.T.);
#12697 = VERTEX_POINT('',#12698);
#12698 = CARTESIAN_POINT('',(113.57322175732,7.531380753138E-02,0.));
#12699 = SURFACE_CURVE('',#12700,(#12704,#12711),.PCURVE_S1.);
#12700 = LINE('',#12701,#12702);
#12701 = CARTESIAN_POINT('',(113.57322175732,7.531380753138E-02,0.));
#12702 = VECTOR('',#12703,1.);
#12703 = DIRECTION('',(0.,0.,1.));
#12704 = PCURVE('',#12636,#12705);
#12705 = DEFINITIONAL_REPRESENTATION('',(#12706),#12710);
#12706 = LINE('',#12707,#12708);
#12707 = CARTESIAN_POINT('',(5.764336002121,0.));
#12708 = VECTOR('',#12709,1.);
#12709 = DIRECTION('',(0.,-1.));
#12710 = ( GEOMETRIC_REPRESENTATION_CONTEXT(2) 
PARAMETRIC_REPRESENTATION_CONTEXT() REPRESENTATION_CONTEXT('2D SPACE',''
  ) );
#12711 = PCURVE('',#12712,#12717);
#12712 = PLANE('',#12713);
#12713 = AXIS2_PLACEMENT_3D('',#12714,#12715,#12716);
#12714 = CARTESIAN_POINT('',(113.57322175732,7.531380753138E-02,0.));
#12715 = DIRECTION('',(0.,1.,0.));
#12716 = DIRECTION('',(1.,0.,0.));
#12717 = DEFINITIONAL_REPRESENTATION('',(#12718),#12722);
#12718 = LINE('',#12719,#12720);
#12719 = CARTESIAN_POINT('',(0.,0.));
#12720 = VECTOR('',#12721,1.);
#12721 = DIRECTION('',(0.,-1.));
#12722 = ( GEOMETRIC_REPRESENTATION_CONTEXT(2) 
PARAMETRIC_REPRESENTATION_CONTEXT() REPRESENTATION_CONTEXT('2D SPACE',''
  ) );
#12723 = ORIENTED_EDGE('',*,*,#12724,.F.);
#12724 = EDGE_CURVE('',#12621,#12697,#12725,.T.);
#12725 = SURFACE_CURVE('',#12726,(#12730,#12737),.PCURVE_S1.);
#12726 = LINE('',#12727,#12728);
#12727 = CARTESIAN_POINT('',(108.07531380753,1.807531380753,0.));
#12728 = VECTOR('',#12729,1.);
#12729 = DIRECTION('',(0.953779923267,-0.300506003221,0.));
#12730 = PCURVE('',#12636,#12731);
#12731 = DEFINITIONAL_REPRESENTATION('',(#12732),#12736);
#12732 = LINE('',#12733,#12734);
#12733 = CARTESIAN_POINT('',(0.,0.));
#12734 = VECTOR('',#12735,1.);
#12735 = DIRECTION('',(1.,0.));
#12736 = ( GEOMETRIC_REPRESENTATION_CONTEXT(2) 
PARAMETRIC_REPRESENTATION_CONTEXT() REPRESENTATION_CONTEXT('2D SPACE',''
  ) );
#12737 = PCURVE('',#11897,#12738);
#12738 = DEFINITIONAL_REPRESENTATION('',(#12739),#12743);
#12739 = LINE('',#12740,#12741);
#12740 = CARTESIAN_POINT('',(-5.109145500373,-15.94820035547));
#12741 = VECTOR('',#12742,1.);
#12742 = DIRECTION('',(0.953779923267,-0.300506003221));
#12743 = ( GEOMETRIC_REPRESENTATION_CONTEXT(2) 
PARAMETRIC_REPRESENTATION_CONTEXT() REPRESENTATION_CONTEXT('2D SPACE',''
  ) );
#12744 = ADVANCED_FACE('',(#12745),#12712,.F.);
#12745 = FACE_BOUND('',#12746,.F.);
#12746 = EDGE_LOOP('',(#12747,#12748,#12771,#12799));
#12747 = ORIENTED_EDGE('',*,*,#12696,.T.);
#12748 = ORIENTED_EDGE('',*,*,#12749,.T.);
#12749 = EDGE_CURVE('',#12674,#12750,#12752,.T.);
#12750 = VERTEX_POINT('',#12751);
#12751 = CARTESIAN_POINT('',(121.78242677824,7.531380753138E-02,3.));
#12752 = SURFACE_CURVE('',#12753,(#12757,#12764),.PCURVE_S1.);
#12753 = LINE('',#12754,#12755);
#12754 = CARTESIAN_POINT('',(113.57322175732,7.531380753138E-02,3.));
#12755 = VECTOR('',#12756,1.);
#12756 = DIRECTION('',(1.,0.,0.));
#12757 = PCURVE('',#12712,#12758);
#12758 = DEFINITIONAL_REPRESENTATION('',(#12759),#12763);
#12759 = LINE('',#12760,#12761);
#12760 = CARTESIAN_POINT('',(0.,-3.));
#12761 = VECTOR('',#12762,1.);
#12762 = DIRECTION('',(1.,0.));
#12763 = ( GEOMETRIC_REPRESENTATION_CONTEXT(2) 
PARAMETRIC_REPRESENTATION_CONTEXT() REPRESENTATION_CONTEXT('2D SPACE',''
  ) );
#12764 = PCURVE('',#11843,#12765);
#12765 = DEFINITIONAL_REPRESENTATION('',(#12766),#12770);
#12766 = LINE('',#12767,#12768);
#12767 = CARTESIAN_POINT('',(0.388762449418,-17.68041792869));
#12768 = VECTOR('',#12769,1.);
#12769 = DIRECTION('',(1.,0.));
#12770 = ( GEOMETRIC_REPRESENTATION_CONTEXT(2) 
PARAMETRIC_REPRESENTATION_CONTEXT() REPRESENTATION_CONTEXT('2D SPACE',''
  ) );
#12771 = ORIENTED_EDGE('',*,*,#12772,.F.);
#12772 = EDGE_CURVE('',#12773,#12750,#12775,.T.);
#12773 = VERTEX_POINT('',#12774);
#12774 = CARTESIAN_POINT('',(121.78242677824,7.531380753138E-02,0.));
#12775 = SURFACE_CURVE('',#12776,(#12780,#12787),.PCURVE_S1.);
#12776 = LINE('',#12777,#12778);
#12777 = CARTESIAN_POINT('',(121.78242677824,7.531380753138E-02,0.));
#12778 = VECTOR('',#12779,1.);
#12779 = DIRECTION('',(0.,0.,1.));
#12780 = PCURVE('',#12712,#12781);
#12781 = DEFINITIONAL_REPRESENTATION('',(#12782),#12786);
#12782 = LINE('',#12783,#12784);
#12783 = CARTESIAN_POINT('',(8.209205020921,0.));
#12784 = VECTOR('',#12785,1.);
#12785 = DIRECTION('',(0.,-1.));
#12786 = ( GEOMETRIC_REPRESENTATION_CONTEXT(2) 
PARAMETRIC_REPRESENTATION_CONTEXT() REPRESENTATION_CONTEXT('2D SPACE',''
  ) );
#12787 = PCURVE('',#12788,#12793);
#12788 = PLANE('',#12789);
#12789 = AXIS2_PLACEMENT_3D('',#12790,#12791,#12792);
#12790 = CARTESIAN_POINT('',(121.78242677824,7.531380753138E-02,0.));
#12791 = DIRECTION('',(-0.650791373456,0.759256602365,0.));
#12792 = DIRECTION('',(0.759256602365,0.650791373456,0.));
#12793 = DEFINITIONAL_REPRESENTATION('',(#12794),#12798);
#12794 = LINE('',#12795,#12796);
#12795 = CARTESIAN_POINT('',(0.,0.));
#12796 = VECTOR('',#12797,1.);
#12797 = DIRECTION('',(0.,-1.));
#12798 = ( GEOMETRIC_REPRESENTATION_CONTEXT(2) 
PARAMETRIC_REPRESENTATION_CONTEXT() REPRESENTATION_CONTEXT('2D SPACE',''
  ) );
#12799 = ORIENTED_EDGE('',*,*,#12800,.F.);
#12800 = EDGE_CURVE('',#12697,#12773,#12801,.T.);
#12801 = SURFACE_CURVE('',#12802,(#12806,#12813),.PCURVE_S1.);
#12802 = LINE('',#12803,#12804);
#12803 = CARTESIAN_POINT('',(113.57322175732,7.531380753138E-02,0.));
#12804 = VECTOR('',#12805,1.);
#12805 = DIRECTION('',(1.,0.,0.));
#12806 = PCURVE('',#12712,#12807);
#12807 = DEFINITIONAL_REPRESENTATION('',(#12808),#12812);
#12808 = LINE('',#12809,#12810);
#12809 = CARTESIAN_POINT('',(0.,0.));
#12810 = VECTOR('',#12811,1.);
#12811 = DIRECTION('',(1.,0.));
#12812 = ( GEOMETRIC_REPRESENTATION_CONTEXT(2) 
PARAMETRIC_REPRESENTATION_CONTEXT() REPRESENTATION_CONTEXT('2D SPACE',''
  ) );
#12813 = PCURVE('',#11897,#12814);
#12814 = DEFINITIONAL_REPRESENTATION('',(#12815),#12819);
#12815 = LINE('',#12816,#12817);
#12816 = CARTESIAN_POINT('',(0.388762449418,-17.68041792869));
#12817 = VECTOR('',#12818,1.);
#12818 = DIRECTION('',(1.,0.));
#12819 = ( GEOMETRIC_REPRESENTATION_CONTEXT(2) 
PARAMETRIC_REPRESENTATION_CONTEXT() REPRESENTATION_CONTEXT('2D SPACE',''
  ) );
#12820 = ADVANCED_FACE('',(#12821),#12788,.F.);
#12821 = FACE_BOUND('',#12822,.F.);
#12822 = EDGE_LOOP('',(#12823,#12824,#12847,#12875));
#12823 = ORIENTED_EDGE('',*,*,#12772,.T.);
#12824 = ORIENTED_EDGE('',*,*,#12825,.T.);
#12825 = EDGE_CURVE('',#12750,#12826,#12828,.T.);
#12826 = VERTEX_POINT('',#12827);
#12827 = CARTESIAN_POINT('',(122.30962343096,0.52719665272,3.));
#12828 = SURFACE_CURVE('',#12829,(#12833,#12840),.PCURVE_S1.);
#12829 = LINE('',#12830,#12831);
#12830 = CARTESIAN_POINT('',(121.78242677824,7.531380753138E-02,3.));
#12831 = VECTOR('',#12832,1.);
#12832 = DIRECTION('',(0.759256602365,0.650791373456,0.));
#12833 = PCURVE('',#12788,#12834);
#12834 = DEFINITIONAL_REPRESENTATION('',(#12835),#12839);
#12835 = LINE('',#12836,#12837);
#12836 = CARTESIAN_POINT('',(0.,-3.));
#12837 = VECTOR('',#12838,1.);
#12838 = DIRECTION('',(1.,0.));
#12839 = ( GEOMETRIC_REPRESENTATION_CONTEXT(2) 
PARAMETRIC_REPRESENTATION_CONTEXT() REPRESENTATION_CONTEXT('2D SPACE',''
  ) );
#12840 = PCURVE('',#11843,#12841);
#12841 = DEFINITIONAL_REPRESENTATION('',(#12842),#12846);
#12842 = LINE('',#12843,#12844);
#12843 = CARTESIAN_POINT('',(8.597967470338,-17.68041792869));
#12844 = VECTOR('',#12845,1.);
#12845 = DIRECTION('',(0.759256602365,0.650791373456));
#12846 = ( GEOMETRIC_REPRESENTATION_CONTEXT(2) 
PARAMETRIC_REPRESENTATION_CONTEXT() REPRESENTATION_CONTEXT('2D SPACE',''
  ) );
#12847 = ORIENTED_EDGE('',*,*,#12848,.F.);
#12848 = EDGE_CURVE('',#12849,#12826,#12851,.T.);
#12849 = VERTEX_POINT('',#12850);
#12850 = CARTESIAN_POINT('',(122.30962343096,0.52719665272,0.));
#12851 = SURFACE_CURVE('',#12852,(#12856,#12863),.PCURVE_S1.);
#12852 = LINE('',#12853,#12854);
#12853 = CARTESIAN_POINT('',(122.30962343096,0.52719665272,0.));
#12854 = VECTOR('',#12855,1.);
#12855 = DIRECTION('',(0.,0.,1.));
#12856 = PCURVE('',#12788,#12857);
#12857 = DEFINITIONAL_REPRESENTATION('',(#12858),#12862);
#12858 = LINE('',#12859,#12860);
#12859 = CARTESIAN_POINT('',(0.694358996784,0.));
#12860 = VECTOR('',#12861,1.);
#12861 = DIRECTION('',(0.,-1.));
#12862 = ( GEOMETRIC_REPRESENTATION_CONTEXT(2) 
PARAMETRIC_REPRESENTATION_CONTEXT() REPRESENTATION_CONTEXT('2D SPACE',''
  ) );
#12863 = PCURVE('',#12864,#12869);
#12864 = PLANE('',#12865);
#12865 = AXIS2_PLACEMENT_3D('',#12866,#12867,#12868);
#12866 = CARTESIAN_POINT('',(122.30962343096,0.52719665272,0.));
#12867 = DIRECTION('',(-0.999831706495,-1.834553589899E-02,0.));
#12868 = DIRECTION('',(-1.834553589899E-02,0.999831706495,0.));
#12869 = DEFINITIONAL_REPRESENTATION('',(#12870),#12874);
#12870 = LINE('',#12871,#12872);
#12871 = CARTESIAN_POINT('',(0.,0.));
#12872 = VECTOR('',#12873,1.);
#12873 = DIRECTION('',(0.,-1.));
#12874 = ( GEOMETRIC_REPRESENTATION_CONTEXT(2) 
PARAMETRIC_REPRESENTATION_CONTEXT() REPRESENTATION_CONTEXT('2D SPACE',''
  ) );
#12875 = ORIENTED_EDGE('',*,*,#12876,.F.);
#12876 = EDGE_CURVE('',#12773,#12849,#12877,.T.);
#12877 = SURFACE_CURVE('',#12878,(#12882,#12889),.PCURVE_S1.);
#12878 = LINE('',#12879,#12880);
#12879 = CARTESIAN_POINT('',(121.78242677824,7.531380753138E-02,0.));
#12880 = VECTOR('',#12881,1.);
#12881 = DIRECTION('',(0.759256602365,0.650791373456,0.));
#12882 = PCURVE('',#12788,#12883);
#12883 = DEFINITIONAL_REPRESENTATION('',(#12884),#12888);
#12884 = LINE('',#12885,#12886);
#12885 = CARTESIAN_POINT('',(0.,0.));
#12886 = VECTOR('',#12887,1.);
#12887 = DIRECTION('',(1.,0.));
#12888 = ( GEOMETRIC_REPRESENTATION_CONTEXT(2) 
PARAMETRIC_REPRESENTATION_CONTEXT() REPRESENTATION_CONTEXT('2D SPACE',''
  ) );
#12889 = PCURVE('',#11897,#12890);
#12890 = DEFINITIONAL_REPRESENTATION('',(#12891),#12895);
#12891 = LINE('',#12892,#12893);
#12892 = CARTESIAN_POINT('',(8.597967470338,-17.68041792869));
#12893 = VECTOR('',#12894,1.);
#12894 = DIRECTION('',(0.759256602365,0.650791373456));
#12895 = ( GEOMETRIC_REPRESENTATION_CONTEXT(2) 
PARAMETRIC_REPRESENTATION_CONTEXT() REPRESENTATION_CONTEXT('2D SPACE',''
  ) );
#12896 = ADVANCED_FACE('',(#12897),#12864,.F.);
#12897 = FACE_BOUND('',#12898,.F.);
#12898 = EDGE_LOOP('',(#12899,#12900,#12923,#12951));
#12899 = ORIENTED_EDGE('',*,*,#12848,.T.);
#12900 = ORIENTED_EDGE('',*,*,#12901,.T.);
#12901 = EDGE_CURVE('',#12826,#12902,#12904,.T.);
#12902 = VERTEX_POINT('',#12903);
#12903 = CARTESIAN_POINT('',(122.1589958159,8.73640167364,3.));
#12904 = SURFACE_CURVE('',#12905,(#12909,#12916),.PCURVE_S1.);
#12905 = LINE('',#12906,#12907);
#12906 = CARTESIAN_POINT('',(122.30962343096,0.52719665272,3.));
#12907 = VECTOR('',#12908,1.);
#12908 = DIRECTION('',(-1.834553589899E-02,0.999831706495,0.));
#12909 = PCURVE('',#12864,#12910);
#12910 = DEFINITIONAL_REPRESENTATION('',(#12911),#12915);
#12911 = LINE('',#12912,#12913);
#12912 = CARTESIAN_POINT('',(0.,-3.));
#12913 = VECTOR('',#12914,1.);
#12914 = DIRECTION('',(1.,0.));
#12915 = ( GEOMETRIC_REPRESENTATION_CONTEXT(2) 
PARAMETRIC_REPRESENTATION_CONTEXT() REPRESENTATION_CONTEXT('2D SPACE',''
  ) );
#12916 = PCURVE('',#11843,#12917);
#12917 = DEFINITIONAL_REPRESENTATION('',(#12918),#12922);
#12918 = LINE('',#12919,#12920);
#12919 = CARTESIAN_POINT('',(9.125164123058,-17.2285350835));
#12920 = VECTOR('',#12921,1.);
#12921 = DIRECTION('',(-1.834553589899E-02,0.999831706495));
#12922 = ( GEOMETRIC_REPRESENTATION_CONTEXT(2) 
PARAMETRIC_REPRESENTATION_CONTEXT() REPRESENTATION_CONTEXT('2D SPACE',''
  ) );
#12923 = ORIENTED_EDGE('',*,*,#12924,.F.);
#12924 = EDGE_CURVE('',#12925,#12902,#12927,.T.);
#12925 = VERTEX_POINT('',#12926);
#12926 = CARTESIAN_POINT('',(122.1589958159,8.73640167364,0.));
#12927 = SURFACE_CURVE('',#12928,(#12932,#12939),.PCURVE_S1.);
#12928 = LINE('',#12929,#12930);
#12929 = CARTESIAN_POINT('',(122.1589958159,8.73640167364,0.));
#12930 = VECTOR('',#12931,1.);
#12931 = DIRECTION('',(0.,0.,1.));
#12932 = PCURVE('',#12864,#12933);
#12933 = DEFINITIONAL_REPRESENTATION('',(#12934),#12938);
#12934 = LINE('',#12935,#12936);
#12935 = CARTESIAN_POINT('',(8.210586809353,0.));
#12936 = VECTOR('',#12937,1.);
#12937 = DIRECTION('',(0.,-1.));
#12938 = ( GEOMETRIC_REPRESENTATION_CONTEXT(2) 
PARAMETRIC_REPRESENTATION_CONTEXT() REPRESENTATION_CONTEXT('2D SPACE',''
  ) );
#12939 = PCURVE('',#12940,#12945);
#12940 = PLANE('',#12941);
#12941 = AXIS2_PLACEMENT_3D('',#12942,#12943,#12944);
#12942 = CARTESIAN_POINT('',(122.1589958159,8.73640167364,0.));
#12943 = DIRECTION('',(-0.393919298579,-0.919145030018,0.));
#12944 = DIRECTION('',(-0.919145030018,0.393919298579,0.));
#12945 = DEFINITIONAL_REPRESENTATION('',(#12946),#12950);
#12946 = LINE('',#12947,#12948);
#12947 = CARTESIAN_POINT('',(0.,0.));
#12948 = VECTOR('',#12949,1.);
#12949 = DIRECTION('',(0.,-1.));
#12950 = ( GEOMETRIC_REPRESENTATION_CONTEXT(2) 
PARAMETRIC_REPRESENTATION_CONTEXT() REPRESENTATION_CONTEXT('2D SPACE',''
  ) );
#12951 = ORIENTED_EDGE('',*,*,#12952,.F.);
#12952 = EDGE_CURVE('',#12849,#12925,#12953,.T.);
#12953 = SURFACE_CURVE('',#12954,(#12958,#12965),.PCURVE_S1.);
#12954 = LINE('',#12955,#12956);
#12955 = CARTESIAN_POINT('',(122.30962343096,0.52719665272,0.));
#12956 = VECTOR('',#12957,1.);
#12957 = DIRECTION('',(-1.834553589899E-02,0.999831706495,0.));
#12958 = PCURVE('',#12864,#12959);
#12959 = DEFINITIONAL_REPRESENTATION('',(#12960),#12964);
#12960 = LINE('',#12961,#12962);
#12961 = CARTESIAN_POINT('',(0.,0.));
#12962 = VECTOR('',#12963,1.);
#12963 = DIRECTION('',(1.,0.));
#12964 = ( GEOMETRIC_REPRESENTATION_CONTEXT(2) 
PARAMETRIC_REPRESENTATION_CONTEXT() REPRESENTATION_CONTEXT('2D SPACE',''
  ) );
#12965 = PCURVE('',#11897,#12966);
#12966 = DEFINITIONAL_REPRESENTATION('',(#12967),#12971);
#12967 = LINE('',#12968,#12969);
#12968 = CARTESIAN_POINT('',(9.125164123058,-17.2285350835));
#12969 = VECTOR('',#12970,1.);
#12970 = DIRECTION('',(-1.834553589899E-02,0.999831706495));
#12971 = ( GEOMETRIC_REPRESENTATION_CONTEXT(2) 
PARAMETRIC_REPRESENTATION_CONTEXT() REPRESENTATION_CONTEXT('2D SPACE',''
  ) );
#12972 = ADVANCED_FACE('',(#12973),#12940,.F.);
#12973 = FACE_BOUND('',#12974,.F.);
#12974 = EDGE_LOOP('',(#12975,#12976,#12999,#13027));
#12975 = ORIENTED_EDGE('',*,*,#12924,.T.);
#12976 = ORIENTED_EDGE('',*,*,#12977,.T.);
#12977 = EDGE_CURVE('',#12902,#12978,#12980,.T.);
#12978 = VERTEX_POINT('',#12979);
#12979 = CARTESIAN_POINT('',(121.10460251046,9.188284518828,3.));
#12980 = SURFACE_CURVE('',#12981,(#12985,#12992),.PCURVE_S1.);
#12981 = LINE('',#12982,#12983);
#12982 = CARTESIAN_POINT('',(122.1589958159,8.73640167364,3.));
#12983 = VECTOR('',#12984,1.);
#12984 = DIRECTION('',(-0.919145030018,0.393919298579,0.));
#12985 = PCURVE('',#12940,#12986);
#12986 = DEFINITIONAL_REPRESENTATION('',(#12987),#12991);
#12987 = LINE('',#12988,#12989);
#12988 = CARTESIAN_POINT('',(0.,-3.));
#12989 = VECTOR('',#12990,1.);
#12990 = DIRECTION('',(1.,0.));
#12991 = ( GEOMETRIC_REPRESENTATION_CONTEXT(2) 
PARAMETRIC_REPRESENTATION_CONTEXT() REPRESENTATION_CONTEXT('2D SPACE',''
  ) );
#12992 = PCURVE('',#11843,#12993);
#12993 = DEFINITIONAL_REPRESENTATION('',(#12994),#12998);
#12994 = LINE('',#12995,#12996);
#12995 = CARTESIAN_POINT('',(8.974536507995,-9.019330062589));
#12996 = VECTOR('',#12997,1.);
#12997 = DIRECTION('',(-0.919145030018,0.393919298579));
#12998 = ( GEOMETRIC_REPRESENTATION_CONTEXT(2) 
PARAMETRIC_REPRESENTATION_CONTEXT() REPRESENTATION_CONTEXT('2D SPACE',''
  ) );
#12999 = ORIENTED_EDGE('',*,*,#13000,.F.);
#13000 = EDGE_CURVE('',#13001,#12978,#13003,.T.);
#13001 = VERTEX_POINT('',#13002);
#13002 = CARTESIAN_POINT('',(121.10460251046,9.188284518828,0.));
#13003 = SURFACE_CURVE('',#13004,(#13008,#13015),.PCURVE_S1.);
#13004 = LINE('',#13005,#13006);
#13005 = CARTESIAN_POINT('',(121.10460251046,9.188284518828,0.));
#13006 = VECTOR('',#13007,1.);
#13007 = DIRECTION('',(0.,0.,1.));
#13008 = PCURVE('',#12940,#13009);
#13009 = DEFINITIONAL_REPRESENTATION('',(#13010),#13014);
#13010 = LINE('',#13011,#13012);
#13011 = CARTESIAN_POINT('',(1.147145739795,0.));
#13012 = VECTOR('',#13013,1.);
#13013 = DIRECTION('',(0.,-1.));
#13014 = ( GEOMETRIC_REPRESENTATION_CONTEXT(2) 
PARAMETRIC_REPRESENTATION_CONTEXT() REPRESENTATION_CONTEXT('2D SPACE',''
  ) );
#13015 = PCURVE('',#13016,#13021);
#13016 = PLANE('',#13017);
#13017 = AXIS2_PLACEMENT_3D('',#13018,#13019,#13020);
#13018 = CARTESIAN_POINT('',(121.10460251046,9.188284518828,0.));
#13019 = DIRECTION('',(0.,-1.,0.));
#13020 = DIRECTION('',(-1.,0.,0.));
#13021 = DEFINITIONAL_REPRESENTATION('',(#13022),#13026);
#13022 = LINE('',#13023,#13024);
#13023 = CARTESIAN_POINT('',(0.,-0.));
#13024 = VECTOR('',#13025,1.);
#13025 = DIRECTION('',(0.,-1.));
#13026 = ( GEOMETRIC_REPRESENTATION_CONTEXT(2) 
PARAMETRIC_REPRESENTATION_CONTEXT() REPRESENTATION_CONTEXT('2D SPACE',''
  ) );
#13027 = ORIENTED_EDGE('',*,*,#13028,.F.);
#13028 = EDGE_CURVE('',#12925,#13001,#13029,.T.);
#13029 = SURFACE_CURVE('',#13030,(#13034,#13041),.PCURVE_S1.);
#13030 = LINE('',#13031,#13032);
#13031 = CARTESIAN_POINT('',(122.1589958159,8.73640167364,0.));
#13032 = VECTOR('',#13033,1.);
#13033 = DIRECTION('',(-0.919145030018,0.393919298579,0.));
#13034 = PCURVE('',#12940,#13035);
#13035 = DEFINITIONAL_REPRESENTATION('',(#13036),#13040);
#13036 = LINE('',#13037,#13038);
#13037 = CARTESIAN_POINT('',(0.,0.));
#13038 = VECTOR('',#13039,1.);
#13039 = DIRECTION('',(1.,0.));
#13040 = ( GEOMETRIC_REPRESENTATION_CONTEXT(2) 
PARAMETRIC_REPRESENTATION_CONTEXT() REPRESENTATION_CONTEXT('2D SPACE',''
  ) );
#13041 = PCURVE('',#11897,#13042);
#13042 = DEFINITIONAL_REPRESENTATION('',(#13043),#13047);
#13043 = LINE('',#13044,#13045);
#13044 = CARTESIAN_POINT('',(8.974536507995,-9.019330062589));
#13045 = VECTOR('',#13046,1.);
#13046 = DIRECTION('',(-0.919145030018,0.393919298579));
#13047 = ( GEOMETRIC_REPRESENTATION_CONTEXT(2) 
PARAMETRIC_REPRESENTATION_CONTEXT() REPRESENTATION_CONTEXT('2D SPACE',''
  ) );
#13048 = ADVANCED_FACE('',(#13049),#13016,.F.);
#13049 = FACE_BOUND('',#13050,.F.);
#13050 = EDGE_LOOP('',(#13051,#13052,#13075,#13103));
#13051 = ORIENTED_EDGE('',*,*,#13000,.T.);
#13052 = ORIENTED_EDGE('',*,*,#13053,.T.);
#13053 = EDGE_CURVE('',#12978,#13054,#13056,.T.);
#13054 = VERTEX_POINT('',#13055);
#13055 = CARTESIAN_POINT('',(116.96234309623,9.188284518828,3.));
#13056 = SURFACE_CURVE('',#13057,(#13061,#13068),.PCURVE_S1.);
#13057 = LINE('',#13058,#13059);
#13058 = CARTESIAN_POINT('',(121.10460251046,9.188284518828,3.));
#13059 = VECTOR('',#13060,1.);
#13060 = DIRECTION('',(-1.,0.,0.));
#13061 = PCURVE('',#13016,#13062);
#13062 = DEFINITIONAL_REPRESENTATION('',(#13063),#13067);
#13063 = LINE('',#13064,#13065);
#13064 = CARTESIAN_POINT('',(0.,-3.));
#13065 = VECTOR('',#13066,1.);
#13066 = DIRECTION('',(1.,0.));
#13067 = ( GEOMETRIC_REPRESENTATION_CONTEXT(2) 
PARAMETRIC_REPRESENTATION_CONTEXT() REPRESENTATION_CONTEXT('2D SPACE',''
  ) );
#13068 = PCURVE('',#11843,#13069);
#13069 = DEFINITIONAL_REPRESENTATION('',(#13070),#13074);
#13070 = LINE('',#13071,#13072);
#13071 = CARTESIAN_POINT('',(7.920143202556,-8.567447217401));
#13072 = VECTOR('',#13073,1.);
#13073 = DIRECTION('',(-1.,0.));
#13074 = ( GEOMETRIC_REPRESENTATION_CONTEXT(2) 
PARAMETRIC_REPRESENTATION_CONTEXT() REPRESENTATION_CONTEXT('2D SPACE',''
  ) );
#13075 = ORIENTED_EDGE('',*,*,#13076,.F.);
#13076 = EDGE_CURVE('',#13077,#13054,#13079,.T.);
#13077 = VERTEX_POINT('',#13078);
#13078 = CARTESIAN_POINT('',(116.96234309623,9.188284518828,0.));
#13079 = SURFACE_CURVE('',#13080,(#13084,#13091),.PCURVE_S1.);
#13080 = LINE('',#13081,#13082);
#13081 = CARTESIAN_POINT('',(116.96234309623,9.188284518828,0.));
#13082 = VECTOR('',#13083,1.);
#13083 = DIRECTION('',(0.,0.,1.));
#13084 = PCURVE('',#13016,#13085);
#13085 = DEFINITIONAL_REPRESENTATION('',(#13086),#13090);
#13086 = LINE('',#13087,#13088);
#13087 = CARTESIAN_POINT('',(4.142259414226,0.));
#13088 = VECTOR('',#13089,1.);
#13089 = DIRECTION('',(0.,-1.));
#13090 = ( GEOMETRIC_REPRESENTATION_CONTEXT(2) 
PARAMETRIC_REPRESENTATION_CONTEXT() REPRESENTATION_CONTEXT('2D SPACE',''
  ) );
#13091 = PCURVE('',#13092,#13097);
#13092 = PLANE('',#13093);
#13093 = AXIS2_PLACEMENT_3D('',#13094,#13095,#13096);
#13094 = CARTESIAN_POINT('',(116.96234309623,9.188284518828,0.));
#13095 = DIRECTION('',(-0.292218535599,-0.956351571051,0.));
#13096 = DIRECTION('',(-0.956351571051,0.292218535599,0.));
#13097 = DEFINITIONAL_REPRESENTATION('',(#13098),#13102);
#13098 = LINE('',#13099,#13100);
#13099 = CARTESIAN_POINT('',(0.,0.));
#13100 = VECTOR('',#13101,1.);
#13101 = DIRECTION('',(0.,-1.));
#13102 = ( GEOMETRIC_REPRESENTATION_CONTEXT(2) 
PARAMETRIC_REPRESENTATION_CONTEXT() REPRESENTATION_CONTEXT('2D SPACE',''
  ) );
#13103 = ORIENTED_EDGE('',*,*,#13104,.F.);
#13104 = EDGE_CURVE('',#13001,#13077,#13105,.T.);
#13105 = SURFACE_CURVE('',#13106,(#13110,#13117),.PCURVE_S1.);
#13106 = LINE('',#13107,#13108);
#13107 = CARTESIAN_POINT('',(121.10460251046,9.188284518828,0.));
#13108 = VECTOR('',#13109,1.);
#13109 = DIRECTION('',(-1.,0.,0.));
#13110 = PCURVE('',#13016,#13111);
#13111 = DEFINITIONAL_REPRESENTATION('',(#13112),#13116);
#13112 = LINE('',#13113,#13114);
#13113 = CARTESIAN_POINT('',(0.,-0.));
#13114 = VECTOR('',#13115,1.);
#13115 = DIRECTION('',(1.,0.));
#13116 = ( GEOMETRIC_REPRESENTATION_CONTEXT(2) 
PARAMETRIC_REPRESENTATION_CONTEXT() REPRESENTATION_CONTEXT('2D SPACE',''
  ) );
#13117 = PCURVE('',#11897,#13118);
#13118 = DEFINITIONAL_REPRESENTATION('',(#13119),#13123);
#13119 = LINE('',#13120,#13121);
#13120 = CARTESIAN_POINT('',(7.920143202556,-8.567447217401));
#13121 = VECTOR('',#13122,1.);
#13122 = DIRECTION('',(-1.,0.));
#13123 = ( GEOMETRIC_REPRESENTATION_CONTEXT(2) 
PARAMETRIC_REPRESENTATION_CONTEXT() REPRESENTATION_CONTEXT('2D SPACE',''
  ) );
#13124 = ADVANCED_FACE('',(#13125),#13092,.F.);
#13125 = FACE_BOUND('',#13126,.F.);
#13126 = EDGE_LOOP('',(#13127,#13128,#13151,#13179));
#13127 = ORIENTED_EDGE('',*,*,#13076,.T.);
#13128 = ORIENTED_EDGE('',*,*,#13129,.T.);
#13129 = EDGE_CURVE('',#13054,#13130,#13132,.T.);
#13130 = VERTEX_POINT('',#13131);
#13131 = CARTESIAN_POINT('',(114.2510460251,10.016736401674,3.));
#13132 = SURFACE_CURVE('',#13133,(#13137,#13144),.PCURVE_S1.);
#13133 = LINE('',#13134,#13135);
#13134 = CARTESIAN_POINT('',(116.96234309623,9.188284518828,3.));
#13135 = VECTOR('',#13136,1.);
#13136 = DIRECTION('',(-0.956351571051,0.292218535599,0.));
#13137 = PCURVE('',#13092,#13138);
#13138 = DEFINITIONAL_REPRESENTATION('',(#13139),#13143);
#13139 = LINE('',#13140,#13141);
#13140 = CARTESIAN_POINT('',(0.,-3.));
#13141 = VECTOR('',#13142,1.);
#13142 = DIRECTION('',(1.,0.));
#13143 = ( GEOMETRIC_REPRESENTATION_CONTEXT(2) 
PARAMETRIC_REPRESENTATION_CONTEXT() REPRESENTATION_CONTEXT('2D SPACE',''
  ) );
#13144 = PCURVE('',#11843,#13145);
#13145 = DEFINITIONAL_REPRESENTATION('',(#13146),#13150);
#13146 = LINE('',#13147,#13148);
#13147 = CARTESIAN_POINT('',(3.77788378833,-8.567447217401));
#13148 = VECTOR('',#13149,1.);
#13149 = DIRECTION('',(-0.956351571051,0.292218535599));
#13150 = ( GEOMETRIC_REPRESENTATION_CONTEXT(2) 
PARAMETRIC_REPRESENTATION_CONTEXT() REPRESENTATION_CONTEXT('2D SPACE',''
  ) );
#13151 = ORIENTED_EDGE('',*,*,#13152,.F.);
#13152 = EDGE_CURVE('',#13153,#13130,#13155,.T.);
#13153 = VERTEX_POINT('',#13154);
#13154 = CARTESIAN_POINT('',(114.2510460251,10.016736401674,0.));
#13155 = SURFACE_CURVE('',#13156,(#13160,#13167),.PCURVE_S1.);
#13156 = LINE('',#13157,#13158);
#13157 = CARTESIAN_POINT('',(114.2510460251,10.016736401674,0.));
#13158 = VECTOR('',#13159,1.);
#13159 = DIRECTION('',(0.,0.,1.));
#13160 = PCURVE('',#13092,#13161);
#13161 = DEFINITIONAL_REPRESENTATION('',(#13162),#13166);
#13162 = LINE('',#13163,#13164);
#13163 = CARTESIAN_POINT('',(2.835042209581,0.));
#13164 = VECTOR('',#13165,1.);
#13165 = DIRECTION('',(0.,-1.));
#13166 = ( GEOMETRIC_REPRESENTATION_CONTEXT(2) 
PARAMETRIC_REPRESENTATION_CONTEXT() REPRESENTATION_CONTEXT('2D SPACE',''
  ) );
#13167 = PCURVE('',#13168,#13173);
#13168 = PLANE('',#13169);
#13169 = AXIS2_PLACEMENT_3D('',#13170,#13171,#13172);
#13170 = CARTESIAN_POINT('',(114.2510460251,10.016736401674,0.));
#13171 = DIRECTION('',(-0.591363663628,-0.806404995856,0.));
#13172 = DIRECTION('',(-0.806404995856,0.591363663628,0.));
#13173 = DEFINITIONAL_REPRESENTATION('',(#13174),#13178);
#13174 = LINE('',#13175,#13176);
#13175 = CARTESIAN_POINT('',(0.,0.));
#13176 = VECTOR('',#13177,1.);
#13177 = DIRECTION('',(0.,-1.));
#13178 = ( GEOMETRIC_REPRESENTATION_CONTEXT(2) 
PARAMETRIC_REPRESENTATION_CONTEXT() REPRESENTATION_CONTEXT('2D SPACE',''
  ) );
#13179 = ORIENTED_EDGE('',*,*,#13180,.F.);
#13180 = EDGE_CURVE('',#13077,#13153,#13181,.T.);
#13181 = SURFACE_CURVE('',#13182,(#13186,#13193),.PCURVE_S1.);
#13182 = LINE('',#13183,#13184);
#13183 = CARTESIAN_POINT('',(116.96234309623,9.188284518828,0.));
#13184 = VECTOR('',#13185,1.);
#13185 = DIRECTION('',(-0.956351571051,0.292218535599,0.));
#13186 = PCURVE('',#13092,#13187);
#13187 = DEFINITIONAL_REPRESENTATION('',(#13188),#13192);
#13188 = LINE('',#13189,#13190);
#13189 = CARTESIAN_POINT('',(0.,0.));
#13190 = VECTOR('',#13191,1.);
#13191 = DIRECTION('',(1.,0.));
#13192 = ( GEOMETRIC_REPRESENTATION_CONTEXT(2) 
PARAMETRIC_REPRESENTATION_CONTEXT() REPRESENTATION_CONTEXT('2D SPACE',''
  ) );
#13193 = PCURVE('',#11897,#13194);
#13194 = DEFINITIONAL_REPRESENTATION('',(#13195),#13199);
#13195 = LINE('',#13196,#13197);
#13196 = CARTESIAN_POINT('',(3.77788378833,-8.567447217401));
#13197 = VECTOR('',#13198,1.);
#13198 = DIRECTION('',(-0.956351571051,0.292218535599));
#13199 = ( GEOMETRIC_REPRESENTATION_CONTEXT(2) 
PARAMETRIC_REPRESENTATION_CONTEXT() REPRESENTATION_CONTEXT('2D SPACE',''
  ) );
#13200 = ADVANCED_FACE('',(#13201),#13168,.F.);
#13201 = FACE_BOUND('',#13202,.F.);
#13202 = EDGE_LOOP('',(#13203,#13204,#13227,#13255));
#13203 = ORIENTED_EDGE('',*,*,#13152,.T.);
#13204 = ORIENTED_EDGE('',*,*,#13205,.T.);
#13205 = EDGE_CURVE('',#13130,#13206,#13208,.T.);
#13206 = VERTEX_POINT('',#13207);
#13207 = CARTESIAN_POINT('',(111.99163179916,11.673640167364,3.));
#13208 = SURFACE_CURVE('',#13209,(#13213,#13220),.PCURVE_S1.);
#13209 = LINE('',#13210,#13211);
#13210 = CARTESIAN_POINT('',(114.2510460251,10.016736401674,3.));
#13211 = VECTOR('',#13212,1.);
#13212 = DIRECTION('',(-0.806404995856,0.591363663628,0.));
#13213 = PCURVE('',#13168,#13214);
#13214 = DEFINITIONAL_REPRESENTATION('',(#13215),#13219);
#13215 = LINE('',#13216,#13217);
#13216 = CARTESIAN_POINT('',(0.,-3.));
#13217 = VECTOR('',#13218,1.);
#13218 = DIRECTION('',(1.,0.));
#13219 = ( GEOMETRIC_REPRESENTATION_CONTEXT(2) 
PARAMETRIC_REPRESENTATION_CONTEXT() REPRESENTATION_CONTEXT('2D SPACE',''
  ) );
#13220 = PCURVE('',#11843,#13221);
#13221 = DEFINITIONAL_REPRESENTATION('',(#13222),#13226);
#13222 = LINE('',#13223,#13224);
#13223 = CARTESIAN_POINT('',(1.0665867172,-7.738995334555));
#13224 = VECTOR('',#13225,1.);
#13225 = DIRECTION('',(-0.806404995856,0.591363663628));
#13226 = ( GEOMETRIC_REPRESENTATION_CONTEXT(2) 
PARAMETRIC_REPRESENTATION_CONTEXT() REPRESENTATION_CONTEXT('2D SPACE',''
  ) );
#13227 = ORIENTED_EDGE('',*,*,#13228,.F.);
#13228 = EDGE_CURVE('',#13229,#13206,#13231,.T.);
#13229 = VERTEX_POINT('',#13230);
#13230 = CARTESIAN_POINT('',(111.99163179916,11.673640167364,0.));
#13231 = SURFACE_CURVE('',#13232,(#13236,#13243),.PCURVE_S1.);
#13232 = LINE('',#13233,#13234);
#13233 = CARTESIAN_POINT('',(111.99163179916,11.673640167364,0.));
#13234 = VECTOR('',#13235,1.);
#13235 = DIRECTION('',(0.,0.,1.));
#13236 = PCURVE('',#13168,#13237);
#13237 = DEFINITIONAL_REPRESENTATION('',(#13238),#13242);
#13238 = LINE('',#13239,#13240);
#13239 = CARTESIAN_POINT('',(2.801835600663,0.));
#13240 = VECTOR('',#13241,1.);
#13241 = DIRECTION('',(0.,-1.));
#13242 = ( GEOMETRIC_REPRESENTATION_CONTEXT(2) 
PARAMETRIC_REPRESENTATION_CONTEXT() REPRESENTATION_CONTEXT('2D SPACE',''
  ) );
#13243 = PCURVE('',#13244,#13249);
#13244 = PLANE('',#13245);
#13245 = AXIS2_PLACEMENT_3D('',#13246,#13247,#13248);
#13246 = CARTESIAN_POINT('',(111.99163179916,11.673640167364,0.));
#13247 = DIRECTION('',(-0.921635375138,-0.388057000058,0.));
#13248 = DIRECTION('',(-0.388057000058,0.921635375138,0.));
#13249 = DEFINITIONAL_REPRESENTATION('',(#13250),#13254);
#13250 = LINE('',#13251,#13252);
#13251 = CARTESIAN_POINT('',(0.,0.));
#13252 = VECTOR('',#13253,1.);
#13253 = DIRECTION('',(0.,-1.));
#13254 = ( GEOMETRIC_REPRESENTATION_CONTEXT(2) 
PARAMETRIC_REPRESENTATION_CONTEXT() REPRESENTATION_CONTEXT('2D SPACE',''
  ) );
#13255 = ORIENTED_EDGE('',*,*,#13256,.F.);
#13256 = EDGE_CURVE('',#13153,#13229,#13257,.T.);
#13257 = SURFACE_CURVE('',#13258,(#13262,#13269),.PCURVE_S1.);
#13258 = LINE('',#13259,#13260);
#13259 = CARTESIAN_POINT('',(114.2510460251,10.016736401674,0.));
#13260 = VECTOR('',#13261,1.);
#13261 = DIRECTION('',(-0.806404995856,0.591363663628,0.));
#13262 = PCURVE('',#13168,#13263);
#13263 = DEFINITIONAL_REPRESENTATION('',(#13264),#13268);
#13264 = LINE('',#13265,#13266);
#13265 = CARTESIAN_POINT('',(0.,0.));
#13266 = VECTOR('',#13267,1.);
#13267 = DIRECTION('',(1.,0.));
#13268 = ( GEOMETRIC_REPRESENTATION_CONTEXT(2) 
PARAMETRIC_REPRESENTATION_CONTEXT() REPRESENTATION_CONTEXT('2D SPACE',''
  ) );
#13269 = PCURVE('',#11897,#13270);
#13270 = DEFINITIONAL_REPRESENTATION('',(#13271),#13275);
#13271 = LINE('',#13272,#13273);
#13272 = CARTESIAN_POINT('',(1.0665867172,-7.738995334555));
#13273 = VECTOR('',#13274,1.);
#13274 = DIRECTION('',(-0.806404995856,0.591363663628));
#13275 = ( GEOMETRIC_REPRESENTATION_CONTEXT(2) 
PARAMETRIC_REPRESENTATION_CONTEXT() REPRESENTATION_CONTEXT('2D SPACE',''
  ) );
#13276 = ADVANCED_FACE('',(#13277),#13244,.F.);
#13277 = FACE_BOUND('',#13278,.F.);
#13278 = EDGE_LOOP('',(#13279,#13280,#13303,#13331));
#13279 = ORIENTED_EDGE('',*,*,#13228,.T.);
#13280 = ORIENTED_EDGE('',*,*,#13281,.T.);
#13281 = EDGE_CURVE('',#13206,#13282,#13284,.T.);
#13282 = VERTEX_POINT('',#13283);
#13283 = CARTESIAN_POINT('',(111.38912133891,13.10460251046,3.));
#13284 = SURFACE_CURVE('',#13285,(#13289,#13296),.PCURVE_S1.);
#13285 = LINE('',#13286,#13287);
#13286 = CARTESIAN_POINT('',(111.99163179916,11.673640167364,3.));
#13287 = VECTOR('',#13288,1.);
#13288 = DIRECTION('',(-0.388057000058,0.921635375138,0.));
#13289 = PCURVE('',#13244,#13290);
#13290 = DEFINITIONAL_REPRESENTATION('',(#13291),#13295);
#13291 = LINE('',#13292,#13293);
#13292 = CARTESIAN_POINT('',(0.,-3.));
#13293 = VECTOR('',#13294,1.);
#13294 = DIRECTION('',(1.,0.));
#13295 = ( GEOMETRIC_REPRESENTATION_CONTEXT(2) 
PARAMETRIC_REPRESENTATION_CONTEXT() REPRESENTATION_CONTEXT('2D SPACE',''
  ) );
#13296 = PCURVE('',#11843,#13297);
#13297 = DEFINITIONAL_REPRESENTATION('',(#13298),#13302);
#13298 = LINE('',#13299,#13300);
#13299 = CARTESIAN_POINT('',(-1.192827508741,-6.082091568865));
#13300 = VECTOR('',#13301,1.);
#13301 = DIRECTION('',(-0.388057000058,0.921635375138));
#13302 = ( GEOMETRIC_REPRESENTATION_CONTEXT(2) 
PARAMETRIC_REPRESENTATION_CONTEXT() REPRESENTATION_CONTEXT('2D SPACE',''
  ) );
#13303 = ORIENTED_EDGE('',*,*,#13304,.F.);
#13304 = EDGE_CURVE('',#13305,#13282,#13307,.T.);
#13305 = VERTEX_POINT('',#13306);
#13306 = CARTESIAN_POINT('',(111.38912133891,13.10460251046,0.));
#13307 = SURFACE_CURVE('',#13308,(#13312,#13319),.PCURVE_S1.);
#13308 = LINE('',#13309,#13310);
#13309 = CARTESIAN_POINT('',(111.38912133891,13.10460251046,0.));
#13310 = VECTOR('',#13311,1.);
#13311 = DIRECTION('',(0.,0.,1.));
#13312 = PCURVE('',#13244,#13313);
#13313 = DEFINITIONAL_REPRESENTATION('',(#13314),#13318);
#13314 = LINE('',#13315,#13316);
#13315 = CARTESIAN_POINT('',(1.552633917597,0.));
#13316 = VECTOR('',#13317,1.);
#13317 = DIRECTION('',(0.,-1.));
#13318 = ( GEOMETRIC_REPRESENTATION_CONTEXT(2) 
PARAMETRIC_REPRESENTATION_CONTEXT() REPRESENTATION_CONTEXT('2D SPACE',''
  ) );
#13319 = PCURVE('',#13320,#13325);
#13320 = PLANE('',#13321);
#13321 = AXIS2_PLACEMENT_3D('',#13322,#13323,#13324);
#13322 = CARTESIAN_POINT('',(111.38912133891,13.10460251046,0.));
#13323 = DIRECTION('',(-0.640184399664,0.768221279597,0.));
#13324 = DIRECTION('',(0.768221279597,0.640184399664,0.));
#13325 = DEFINITIONAL_REPRESENTATION('',(#13326),#13330);
#13326 = LINE('',#13327,#13328);
#13327 = CARTESIAN_POINT('',(0.,0.));
#13328 = VECTOR('',#13329,1.);
#13329 = DIRECTION('',(0.,-1.));
#13330 = ( GEOMETRIC_REPRESENTATION_CONTEXT(2) 
PARAMETRIC_REPRESENTATION_CONTEXT() REPRESENTATION_CONTEXT('2D SPACE',''
  ) );
#13331 = ORIENTED_EDGE('',*,*,#13332,.F.);
#13332 = EDGE_CURVE('',#13229,#13305,#13333,.T.);
#13333 = SURFACE_CURVE('',#13334,(#13338,#13345),.PCURVE_S1.);
#13334 = LINE('',#13335,#13336);
#13335 = CARTESIAN_POINT('',(111.99163179916,11.673640167364,0.));
#13336 = VECTOR('',#13337,1.);
#13337 = DIRECTION('',(-0.388057000058,0.921635375138,0.));
#13338 = PCURVE('',#13244,#13339);
#13339 = DEFINITIONAL_REPRESENTATION('',(#13340),#13344);
#13340 = LINE('',#13341,#13342);
#13341 = CARTESIAN_POINT('',(0.,0.));
#13342 = VECTOR('',#13343,1.);
#13343 = DIRECTION('',(1.,0.));
#13344 = ( GEOMETRIC_REPRESENTATION_CONTEXT(2) 
PARAMETRIC_REPRESENTATION_CONTEXT() REPRESENTATION_CONTEXT('2D SPACE',''
  ) );
#13345 = PCURVE('',#11897,#13346);
#13346 = DEFINITIONAL_REPRESENTATION('',(#13347),#13351);
#13347 = LINE('',#13348,#13349);
#13348 = CARTESIAN_POINT('',(-1.192827508741,-6.082091568865));
#13349 = VECTOR('',#13350,1.);
#13350 = DIRECTION('',(-0.388057000058,0.921635375138));
#13351 = ( GEOMETRIC_REPRESENTATION_CONTEXT(2) 
PARAMETRIC_REPRESENTATION_CONTEXT() REPRESENTATION_CONTEXT('2D SPACE',''
  ) );
#13352 = ADVANCED_FACE('',(#13353),#13320,.F.);
#13353 = FACE_BOUND('',#13354,.F.);
#13354 = EDGE_LOOP('',(#13355,#13356,#13379,#13407));
#13355 = ORIENTED_EDGE('',*,*,#13304,.T.);
#13356 = ORIENTED_EDGE('',*,*,#13357,.T.);
#13357 = EDGE_CURVE('',#13282,#13358,#13360,.T.);
#13358 = VERTEX_POINT('',#13359);
#13359 = CARTESIAN_POINT('',(111.8410041841,13.481171548117,3.));
#13360 = SURFACE_CURVE('',#13361,(#13365,#13372),.PCURVE_S1.);
#13361 = LINE('',#13362,#13363);
#13362 = CARTESIAN_POINT('',(111.38912133891,13.10460251046,3.));
#13363 = VECTOR('',#13364,1.);
#13364 = DIRECTION('',(0.768221279597,0.640184399664,0.));
#13365 = PCURVE('',#13320,#13366);
#13366 = DEFINITIONAL_REPRESENTATION('',(#13367),#13371);
#13367 = LINE('',#13368,#13369);
#13368 = CARTESIAN_POINT('',(0.,-3.));
#13369 = VECTOR('',#13370,1.);
#13370 = DIRECTION('',(1.,0.));
#13371 = ( GEOMETRIC_REPRESENTATION_CONTEXT(2) 
PARAMETRIC_REPRESENTATION_CONTEXT() REPRESENTATION_CONTEXT('2D SPACE',''
  ) );
#13372 = PCURVE('',#11843,#13373);
#13373 = DEFINITIONAL_REPRESENTATION('',(#13374),#13378);
#13374 = LINE('',#13375,#13376);
#13375 = CARTESIAN_POINT('',(-1.795337968992,-4.651129225769));
#13376 = VECTOR('',#13377,1.);
#13377 = DIRECTION('',(0.768221279597,0.640184399664));
#13378 = ( GEOMETRIC_REPRESENTATION_CONTEXT(2) 
PARAMETRIC_REPRESENTATION_CONTEXT() REPRESENTATION_CONTEXT('2D SPACE',''
  ) );
#13379 = ORIENTED_EDGE('',*,*,#13380,.F.);
#13380 = EDGE_CURVE('',#13381,#13358,#13383,.T.);
#13381 = VERTEX_POINT('',#13382);
#13382 = CARTESIAN_POINT('',(111.8410041841,13.481171548117,0.));
#13383 = SURFACE_CURVE('',#13384,(#13388,#13395),.PCURVE_S1.);
#13384 = LINE('',#13385,#13386);
#13385 = CARTESIAN_POINT('',(111.8410041841,13.481171548117,0.));
#13386 = VECTOR('',#13387,1.);
#13387 = DIRECTION('',(0.,0.,1.));
#13388 = PCURVE('',#13320,#13389);
#13389 = DEFINITIONAL_REPRESENTATION('',(#13390),#13394);
#13390 = LINE('',#13391,#13392);
#13391 = CARTESIAN_POINT('',(0.588219640863,0.));
#13392 = VECTOR('',#13393,1.);
#13393 = DIRECTION('',(0.,-1.));
#13394 = ( GEOMETRIC_REPRESENTATION_CONTEXT(2) 
PARAMETRIC_REPRESENTATION_CONTEXT() REPRESENTATION_CONTEXT('2D SPACE',''
  ) );
#13395 = PCURVE('',#13396,#13401);
#13396 = PLANE('',#13397);
#13397 = AXIS2_PLACEMENT_3D('',#13398,#13399,#13400);
#13398 = CARTESIAN_POINT('',(111.8410041841,13.481171548117,0.));
#13399 = DIRECTION('',(0.,1.,0.));
#13400 = DIRECTION('',(1.,0.,0.));
#13401 = DEFINITIONAL_REPRESENTATION('',(#13402),#13406);
#13402 = LINE('',#13403,#13404);
#13403 = CARTESIAN_POINT('',(0.,0.));
#13404 = VECTOR('',#13405,1.);
#13405 = DIRECTION('',(0.,-1.));
#13406 = ( GEOMETRIC_REPRESENTATION_CONTEXT(2) 
PARAMETRIC_REPRESENTATION_CONTEXT() REPRESENTATION_CONTEXT('2D SPACE',''
  ) );
#13407 = ORIENTED_EDGE('',*,*,#13408,.F.);
#13408 = EDGE_CURVE('',#13305,#13381,#13409,.T.);
#13409 = SURFACE_CURVE('',#13410,(#13414,#13421),.PCURVE_S1.);
#13410 = LINE('',#13411,#13412);
#13411 = CARTESIAN_POINT('',(111.38912133891,13.10460251046,0.));
#13412 = VECTOR('',#13413,1.);
#13413 = DIRECTION('',(0.768221279597,0.640184399664,0.));
#13414 = PCURVE('',#13320,#13415);
#13415 = DEFINITIONAL_REPRESENTATION('',(#13416),#13420);
#13416 = LINE('',#13417,#13418);
#13417 = CARTESIAN_POINT('',(0.,0.));
#13418 = VECTOR('',#13419,1.);
#13419 = DIRECTION('',(1.,0.));
#13420 = ( GEOMETRIC_REPRESENTATION_CONTEXT(2) 
PARAMETRIC_REPRESENTATION_CONTEXT() REPRESENTATION_CONTEXT('2D SPACE',''
  ) );
#13421 = PCURVE('',#11897,#13422);
#13422 = DEFINITIONAL_REPRESENTATION('',(#13423),#13427);
#13423 = LINE('',#13424,#13425);
#13424 = CARTESIAN_POINT('',(-1.795337968992,-4.651129225769));
#13425 = VECTOR('',#13426,1.);
#13426 = DIRECTION('',(0.768221279597,0.640184399664));
#13427 = ( GEOMETRIC_REPRESENTATION_CONTEXT(2) 
PARAMETRIC_REPRESENTATION_CONTEXT() REPRESENTATION_CONTEXT('2D SPACE',''
  ) );
#13428 = ADVANCED_FACE('',(#13429),#13396,.F.);
#13429 = FACE_BOUND('',#13430,.F.);
#13430 = EDGE_LOOP('',(#13431,#13432,#13455,#13483));
#13431 = ORIENTED_EDGE('',*,*,#13380,.T.);
#13432 = ORIENTED_EDGE('',*,*,#13433,.T.);
#13433 = EDGE_CURVE('',#13358,#13434,#13436,.T.);
#13434 = VERTEX_POINT('',#13435);
#13435 = CARTESIAN_POINT('',(121.55648535564,13.481171548117,3.));
#13436 = SURFACE_CURVE('',#13437,(#13441,#13448),.PCURVE_S1.);
#13437 = LINE('',#13438,#13439);
#13438 = CARTESIAN_POINT('',(111.8410041841,13.481171548117,3.));
#13439 = VECTOR('',#13440,1.);
#13440 = DIRECTION('',(1.,0.,0.));
#13441 = PCURVE('',#13396,#13442);
#13442 = DEFINITIONAL_REPRESENTATION('',(#13443),#13447);
#13443 = LINE('',#13444,#13445);
#13444 = CARTESIAN_POINT('',(0.,-3.));
#13445 = VECTOR('',#13446,1.);
#13446 = DIRECTION('',(1.,0.));
#13447 = ( GEOMETRIC_REPRESENTATION_CONTEXT(2) 
PARAMETRIC_REPRESENTATION_CONTEXT() REPRESENTATION_CONTEXT('2D SPACE',''
  ) );
#13448 = PCURVE('',#11843,#13449);
#13449 = DEFINITIONAL_REPRESENTATION('',(#13450),#13454);
#13450 = LINE('',#13451,#13452);
#13451 = CARTESIAN_POINT('',(-1.343455123804,-4.274560188112));
#13452 = VECTOR('',#13453,1.);
#13453 = DIRECTION('',(1.,0.));
#13454 = ( GEOMETRIC_REPRESENTATION_CONTEXT(2) 
PARAMETRIC_REPRESENTATION_CONTEXT() REPRESENTATION_CONTEXT('2D SPACE',''
  ) );
#13455 = ORIENTED_EDGE('',*,*,#13456,.F.);
#13456 = EDGE_CURVE('',#13457,#13434,#13459,.T.);
#13457 = VERTEX_POINT('',#13458);
#13458 = CARTESIAN_POINT('',(121.55648535564,13.481171548117,0.));
#13459 = SURFACE_CURVE('',#13460,(#13464,#13471),.PCURVE_S1.);
#13460 = LINE('',#13461,#13462);
#13461 = CARTESIAN_POINT('',(121.55648535564,13.481171548117,0.));
#13462 = VECTOR('',#13463,1.);
#13463 = DIRECTION('',(0.,0.,1.));
#13464 = PCURVE('',#13396,#13465);
#13465 = DEFINITIONAL_REPRESENTATION('',(#13466),#13470);
#13466 = LINE('',#13467,#13468);
#13467 = CARTESIAN_POINT('',(9.715481171548,0.));
#13468 = VECTOR('',#13469,1.);
#13469 = DIRECTION('',(0.,-1.));
#13470 = ( GEOMETRIC_REPRESENTATION_CONTEXT(2) 
PARAMETRIC_REPRESENTATION_CONTEXT() REPRESENTATION_CONTEXT('2D SPACE',''
  ) );
#13471 = PCURVE('',#13472,#13477);
#13472 = PLANE('',#13473);
#13473 = AXIS2_PLACEMENT_3D('',#13474,#13475,#13476);
#13474 = CARTESIAN_POINT('',(121.55648535564,13.481171548117,0.));
#13475 = DIRECTION('',(-0.66436383883,0.747409318684,0.));
#13476 = DIRECTION('',(0.747409318684,0.66436383883,0.));
#13477 = DEFINITIONAL_REPRESENTATION('',(#13478),#13482);
#13478 = LINE('',#13479,#13480);
#13479 = CARTESIAN_POINT('',(0.,0.));
#13480 = VECTOR('',#13481,1.);
#13481 = DIRECTION('',(0.,-1.));
#13482 = ( GEOMETRIC_REPRESENTATION_CONTEXT(2) 
PARAMETRIC_REPRESENTATION_CONTEXT() REPRESENTATION_CONTEXT('2D SPACE',''
  ) );
#13483 = ORIENTED_EDGE('',*,*,#13484,.F.);
#13484 = EDGE_CURVE('',#13381,#13457,#13485,.T.);
#13485 = SURFACE_CURVE('',#13486,(#13490,#13497),.PCURVE_S1.);
#13486 = LINE('',#13487,#13488);
#13487 = CARTESIAN_POINT('',(111.8410041841,13.481171548117,0.));
#13488 = VECTOR('',#13489,1.);
#13489 = DIRECTION('',(1.,0.,0.));
#13490 = PCURVE('',#13396,#13491);
#13491 = DEFINITIONAL_REPRESENTATION('',(#13492),#13496);
#13492 = LINE('',#13493,#13494);
#13493 = CARTESIAN_POINT('',(0.,0.));
#13494 = VECTOR('',#13495,1.);
#13495 = DIRECTION('',(1.,0.));
#13496 = ( GEOMETRIC_REPRESENTATION_CONTEXT(2) 
PARAMETRIC_REPRESENTATION_CONTEXT() REPRESENTATION_CONTEXT('2D SPACE',''
  ) );
#13497 = PCURVE('',#11897,#13498);
#13498 = DEFINITIONAL_REPRESENTATION('',(#13499),#13503);
#13499 = LINE('',#13500,#13501);
#13500 = CARTESIAN_POINT('',(-1.343455123804,-4.274560188112));
#13501 = VECTOR('',#13502,1.);
#13502 = DIRECTION('',(1.,0.));
#13503 = ( GEOMETRIC_REPRESENTATION_CONTEXT(2) 
PARAMETRIC_REPRESENTATION_CONTEXT() REPRESENTATION_CONTEXT('2D SPACE',''
  ) );
#13504 = ADVANCED_FACE('',(#13505),#13472,.F.);
#13505 = FACE_BOUND('',#13506,.F.);
#13506 = EDGE_LOOP('',(#13507,#13508,#13531,#13559));
#13507 = ORIENTED_EDGE('',*,*,#13456,.T.);
#13508 = ORIENTED_EDGE('',*,*,#13509,.T.);
#13509 = EDGE_CURVE('',#13434,#13510,#13512,.T.);
#13510 = VERTEX_POINT('',#13511);
#13511 = CARTESIAN_POINT('',(122.23430962343,14.083682008368,3.));
#13512 = SURFACE_CURVE('',#13513,(#13517,#13524),.PCURVE_S1.);
#13513 = LINE('',#13514,#13515);
#13514 = CARTESIAN_POINT('',(121.55648535564,13.481171548117,3.));
#13515 = VECTOR('',#13516,1.);
#13516 = DIRECTION('',(0.747409318684,0.66436383883,0.));
#13517 = PCURVE('',#13472,#13518);
#13518 = DEFINITIONAL_REPRESENTATION('',(#13519),#13523);
#13519 = LINE('',#13520,#13521);
#13520 = CARTESIAN_POINT('',(0.,-3.));
#13521 = VECTOR('',#13522,1.);
#13522 = DIRECTION('',(1.,0.));
#13523 = ( GEOMETRIC_REPRESENTATION_CONTEXT(2) 
PARAMETRIC_REPRESENTATION_CONTEXT() REPRESENTATION_CONTEXT('2D SPACE',''
  ) );
#13524 = PCURVE('',#11843,#13525);
#13525 = DEFINITIONAL_REPRESENTATION('',(#13526),#13530);
#13526 = LINE('',#13527,#13528);
#13527 = CARTESIAN_POINT('',(8.372026047744,-4.274560188112));
#13528 = VECTOR('',#13529,1.);
#13529 = DIRECTION('',(0.747409318684,0.66436383883));
#13530 = ( GEOMETRIC_REPRESENTATION_CONTEXT(2) 
PARAMETRIC_REPRESENTATION_CONTEXT() REPRESENTATION_CONTEXT('2D SPACE',''
  ) );
#13531 = ORIENTED_EDGE('',*,*,#13532,.F.);
#13532 = EDGE_CURVE('',#13533,#13510,#13535,.T.);
#13533 = VERTEX_POINT('',#13534);
#13534 = CARTESIAN_POINT('',(122.23430962343,14.083682008368,0.));
#13535 = SURFACE_CURVE('',#13536,(#13540,#13547),.PCURVE_S1.);
#13536 = LINE('',#13537,#13538);
#13537 = CARTESIAN_POINT('',(122.23430962343,14.083682008368,0.));
#13538 = VECTOR('',#13539,1.);
#13539 = DIRECTION('',(0.,0.,1.));
#13540 = PCURVE('',#13472,#13541);
#13541 = DEFINITIONAL_REPRESENTATION('',(#13542),#13546);
#13542 = LINE('',#13543,#13544);
#13543 = CARTESIAN_POINT('',(0.906898336478,0.));
#13544 = VECTOR('',#13545,1.);
#13545 = DIRECTION('',(0.,-1.));
#13546 = ( GEOMETRIC_REPRESENTATION_CONTEXT(2) 
PARAMETRIC_REPRESENTATION_CONTEXT() REPRESENTATION_CONTEXT('2D SPACE',''
  ) );
#13547 = PCURVE('',#13548,#13553);
#13548 = PLANE('',#13549);
#13549 = AXIS2_PLACEMENT_3D('',#13550,#13551,#13552);
#13550 = CARTESIAN_POINT('',(122.23430962343,14.083682008368,0.));
#13551 = DIRECTION('',(-0.999943418112,1.063769593736E-02,0.));
#13552 = DIRECTION('',(1.063769593736E-02,0.999943418112,0.));
#13553 = DEFINITIONAL_REPRESENTATION('',(#13554),#13558);
#13554 = LINE('',#13555,#13556);
#13555 = CARTESIAN_POINT('',(0.,0.));
#13556 = VECTOR('',#13557,1.);
#13557 = DIRECTION('',(0.,-1.));
#13558 = ( GEOMETRIC_REPRESENTATION_CONTEXT(2) 
PARAMETRIC_REPRESENTATION_CONTEXT() REPRESENTATION_CONTEXT('2D SPACE',''
  ) );
#13559 = ORIENTED_EDGE('',*,*,#13560,.F.);
#13560 = EDGE_CURVE('',#13457,#13533,#13561,.T.);
#13561 = SURFACE_CURVE('',#13562,(#13566,#13573),.PCURVE_S1.);
#13562 = LINE('',#13563,#13564);
#13563 = CARTESIAN_POINT('',(121.55648535564,13.481171548117,0.));
#13564 = VECTOR('',#13565,1.);
#13565 = DIRECTION('',(0.747409318684,0.66436383883,0.));
#13566 = PCURVE('',#13472,#13567);
#13567 = DEFINITIONAL_REPRESENTATION('',(#13568),#13572);
#13568 = LINE('',#13569,#13570);
#13569 = CARTESIAN_POINT('',(0.,0.));
#13570 = VECTOR('',#13571,1.);
#13571 = DIRECTION('',(1.,0.));
#13572 = ( GEOMETRIC_REPRESENTATION_CONTEXT(2) 
PARAMETRIC_REPRESENTATION_CONTEXT() REPRESENTATION_CONTEXT('2D SPACE',''
  ) );
#13573 = PCURVE('',#11897,#13574);
#13574 = DEFINITIONAL_REPRESENTATION('',(#13575),#13579);
#13575 = LINE('',#13576,#13577);
#13576 = CARTESIAN_POINT('',(8.372026047744,-4.274560188112));
#13577 = VECTOR('',#13578,1.);
#13578 = DIRECTION('',(0.747409318684,0.66436383883));
#13579 = ( GEOMETRIC_REPRESENTATION_CONTEXT(2) 
PARAMETRIC_REPRESENTATION_CONTEXT() REPRESENTATION_CONTEXT('2D SPACE',''
  ) );
#13580 = ADVANCED_FACE('',(#13581),#13548,.F.);
#13581 = FACE_BOUND('',#13582,.F.);
#13582 = EDGE_LOOP('',(#13583,#13584,#13607,#13635));
#13583 = ORIENTED_EDGE('',*,*,#13532,.T.);
#13584 = ORIENTED_EDGE('',*,*,#13585,.T.);
#13585 = EDGE_CURVE('',#13510,#13586,#13588,.T.);
#13586 = VERTEX_POINT('',#13587);
#13587 = CARTESIAN_POINT('',(122.30962343096,21.163179916318,3.));
#13588 = SURFACE_CURVE('',#13589,(#13593,#13600),.PCURVE_S1.);
#13589 = LINE('',#13590,#13591);
#13590 = CARTESIAN_POINT('',(122.23430962343,14.083682008368,3.));
#13591 = VECTOR('',#13592,1.);
#13592 = DIRECTION('',(1.063769593736E-02,0.999943418112,0.));
#13593 = PCURVE('',#13548,#13594);
#13594 = DEFINITIONAL_REPRESENTATION('',(#13595),#13599);
#13595 = LINE('',#13596,#13597);
#13596 = CARTESIAN_POINT('',(0.,-3.));
#13597 = VECTOR('',#13598,1.);
#13598 = DIRECTION('',(1.,0.));
#13599 = ( GEOMETRIC_REPRESENTATION_CONTEXT(2) 
PARAMETRIC_REPRESENTATION_CONTEXT() REPRESENTATION_CONTEXT('2D SPACE',''
  ) );
#13600 = PCURVE('',#11843,#13601);
#13601 = DEFINITIONAL_REPRESENTATION('',(#13602),#13606);
#13602 = LINE('',#13603,#13604);
#13603 = CARTESIAN_POINT('',(9.049850315527,-3.672049727861));
#13604 = VECTOR('',#13605,1.);
#13605 = DIRECTION('',(1.063769593736E-02,0.999943418112));
#13606 = ( GEOMETRIC_REPRESENTATION_CONTEXT(2) 
PARAMETRIC_REPRESENTATION_CONTEXT() REPRESENTATION_CONTEXT('2D SPACE',''
  ) );
#13607 = ORIENTED_EDGE('',*,*,#13608,.F.);
#13608 = EDGE_CURVE('',#13609,#13586,#13611,.T.);
#13609 = VERTEX_POINT('',#13610);
#13610 = CARTESIAN_POINT('',(122.30962343096,21.163179916318,0.));
#13611 = SURFACE_CURVE('',#13612,(#13616,#13623),.PCURVE_S1.);
#13612 = LINE('',#13613,#13614);
#13613 = CARTESIAN_POINT('',(122.30962343096,21.163179916318,0.));
#13614 = VECTOR('',#13615,1.);
#13615 = DIRECTION('',(0.,0.,1.));
#13616 = PCURVE('',#13548,#13617);
#13617 = DEFINITIONAL_REPRESENTATION('',(#13618),#13622);
#13618 = LINE('',#13619,#13620);
#13619 = CARTESIAN_POINT('',(7.079898501975,0.));
#13620 = VECTOR('',#13621,1.);
#13621 = DIRECTION('',(0.,-1.));
#13622 = ( GEOMETRIC_REPRESENTATION_CONTEXT(2) 
PARAMETRIC_REPRESENTATION_CONTEXT() REPRESENTATION_CONTEXT('2D SPACE',''
  ) );
#13623 = PCURVE('',#13624,#13629);
#13624 = PLANE('',#13625);
#13625 = AXIS2_PLACEMENT_3D('',#13626,#13627,#13628);
#13626 = CARTESIAN_POINT('',(122.30962343096,21.163179916318,0.));
#13627 = DIRECTION('',(-0.874157276122,-0.485642931179,0.));
#13628 = DIRECTION('',(-0.485642931179,0.874157276122,0.));
#13629 = DEFINITIONAL_REPRESENTATION('',(#13630),#13634);
#13630 = LINE('',#13631,#13632);
#13631 = CARTESIAN_POINT('',(0.,0.));
#13632 = VECTOR('',#13633,1.);
#13633 = DIRECTION('',(0.,-1.));
#13634 = ( GEOMETRIC_REPRESENTATION_CONTEXT(2) 
PARAMETRIC_REPRESENTATION_CONTEXT() REPRESENTATION_CONTEXT('2D SPACE',''
  ) );
#13635 = ORIENTED_EDGE('',*,*,#13636,.F.);
#13636 = EDGE_CURVE('',#13533,#13609,#13637,.T.);
#13637 = SURFACE_CURVE('',#13638,(#13642,#13649),.PCURVE_S1.);
#13638 = LINE('',#13639,#13640);
#13639 = CARTESIAN_POINT('',(122.23430962343,14.083682008368,0.));
#13640 = VECTOR('',#13641,1.);
#13641 = DIRECTION('',(1.063769593736E-02,0.999943418112,0.));
#13642 = PCURVE('',#13548,#13643);
#13643 = DEFINITIONAL_REPRESENTATION('',(#13644),#13648);
#13644 = LINE('',#13645,#13646);
#13645 = CARTESIAN_POINT('',(0.,0.));
#13646 = VECTOR('',#13647,1.);
#13647 = DIRECTION('',(1.,0.));
#13648 = ( GEOMETRIC_REPRESENTATION_CONTEXT(2) 
PARAMETRIC_REPRESENTATION_CONTEXT() REPRESENTATION_CONTEXT('2D SPACE',''
  ) );
#13649 = PCURVE('',#11897,#13650);
#13650 = DEFINITIONAL_REPRESENTATION('',(#13651),#13655);
#13651 = LINE('',#13652,#13653);
#13652 = CARTESIAN_POINT('',(9.049850315527,-3.672049727861));
#13653 = VECTOR('',#13654,1.);
#13654 = DIRECTION('',(1.063769593736E-02,0.999943418112));
#13655 = ( GEOMETRIC_REPRESENTATION_CONTEXT(2) 
PARAMETRIC_REPRESENTATION_CONTEXT() REPRESENTATION_CONTEXT('2D SPACE',''
  ) );
#13656 = ADVANCED_FACE('',(#13657),#13624,.F.);
#13657 = FACE_BOUND('',#13658,.F.);
#13658 = EDGE_LOOP('',(#13659,#13660,#13683,#13711));
#13659 = ORIENTED_EDGE('',*,*,#13608,.T.);
#13660 = ORIENTED_EDGE('',*,*,#13661,.T.);
#13661 = EDGE_CURVE('',#13586,#13662,#13664,.T.);
#13662 = VERTEX_POINT('',#13663);
#13663 = CARTESIAN_POINT('',(121.9330543933,21.8410041841,3.));
#13664 = SURFACE_CURVE('',#13665,(#13669,#13676),.PCURVE_S1.);
#13665 = LINE('',#13666,#13667);
#13666 = CARTESIAN_POINT('',(122.30962343096,21.163179916318,3.));
#13667 = VECTOR('',#13668,1.);
#13668 = DIRECTION('',(-0.485642931179,0.874157276122,0.));
#13669 = PCURVE('',#13624,#13670);
#13670 = DEFINITIONAL_REPRESENTATION('',(#13671),#13675);
#13671 = LINE('',#13672,#13673);
#13672 = CARTESIAN_POINT('',(0.,-3.));
#13673 = VECTOR('',#13674,1.);
#13674 = DIRECTION('',(1.,0.));
#13675 = ( GEOMETRIC_REPRESENTATION_CONTEXT(2) 
PARAMETRIC_REPRESENTATION_CONTEXT() REPRESENTATION_CONTEXT('2D SPACE',''
  ) );
#13676 = PCURVE('',#11843,#13677);
#13677 = DEFINITIONAL_REPRESENTATION('',(#13678),#13682);
#13678 = LINE('',#13679,#13680);
#13679 = CARTESIAN_POINT('',(9.125164123058,3.407448180089));
#13680 = VECTOR('',#13681,1.);
#13681 = DIRECTION('',(-0.485642931179,0.874157276122));
#13682 = ( GEOMETRIC_REPRESENTATION_CONTEXT(2) 
PARAMETRIC_REPRESENTATION_CONTEXT() REPRESENTATION_CONTEXT('2D SPACE',''
  ) );
#13683 = ORIENTED_EDGE('',*,*,#13684,.F.);
#13684 = EDGE_CURVE('',#13685,#13662,#13687,.T.);
#13685 = VERTEX_POINT('',#13686);
#13686 = CARTESIAN_POINT('',(121.9330543933,21.8410041841,0.));
#13687 = SURFACE_CURVE('',#13688,(#13692,#13699),.PCURVE_S1.);
#13688 = LINE('',#13689,#13690);
#13689 = CARTESIAN_POINT('',(121.9330543933,21.8410041841,0.));
#13690 = VECTOR('',#13691,1.);
#13691 = DIRECTION('',(0.,0.,1.));
#13692 = PCURVE('',#13624,#13693);
#13693 = DEFINITIONAL_REPRESENTATION('',(#13694),#13698);
#13694 = LINE('',#13695,#13696);
#13695 = CARTESIAN_POINT('',(0.775403106853,0.));
#13696 = VECTOR('',#13697,1.);
#13697 = DIRECTION('',(0.,-1.));
#13698 = ( GEOMETRIC_REPRESENTATION_CONTEXT(2) 
PARAMETRIC_REPRESENTATION_CONTEXT() REPRESENTATION_CONTEXT('2D SPACE',''
  ) );
#13699 = PCURVE('',#13700,#13705);
#13700 = PLANE('',#13701);
#13701 = AXIS2_PLACEMENT_3D('',#13702,#13703,#13704);
#13702 = CARTESIAN_POINT('',(121.9330543933,21.8410041841,0.));
#13703 = DIRECTION('',(-2.272140535329E-02,-0.999741835545,0.));
#13704 = DIRECTION('',(-0.999741835545,2.272140535329E-02,0.));
#13705 = DEFINITIONAL_REPRESENTATION('',(#13706),#13710);
#13706 = LINE('',#13707,#13708);
#13707 = CARTESIAN_POINT('',(0.,0.));
#13708 = VECTOR('',#13709,1.);
#13709 = DIRECTION('',(0.,-1.));
#13710 = ( GEOMETRIC_REPRESENTATION_CONTEXT(2) 
PARAMETRIC_REPRESENTATION_CONTEXT() REPRESENTATION_CONTEXT('2D SPACE',''
  ) );
#13711 = ORIENTED_EDGE('',*,*,#13712,.F.);
#13712 = EDGE_CURVE('',#13609,#13685,#13713,.T.);
#13713 = SURFACE_CURVE('',#13714,(#13718,#13725),.PCURVE_S1.);
#13714 = LINE('',#13715,#13716);
#13715 = CARTESIAN_POINT('',(122.30962343096,21.163179916318,0.));
#13716 = VECTOR('',#13717,1.);
#13717 = DIRECTION('',(-0.485642931179,0.874157276122,0.));
#13718 = PCURVE('',#13624,#13719);
#13719 = DEFINITIONAL_REPRESENTATION('',(#13720),#13724);
#13720 = LINE('',#13721,#13722);
#13721 = CARTESIAN_POINT('',(0.,0.));
#13722 = VECTOR('',#13723,1.);
#13723 = DIRECTION('',(1.,0.));
#13724 = ( GEOMETRIC_REPRESENTATION_CONTEXT(2) 
PARAMETRIC_REPRESENTATION_CONTEXT() REPRESENTATION_CONTEXT('2D SPACE',''
  ) );
#13725 = PCURVE('',#11897,#13726);
#13726 = DEFINITIONAL_REPRESENTATION('',(#13727),#13731);
#13727 = LINE('',#13728,#13729);
#13728 = CARTESIAN_POINT('',(9.125164123058,3.407448180089));
#13729 = VECTOR('',#13730,1.);
#13730 = DIRECTION('',(-0.485642931179,0.874157276122));
#13731 = ( GEOMETRIC_REPRESENTATION_CONTEXT(2) 
PARAMETRIC_REPRESENTATION_CONTEXT() REPRESENTATION_CONTEXT('2D SPACE',''
  ) );
#13732 = ADVANCED_FACE('',(#13733),#13700,.F.);
#13733 = FACE_BOUND('',#13734,.F.);
#13734 = EDGE_LOOP('',(#13735,#13736,#13759,#13787));
#13735 = ORIENTED_EDGE('',*,*,#13684,.T.);
#13736 = ORIENTED_EDGE('',*,*,#13737,.T.);
#13737 = EDGE_CURVE('',#13662,#13738,#13740,.T.);
#13738 = VERTEX_POINT('',#13739);
#13739 = CARTESIAN_POINT('',(111.99163179916,22.066945606695,3.));
#13740 = SURFACE_CURVE('',#13741,(#13745,#13752),.PCURVE_S1.);
#13741 = LINE('',#13742,#13743);
#13742 = CARTESIAN_POINT('',(121.9330543933,21.8410041841,3.));
#13743 = VECTOR('',#13744,1.);
#13744 = DIRECTION('',(-0.999741835545,2.272140535329E-02,0.));
#13745 = PCURVE('',#13700,#13746);
#13746 = DEFINITIONAL_REPRESENTATION('',(#13747),#13751);
#13747 = LINE('',#13748,#13749);
#13748 = CARTESIAN_POINT('',(0.,-3.));
#13749 = VECTOR('',#13750,1.);
#13750 = DIRECTION('',(1.,0.));
#13751 = ( GEOMETRIC_REPRESENTATION_CONTEXT(2) 
PARAMETRIC_REPRESENTATION_CONTEXT() REPRESENTATION_CONTEXT('2D SPACE',''
  ) );
#13752 = PCURVE('',#11843,#13753);
#13753 = DEFINITIONAL_REPRESENTATION('',(#13754),#13758);
#13754 = LINE('',#13755,#13756);
#13755 = CARTESIAN_POINT('',(8.748595085401,4.085272447871));
#13756 = VECTOR('',#13757,1.);
#13757 = DIRECTION('',(-0.999741835545,2.272140535329E-02));
#13758 = ( GEOMETRIC_REPRESENTATION_CONTEXT(2) 
PARAMETRIC_REPRESENTATION_CONTEXT() REPRESENTATION_CONTEXT('2D SPACE',''
  ) );
#13759 = ORIENTED_EDGE('',*,*,#13760,.F.);
#13760 = EDGE_CURVE('',#13761,#13738,#13763,.T.);
#13761 = VERTEX_POINT('',#13762);
#13762 = CARTESIAN_POINT('',(111.99163179916,22.066945606695,0.));
#13763 = SURFACE_CURVE('',#13764,(#13768,#13775),.PCURVE_S1.);
#13764 = LINE('',#13765,#13766);
#13765 = CARTESIAN_POINT('',(111.99163179916,22.066945606695,0.));
#13766 = VECTOR('',#13767,1.);
#13767 = DIRECTION('',(0.,0.,1.));
#13768 = PCURVE('',#13700,#13769);
#13769 = DEFINITIONAL_REPRESENTATION('',(#13770),#13774);
#13770 = LINE('',#13771,#13772);
#13771 = CARTESIAN_POINT('',(9.943989778845,0.));
#13772 = VECTOR('',#13773,1.);
#13773 = DIRECTION('',(0.,-1.));
#13774 = ( GEOMETRIC_REPRESENTATION_CONTEXT(2) 
PARAMETRIC_REPRESENTATION_CONTEXT() REPRESENTATION_CONTEXT('2D SPACE',''
  ) );
#13775 = PCURVE('',#13776,#13781);
#13776 = PLANE('',#13777);
#13777 = AXIS2_PLACEMENT_3D('',#13778,#13779,#13780);
#13778 = CARTESIAN_POINT('',(111.99163179916,22.066945606695,0.));
#13779 = DIRECTION('',(-0.640184399664,-0.768221279597,0.));
#13780 = DIRECTION('',(-0.768221279597,0.640184399664,0.));
#13781 = DEFINITIONAL_REPRESENTATION('',(#13782),#13786);
#13782 = LINE('',#13783,#13784);
#13783 = CARTESIAN_POINT('',(0.,0.));
#13784 = VECTOR('',#13785,1.);
#13785 = DIRECTION('',(0.,-1.));
#13786 = ( GEOMETRIC_REPRESENTATION_CONTEXT(2) 
PARAMETRIC_REPRESENTATION_CONTEXT() REPRESENTATION_CONTEXT('2D SPACE',''
  ) );
#13787 = ORIENTED_EDGE('',*,*,#13788,.F.);
#13788 = EDGE_CURVE('',#13685,#13761,#13789,.T.);
#13789 = SURFACE_CURVE('',#13790,(#13794,#13801),.PCURVE_S1.);
#13790 = LINE('',#13791,#13792);
#13791 = CARTESIAN_POINT('',(121.9330543933,21.8410041841,0.));
#13792 = VECTOR('',#13793,1.);
#13793 = DIRECTION('',(-0.999741835545,2.272140535329E-02,0.));
#13794 = PCURVE('',#13700,#13795);
#13795 = DEFINITIONAL_REPRESENTATION('',(#13796),#13800);
#13796 = LINE('',#13797,#13798);
#13797 = CARTESIAN_POINT('',(0.,0.));
#13798 = VECTOR('',#13799,1.);
#13799 = DIRECTION('',(1.,0.));
#13800 = ( GEOMETRIC_REPRESENTATION_CONTEXT(2) 
PARAMETRIC_REPRESENTATION_CONTEXT() REPRESENTATION_CONTEXT('2D SPACE',''
  ) );
#13801 = PCURVE('',#11897,#13802);
#13802 = DEFINITIONAL_REPRESENTATION('',(#13803),#13807);
#13803 = LINE('',#13804,#13805);
#13804 = CARTESIAN_POINT('',(8.748595085401,4.085272447871));
#13805 = VECTOR('',#13806,1.);
#13806 = DIRECTION('',(-0.999741835545,2.272140535329E-02));
#13807 = ( GEOMETRIC_REPRESENTATION_CONTEXT(2) 
PARAMETRIC_REPRESENTATION_CONTEXT() REPRESENTATION_CONTEXT('2D SPACE',''
  ) );
#13808 = ADVANCED_FACE('',(#13809),#13776,.F.);
#13809 = FACE_BOUND('',#13810,.F.);
#13810 = EDGE_LOOP('',(#13811,#13812,#13835,#13863));
#13811 = ORIENTED_EDGE('',*,*,#13760,.T.);
#13812 = ORIENTED_EDGE('',*,*,#13813,.T.);
#13813 = EDGE_CURVE('',#13738,#13814,#13816,.T.);
#13814 = VERTEX_POINT('',#13815);
#13815 = CARTESIAN_POINT('',(111.53974895397,22.443514644351,3.));
#13816 = SURFACE_CURVE('',#13817,(#13821,#13828),.PCURVE_S1.);
#13817 = LINE('',#13818,#13819);
#13818 = CARTESIAN_POINT('',(111.99163179916,22.066945606695,3.));
#13819 = VECTOR('',#13820,1.);
#13820 = DIRECTION('',(-0.768221279597,0.640184399664,0.));
#13821 = PCURVE('',#13776,#13822);
#13822 = DEFINITIONAL_REPRESENTATION('',(#13823),#13827);
#13823 = LINE('',#13824,#13825);
#13824 = CARTESIAN_POINT('',(0.,-3.));
#13825 = VECTOR('',#13826,1.);
#13826 = DIRECTION('',(1.,0.));
#13827 = ( GEOMETRIC_REPRESENTATION_CONTEXT(2) 
PARAMETRIC_REPRESENTATION_CONTEXT() REPRESENTATION_CONTEXT('2D SPACE',''
  ) );
#13828 = PCURVE('',#11843,#13829);
#13829 = DEFINITIONAL_REPRESENTATION('',(#13830),#13834);
#13830 = LINE('',#13831,#13832);
#13831 = CARTESIAN_POINT('',(-1.192827508741,4.311213870466));
#13832 = VECTOR('',#13833,1.);
#13833 = DIRECTION('',(-0.768221279597,0.640184399664));
#13834 = ( GEOMETRIC_REPRESENTATION_CONTEXT(2) 
PARAMETRIC_REPRESENTATION_CONTEXT() REPRESENTATION_CONTEXT('2D SPACE',''
  ) );
#13835 = ORIENTED_EDGE('',*,*,#13836,.F.);
#13836 = EDGE_CURVE('',#13837,#13814,#13839,.T.);
#13837 = VERTEX_POINT('',#13838);
#13838 = CARTESIAN_POINT('',(111.53974895397,22.443514644351,0.));
#13839 = SURFACE_CURVE('',#13840,(#13844,#13851),.PCURVE_S1.);
#13840 = LINE('',#13841,#13842);
#13841 = CARTESIAN_POINT('',(111.53974895397,22.443514644351,0.));
#13842 = VECTOR('',#13843,1.);
#13843 = DIRECTION('',(0.,0.,1.));
#13844 = PCURVE('',#13776,#13845);
#13845 = DEFINITIONAL_REPRESENTATION('',(#13846),#13850);
#13846 = LINE('',#13847,#13848);
#13847 = CARTESIAN_POINT('',(0.588219640863,0.));
#13848 = VECTOR('',#13849,1.);
#13849 = DIRECTION('',(0.,-1.));
#13850 = ( GEOMETRIC_REPRESENTATION_CONTEXT(2) 
PARAMETRIC_REPRESENTATION_CONTEXT() REPRESENTATION_CONTEXT('2D SPACE',''
  ) );
#13851 = PCURVE('',#13852,#13857);
#13852 = PLANE('',#13853);
#13853 = AXIS2_PLACEMENT_3D('',#13854,#13855,#13856);
#13854 = CARTESIAN_POINT('',(111.53974895397,22.443514644351,0.));
#13855 = DIRECTION('',(-1.,0.,0.));
#13856 = DIRECTION('',(0.,1.,0.));
#13857 = DEFINITIONAL_REPRESENTATION('',(#13858),#13862);
#13858 = LINE('',#13859,#13860);
#13859 = CARTESIAN_POINT('',(0.,0.));
#13860 = VECTOR('',#13861,1.);
#13861 = DIRECTION('',(0.,-1.));
#13862 = ( GEOMETRIC_REPRESENTATION_CONTEXT(2) 
PARAMETRIC_REPRESENTATION_CONTEXT() REPRESENTATION_CONTEXT('2D SPACE',''
  ) );
#13863 = ORIENTED_EDGE('',*,*,#13864,.F.);
#13864 = EDGE_CURVE('',#13761,#13837,#13865,.T.);
#13865 = SURFACE_CURVE('',#13866,(#13870,#13877),.PCURVE_S1.);
#13866 = LINE('',#13867,#13868);
#13867 = CARTESIAN_POINT('',(111.99163179916,22.066945606695,0.));
#13868 = VECTOR('',#13869,1.);
#13869 = DIRECTION('',(-0.768221279597,0.640184399664,0.));
#13870 = PCURVE('',#13776,#13871);
#13871 = DEFINITIONAL_REPRESENTATION('',(#13872),#13876);
#13872 = LINE('',#13873,#13874);
#13873 = CARTESIAN_POINT('',(0.,0.));
#13874 = VECTOR('',#13875,1.);
#13875 = DIRECTION('',(1.,0.));
#13876 = ( GEOMETRIC_REPRESENTATION_CONTEXT(2) 
PARAMETRIC_REPRESENTATION_CONTEXT() REPRESENTATION_CONTEXT('2D SPACE',''
  ) );
#13877 = PCURVE('',#11897,#13878);
#13878 = DEFINITIONAL_REPRESENTATION('',(#13879),#13883);
#13879 = LINE('',#13880,#13881);
#13880 = CARTESIAN_POINT('',(-1.192827508741,4.311213870466));
#13881 = VECTOR('',#13882,1.);
#13882 = DIRECTION('',(-0.768221279597,0.640184399664));
#13883 = ( GEOMETRIC_REPRESENTATION_CONTEXT(2) 
PARAMETRIC_REPRESENTATION_CONTEXT() REPRESENTATION_CONTEXT('2D SPACE',''
  ) );
#13884 = ADVANCED_FACE('',(#13885),#13852,.F.);
#13885 = FACE_BOUND('',#13886,.F.);
#13886 = EDGE_LOOP('',(#13887,#13888,#13911,#13939));
#13887 = ORIENTED_EDGE('',*,*,#13836,.T.);
#13888 = ORIENTED_EDGE('',*,*,#13889,.T.);
#13889 = EDGE_CURVE('',#13814,#13890,#13892,.T.);
#13890 = VERTEX_POINT('',#13891);
#13891 = CARTESIAN_POINT('',(111.53974895397,23.046025104603,3.));
#13892 = SURFACE_CURVE('',#13893,(#13897,#13904),.PCURVE_S1.);
#13893 = LINE('',#13894,#13895);
#13894 = CARTESIAN_POINT('',(111.53974895397,22.443514644351,3.));
#13895 = VECTOR('',#13896,1.);
#13896 = DIRECTION('',(0.,1.,0.));
#13897 = PCURVE('',#13852,#13898);
#13898 = DEFINITIONAL_REPRESENTATION('',(#13899),#13903);
#13899 = LINE('',#13900,#13901);
#13900 = CARTESIAN_POINT('',(0.,-3.));
#13901 = VECTOR('',#13902,1.);
#13902 = DIRECTION('',(1.,0.));
#13903 = ( GEOMETRIC_REPRESENTATION_CONTEXT(2) 
PARAMETRIC_REPRESENTATION_CONTEXT() REPRESENTATION_CONTEXT('2D SPACE',''
  ) );
#13904 = PCURVE('',#11843,#13905);
#13905 = DEFINITIONAL_REPRESENTATION('',(#13906),#13910);
#13906 = LINE('',#13907,#13908);
#13907 = CARTESIAN_POINT('',(-1.644710353929,4.687782908122));
#13908 = VECTOR('',#13909,1.);
#13909 = DIRECTION('',(0.,1.));
#13910 = ( GEOMETRIC_REPRESENTATION_CONTEXT(2) 
PARAMETRIC_REPRESENTATION_CONTEXT() REPRESENTATION_CONTEXT('2D SPACE',''
  ) );
#13911 = ORIENTED_EDGE('',*,*,#13912,.F.);
#13912 = EDGE_CURVE('',#13913,#13890,#13915,.T.);
#13913 = VERTEX_POINT('',#13914);
#13914 = CARTESIAN_POINT('',(111.53974895397,23.046025104603,0.));
#13915 = SURFACE_CURVE('',#13916,(#13920,#13927),.PCURVE_S1.);
#13916 = LINE('',#13917,#13918);
#13917 = CARTESIAN_POINT('',(111.53974895397,23.046025104603,0.));
#13918 = VECTOR('',#13919,1.);
#13919 = DIRECTION('',(0.,0.,1.));
#13920 = PCURVE('',#13852,#13921);
#13921 = DEFINITIONAL_REPRESENTATION('',(#13922),#13926);
#13922 = LINE('',#13923,#13924);
#13923 = CARTESIAN_POINT('',(0.602510460251,0.));
#13924 = VECTOR('',#13925,1.);
#13925 = DIRECTION('',(0.,-1.));
#13926 = ( GEOMETRIC_REPRESENTATION_CONTEXT(2) 
PARAMETRIC_REPRESENTATION_CONTEXT() REPRESENTATION_CONTEXT('2D SPACE',''
  ) );
#13927 = PCURVE('',#13928,#13933);
#13928 = PLANE('',#13929);
#13929 = AXIS2_PLACEMENT_3D('',#13930,#13931,#13932);
#13930 = CARTESIAN_POINT('',(111.53974895397,23.046025104603,0.));
#13931 = DIRECTION('',(-0.822192191644,0.56920997883,0.));
#13932 = DIRECTION('',(0.56920997883,0.822192191644,0.));
#13933 = DEFINITIONAL_REPRESENTATION('',(#13934),#13938);
#13934 = LINE('',#13935,#13936);
#13935 = CARTESIAN_POINT('',(0.,0.));
#13936 = VECTOR('',#13937,1.);
#13937 = DIRECTION('',(0.,-1.));
#13938 = ( GEOMETRIC_REPRESENTATION_CONTEXT(2) 
PARAMETRIC_REPRESENTATION_CONTEXT() REPRESENTATION_CONTEXT('2D SPACE',''
  ) );
#13939 = ORIENTED_EDGE('',*,*,#13940,.F.);
#13940 = EDGE_CURVE('',#13837,#13913,#13941,.T.);
#13941 = SURFACE_CURVE('',#13942,(#13946,#13953),.PCURVE_S1.);
#13942 = LINE('',#13943,#13944);
#13943 = CARTESIAN_POINT('',(111.53974895397,22.443514644351,0.));
#13944 = VECTOR('',#13945,1.);
#13945 = DIRECTION('',(0.,1.,0.));
#13946 = PCURVE('',#13852,#13947);
#13947 = DEFINITIONAL_REPRESENTATION('',(#13948),#13952);
#13948 = LINE('',#13949,#13950);
#13949 = CARTESIAN_POINT('',(0.,0.));
#13950 = VECTOR('',#13951,1.);
#13951 = DIRECTION('',(1.,0.));
#13952 = ( GEOMETRIC_REPRESENTATION_CONTEXT(2) 
PARAMETRIC_REPRESENTATION_CONTEXT() REPRESENTATION_CONTEXT('2D SPACE',''
  ) );
#13953 = PCURVE('',#11897,#13954);
#13954 = DEFINITIONAL_REPRESENTATION('',(#13955),#13959);
#13955 = LINE('',#13956,#13957);
#13956 = CARTESIAN_POINT('',(-1.644710353929,4.687782908122));
#13957 = VECTOR('',#13958,1.);
#13958 = DIRECTION('',(0.,1.));
#13959 = ( GEOMETRIC_REPRESENTATION_CONTEXT(2) 
PARAMETRIC_REPRESENTATION_CONTEXT() REPRESENTATION_CONTEXT('2D SPACE',''
  ) );
#13960 = ADVANCED_FACE('',(#13961),#13928,.F.);
#13961 = FACE_BOUND('',#13962,.F.);
#13962 = EDGE_LOOP('',(#13963,#13964,#13987,#14015));
#13963 = ORIENTED_EDGE('',*,*,#13912,.T.);
#13964 = ORIENTED_EDGE('',*,*,#13965,.T.);
#13965 = EDGE_CURVE('',#13890,#13966,#13968,.T.);
#13966 = VERTEX_POINT('',#13967);
#13967 = CARTESIAN_POINT('',(112.21757322175,24.02510460251,3.));
#13968 = SURFACE_CURVE('',#13969,(#13973,#13980),.PCURVE_S1.);
#13969 = LINE('',#13970,#13971);
#13970 = CARTESIAN_POINT('',(111.53974895397,23.046025104603,3.));
#13971 = VECTOR('',#13972,1.);
#13972 = DIRECTION('',(0.56920997883,0.822192191644,0.));
#13973 = PCURVE('',#13928,#13974);
#13974 = DEFINITIONAL_REPRESENTATION('',(#13975),#13979);
#13975 = LINE('',#13976,#13977);
#13976 = CARTESIAN_POINT('',(0.,-3.));
#13977 = VECTOR('',#13978,1.);
#13978 = DIRECTION('',(1.,0.));
#13979 = ( GEOMETRIC_REPRESENTATION_CONTEXT(2) 
PARAMETRIC_REPRESENTATION_CONTEXT() REPRESENTATION_CONTEXT('2D SPACE',''
  ) );
#13980 = PCURVE('',#11843,#13981);
#13981 = DEFINITIONAL_REPRESENTATION('',(#13982),#13986);
#13982 = LINE('',#13983,#13984);
#13983 = CARTESIAN_POINT('',(-1.644710353929,5.290293368374));
#13984 = VECTOR('',#13985,1.);
#13985 = DIRECTION('',(0.56920997883,0.822192191644));
#13986 = ( GEOMETRIC_REPRESENTATION_CONTEXT(2) 
PARAMETRIC_REPRESENTATION_CONTEXT() REPRESENTATION_CONTEXT('2D SPACE',''
  ) );
#13987 = ORIENTED_EDGE('',*,*,#13988,.F.);
#13988 = EDGE_CURVE('',#13989,#13966,#13991,.T.);
#13989 = VERTEX_POINT('',#13990);
#13990 = CARTESIAN_POINT('',(112.21757322175,24.02510460251,0.));
#13991 = SURFACE_CURVE('',#13992,(#13996,#14003),.PCURVE_S1.);
#13992 = LINE('',#13993,#13994);
#13993 = CARTESIAN_POINT('',(112.21757322175,24.02510460251,0.));
#13994 = VECTOR('',#13995,1.);
#13995 = DIRECTION('',(0.,0.,1.));
#13996 = PCURVE('',#13928,#13997);
#13997 = DEFINITIONAL_REPRESENTATION('',(#13998),#14002);
#13998 = LINE('',#13999,#14000);
#13999 = CARTESIAN_POINT('',(1.190815855294,0.));
#14000 = VECTOR('',#14001,1.);
#14001 = DIRECTION('',(0.,-1.));
#14002 = ( GEOMETRIC_REPRESENTATION_CONTEXT(2) 
PARAMETRIC_REPRESENTATION_CONTEXT() REPRESENTATION_CONTEXT('2D SPACE',''
  ) );
#14003 = PCURVE('',#14004,#14009);
#14004 = PLANE('',#14005);
#14005 = AXIS2_PLACEMENT_3D('',#14006,#14007,#14008);
#14006 = CARTESIAN_POINT('',(112.21757322175,24.02510460251,0.));
#14007 = DIRECTION('',(-0.575493406175,0.817806419301,0.));
#14008 = DIRECTION('',(0.817806419301,0.575493406175,0.));
#14009 = DEFINITIONAL_REPRESENTATION('',(#14010),#14014);
#14010 = LINE('',#14011,#14012);
#14011 = CARTESIAN_POINT('',(0.,0.));
#14012 = VECTOR('',#14013,1.);
#14013 = DIRECTION('',(0.,-1.));
#14014 = ( GEOMETRIC_REPRESENTATION_CONTEXT(2) 
PARAMETRIC_REPRESENTATION_CONTEXT() REPRESENTATION_CONTEXT('2D SPACE',''
  ) );
#14015 = ORIENTED_EDGE('',*,*,#14016,.F.);
#14016 = EDGE_CURVE('',#13913,#13989,#14017,.T.);
#14017 = SURFACE_CURVE('',#14018,(#14022,#14029),.PCURVE_S1.);
#14018 = LINE('',#14019,#14020);
#14019 = CARTESIAN_POINT('',(111.53974895397,23.046025104603,0.));
#14020 = VECTOR('',#14021,1.);
#14021 = DIRECTION('',(0.56920997883,0.822192191644,0.));
#14022 = PCURVE('',#13928,#14023);
#14023 = DEFINITIONAL_REPRESENTATION('',(#14024),#14028);
#14024 = LINE('',#14025,#14026);
#14025 = CARTESIAN_POINT('',(0.,0.));
#14026 = VECTOR('',#14027,1.);
#14027 = DIRECTION('',(1.,0.));
#14028 = ( GEOMETRIC_REPRESENTATION_CONTEXT(2) 
PARAMETRIC_REPRESENTATION_CONTEXT() REPRESENTATION_CONTEXT('2D SPACE',''
  ) );
#14029 = PCURVE('',#11897,#14030);
#14030 = DEFINITIONAL_REPRESENTATION('',(#14031),#14035);
#14031 = LINE('',#14032,#14033);
#14032 = CARTESIAN_POINT('',(-1.644710353929,5.290293368374));
#14033 = VECTOR('',#14034,1.);
#14034 = DIRECTION('',(0.56920997883,0.822192191644));
#14035 = ( GEOMETRIC_REPRESENTATION_CONTEXT(2) 
PARAMETRIC_REPRESENTATION_CONTEXT() REPRESENTATION_CONTEXT('2D SPACE',''
  ) );
#14036 = ADVANCED_FACE('',(#14037),#14004,.F.);
#14037 = FACE_BOUND('',#14038,.F.);
#14038 = EDGE_LOOP('',(#14039,#14040,#14063,#14091));
#14039 = ORIENTED_EDGE('',*,*,#13988,.T.);
#14040 = ORIENTED_EDGE('',*,*,#14041,.T.);
#14041 = EDGE_CURVE('',#13966,#14042,#14044,.T.);
#14042 = VERTEX_POINT('',#14043);
#14043 = CARTESIAN_POINT('',(114.2510460251,25.456066945607,3.));
#14044 = SURFACE_CURVE('',#14045,(#14049,#14056),.PCURVE_S1.);
#14045 = LINE('',#14046,#14047);
#14046 = CARTESIAN_POINT('',(112.21757322175,24.02510460251,3.));
#14047 = VECTOR('',#14048,1.);
#14048 = DIRECTION('',(0.817806419301,0.575493406175,0.));
#14049 = PCURVE('',#14004,#14050);
#14050 = DEFINITIONAL_REPRESENTATION('',(#14051),#14055);
#14051 = LINE('',#14052,#14053);
#14052 = CARTESIAN_POINT('',(0.,-3.));
#14053 = VECTOR('',#14054,1.);
#14054 = DIRECTION('',(1.,0.));
#14055 = ( GEOMETRIC_REPRESENTATION_CONTEXT(2) 
PARAMETRIC_REPRESENTATION_CONTEXT() REPRESENTATION_CONTEXT('2D SPACE',''
  ) );
#14056 = PCURVE('',#11843,#14057);
#14057 = DEFINITIONAL_REPRESENTATION('',(#14058),#14062);
#14058 = LINE('',#14059,#14060);
#14059 = CARTESIAN_POINT('',(-0.966886086147,6.269372866281));
#14060 = VECTOR('',#14061,1.);
#14061 = DIRECTION('',(0.817806419301,0.575493406175));
#14062 = ( GEOMETRIC_REPRESENTATION_CONTEXT(2) 
PARAMETRIC_REPRESENTATION_CONTEXT() REPRESENTATION_CONTEXT('2D SPACE',''
  ) );
#14063 = ORIENTED_EDGE('',*,*,#14064,.F.);
#14064 = EDGE_CURVE('',#14065,#14042,#14067,.T.);
#14065 = VERTEX_POINT('',#14066);
#14066 = CARTESIAN_POINT('',(114.2510460251,25.456066945607,0.));
#14067 = SURFACE_CURVE('',#14068,(#14072,#14079),.PCURVE_S1.);
#14068 = LINE('',#14069,#14070);
#14069 = CARTESIAN_POINT('',(114.2510460251,25.456066945607,0.));
#14070 = VECTOR('',#14071,1.);
#14071 = DIRECTION('',(0.,0.,1.));
#14072 = PCURVE('',#14004,#14073);
#14073 = DEFINITIONAL_REPRESENTATION('',(#14074),#14078);
#14074 = LINE('',#14075,#14076);
#14075 = CARTESIAN_POINT('',(2.486496504987,0.));
#14076 = VECTOR('',#14077,1.);
#14077 = DIRECTION('',(0.,-1.));
#14078 = ( GEOMETRIC_REPRESENTATION_CONTEXT(2) 
PARAMETRIC_REPRESENTATION_CONTEXT() REPRESENTATION_CONTEXT('2D SPACE',''
  ) );
#14079 = PCURVE('',#14080,#14085);
#14080 = PLANE('',#14081);
#14081 = AXIS2_PLACEMENT_3D('',#14082,#14083,#14084);
#14082 = CARTESIAN_POINT('',(114.2510460251,25.456066945607,0.));
#14083 = DIRECTION('',(-0.270745576918,0.962650940154,0.));
#14084 = DIRECTION('',(0.962650940154,0.270745576918,0.));
#14085 = DEFINITIONAL_REPRESENTATION('',(#14086),#14090);
#14086 = LINE('',#14087,#14088);
#14087 = CARTESIAN_POINT('',(0.,0.));
#14088 = VECTOR('',#14089,1.);
#14089 = DIRECTION('',(0.,-1.));
#14090 = ( GEOMETRIC_REPRESENTATION_CONTEXT(2) 
PARAMETRIC_REPRESENTATION_CONTEXT() REPRESENTATION_CONTEXT('2D SPACE',''
  ) );
#14091 = ORIENTED_EDGE('',*,*,#14092,.F.);
#14092 = EDGE_CURVE('',#13989,#14065,#14093,.T.);
#14093 = SURFACE_CURVE('',#14094,(#14098,#14105),.PCURVE_S1.);
#14094 = LINE('',#14095,#14096);
#14095 = CARTESIAN_POINT('',(112.21757322175,24.02510460251,0.));
#14096 = VECTOR('',#14097,1.);
#14097 = DIRECTION('',(0.817806419301,0.575493406175,0.));
#14098 = PCURVE('',#14004,#14099);
#14099 = DEFINITIONAL_REPRESENTATION('',(#14100),#14104);
#14100 = LINE('',#14101,#14102);
#14101 = CARTESIAN_POINT('',(0.,0.));
#14102 = VECTOR('',#14103,1.);
#14103 = DIRECTION('',(1.,0.));
#14104 = ( GEOMETRIC_REPRESENTATION_CONTEXT(2) 
PARAMETRIC_REPRESENTATION_CONTEXT() REPRESENTATION_CONTEXT('2D SPACE',''
  ) );
#14105 = PCURVE('',#11897,#14106);
#14106 = DEFINITIONAL_REPRESENTATION('',(#14107),#14111);
#14107 = LINE('',#14108,#14109);
#14108 = CARTESIAN_POINT('',(-0.966886086147,6.269372866281));
#14109 = VECTOR('',#14110,1.);
#14110 = DIRECTION('',(0.817806419301,0.575493406175));
#14111 = ( GEOMETRIC_REPRESENTATION_CONTEXT(2) 
PARAMETRIC_REPRESENTATION_CONTEXT() REPRESENTATION_CONTEXT('2D SPACE',''
  ) );
#14112 = ADVANCED_FACE('',(#14113),#14080,.F.);
#14113 = FACE_BOUND('',#14114,.F.);
#14114 = EDGE_LOOP('',(#14115,#14116,#14139,#14167));
#14115 = ORIENTED_EDGE('',*,*,#14064,.T.);
#14116 = ORIENTED_EDGE('',*,*,#14117,.T.);
#14117 = EDGE_CURVE('',#14042,#14118,#14120,.T.);
#14118 = VERTEX_POINT('',#14119);
#14119 = CARTESIAN_POINT('',(116.6610878661,26.133891213389,3.));
#14120 = SURFACE_CURVE('',#14121,(#14125,#14132),.PCURVE_S1.);
#14121 = LINE('',#14122,#14123);
#14122 = CARTESIAN_POINT('',(114.2510460251,25.456066945607,3.));
#14123 = VECTOR('',#14124,1.);
#14124 = DIRECTION('',(0.962650940154,0.270745576918,0.));
#14125 = PCURVE('',#14080,#14126);
#14126 = DEFINITIONAL_REPRESENTATION('',(#14127),#14131);
#14127 = LINE('',#14128,#14129);
#14128 = CARTESIAN_POINT('',(0.,-3.));
#14129 = VECTOR('',#14130,1.);
#14130 = DIRECTION('',(1.,0.));
#14131 = ( GEOMETRIC_REPRESENTATION_CONTEXT(2) 
PARAMETRIC_REPRESENTATION_CONTEXT() REPRESENTATION_CONTEXT('2D SPACE',''
  ) );
#14132 = PCURVE('',#11843,#14133);
#14133 = DEFINITIONAL_REPRESENTATION('',(#14134),#14138);
#14134 = LINE('',#14135,#14136);
#14135 = CARTESIAN_POINT('',(1.0665867172,7.700335209378));
#14136 = VECTOR('',#14137,1.);
#14137 = DIRECTION('',(0.962650940154,0.270745576918));
#14138 = ( GEOMETRIC_REPRESENTATION_CONTEXT(2) 
PARAMETRIC_REPRESENTATION_CONTEXT() REPRESENTATION_CONTEXT('2D SPACE',''
  ) );
#14139 = ORIENTED_EDGE('',*,*,#14140,.F.);
#14140 = EDGE_CURVE('',#14141,#14118,#14143,.T.);
#14141 = VERTEX_POINT('',#14142);
#14142 = CARTESIAN_POINT('',(116.6610878661,26.133891213389,0.));
#14143 = SURFACE_CURVE('',#14144,(#14148,#14155),.PCURVE_S1.);
#14144 = LINE('',#14145,#14146);
#14145 = CARTESIAN_POINT('',(116.6610878661,26.133891213389,0.));
#14146 = VECTOR('',#14147,1.);
#14147 = DIRECTION('',(0.,0.,1.));
#14148 = PCURVE('',#14080,#14149);
#14149 = DEFINITIONAL_REPRESENTATION('',(#14150),#14154);
#14150 = LINE('',#14151,#14152);
#14151 = CARTESIAN_POINT('',(2.503546966483,0.));
#14152 = VECTOR('',#14153,1.);
#14153 = DIRECTION('',(0.,-1.));
#14154 = ( GEOMETRIC_REPRESENTATION_CONTEXT(2) 
PARAMETRIC_REPRESENTATION_CONTEXT() REPRESENTATION_CONTEXT('2D SPACE',''
  ) );
#14155 = PCURVE('',#14156,#14161);
#14156 = PLANE('',#14157);
#14157 = AXIS2_PLACEMENT_3D('',#14158,#14159,#14160);
#14158 = CARTESIAN_POINT('',(116.6610878661,26.133891213389,0.));
#14159 = DIRECTION('',(0.,1.,0.));
#14160 = DIRECTION('',(1.,0.,0.));
#14161 = DEFINITIONAL_REPRESENTATION('',(#14162),#14166);
#14162 = LINE('',#14163,#14164);
#14163 = CARTESIAN_POINT('',(0.,0.));
#14164 = VECTOR('',#14165,1.);
#14165 = DIRECTION('',(0.,-1.));
#14166 = ( GEOMETRIC_REPRESENTATION_CONTEXT(2) 
PARAMETRIC_REPRESENTATION_CONTEXT() REPRESENTATION_CONTEXT('2D SPACE',''
  ) );
#14167 = ORIENTED_EDGE('',*,*,#14168,.F.);
#14168 = EDGE_CURVE('',#14065,#14141,#14169,.T.);
#14169 = SURFACE_CURVE('',#14170,(#14174,#14181),.PCURVE_S1.);
#14170 = LINE('',#14171,#14172);
#14171 = CARTESIAN_POINT('',(114.2510460251,25.456066945607,0.));
#14172 = VECTOR('',#14173,1.);
#14173 = DIRECTION('',(0.962650940154,0.270745576918,0.));
#14174 = PCURVE('',#14080,#14175);
#14175 = DEFINITIONAL_REPRESENTATION('',(#14176),#14180);
#14176 = LINE('',#14177,#14178);
#14177 = CARTESIAN_POINT('',(0.,0.));
#14178 = VECTOR('',#14179,1.);
#14179 = DIRECTION('',(1.,0.));
#14180 = ( GEOMETRIC_REPRESENTATION_CONTEXT(2) 
PARAMETRIC_REPRESENTATION_CONTEXT() REPRESENTATION_CONTEXT('2D SPACE',''
  ) );
#14181 = PCURVE('',#11897,#14182);
#14182 = DEFINITIONAL_REPRESENTATION('',(#14183),#14187);
#14183 = LINE('',#14184,#14185);
#14184 = CARTESIAN_POINT('',(1.0665867172,7.700335209378));
#14185 = VECTOR('',#14186,1.);
#14186 = DIRECTION('',(0.962650940154,0.270745576918));
#14187 = ( GEOMETRIC_REPRESENTATION_CONTEXT(2) 
PARAMETRIC_REPRESENTATION_CONTEXT() REPRESENTATION_CONTEXT('2D SPACE',''
  ) );
#14188 = ADVANCED_FACE('',(#14189),#14156,.F.);
#14189 = FACE_BOUND('',#14190,.F.);
#14190 = EDGE_LOOP('',(#14191,#14192,#14215,#14243));
#14191 = ORIENTED_EDGE('',*,*,#14140,.T.);
#14192 = ORIENTED_EDGE('',*,*,#14193,.T.);
#14193 = EDGE_CURVE('',#14118,#14194,#14196,.T.);
#14194 = VERTEX_POINT('',#14195);
#14195 = CARTESIAN_POINT('',(121.25523012552,26.133891213389,3.));
#14196 = SURFACE_CURVE('',#14197,(#14201,#14208),.PCURVE_S1.);
#14197 = LINE('',#14198,#14199);
#14198 = CARTESIAN_POINT('',(116.6610878661,26.133891213389,3.));
#14199 = VECTOR('',#14200,1.);
#14200 = DIRECTION('',(1.,0.,0.));
#14201 = PCURVE('',#14156,#14202);
#14202 = DEFINITIONAL_REPRESENTATION('',(#14203),#14207);
#14203 = LINE('',#14204,#14205);
#14204 = CARTESIAN_POINT('',(0.,-3.));
#14205 = VECTOR('',#14206,1.);
#14206 = DIRECTION('',(1.,0.));
#14207 = ( GEOMETRIC_REPRESENTATION_CONTEXT(2) 
PARAMETRIC_REPRESENTATION_CONTEXT() REPRESENTATION_CONTEXT('2D SPACE',''
  ) );
#14208 = PCURVE('',#11843,#14209);
#14209 = DEFINITIONAL_REPRESENTATION('',(#14210),#14214);
#14210 = LINE('',#14211,#14212);
#14211 = CARTESIAN_POINT('',(3.476628558204,8.37815947716));
#14212 = VECTOR('',#14213,1.);
#14213 = DIRECTION('',(1.,0.));
#14214 = ( GEOMETRIC_REPRESENTATION_CONTEXT(2) 
PARAMETRIC_REPRESENTATION_CONTEXT() REPRESENTATION_CONTEXT('2D SPACE',''
  ) );
#14215 = ORIENTED_EDGE('',*,*,#14216,.F.);
#14216 = EDGE_CURVE('',#14217,#14194,#14219,.T.);
#14217 = VERTEX_POINT('',#14218);
#14218 = CARTESIAN_POINT('',(121.25523012552,26.133891213389,0.));
#14219 = SURFACE_CURVE('',#14220,(#14224,#14231),.PCURVE_S1.);
#14220 = LINE('',#14221,#14222);
#14221 = CARTESIAN_POINT('',(121.25523012552,26.133891213389,0.));
#14222 = VECTOR('',#14223,1.);
#14223 = DIRECTION('',(0.,0.,1.));
#14224 = PCURVE('',#14156,#14225);
#14225 = DEFINITIONAL_REPRESENTATION('',(#14226),#14230);
#14226 = LINE('',#14227,#14228);
#14227 = CARTESIAN_POINT('',(4.594142259414,0.));
#14228 = VECTOR('',#14229,1.);
#14229 = DIRECTION('',(0.,-1.));
#14230 = ( GEOMETRIC_REPRESENTATION_CONTEXT(2) 
PARAMETRIC_REPRESENTATION_CONTEXT() REPRESENTATION_CONTEXT('2D SPACE',''
  ) );
#14231 = PCURVE('',#14232,#14237);
#14232 = PLANE('',#14233);
#14233 = AXIS2_PLACEMENT_3D('',#14234,#14235,#14236);
#14234 = CARTESIAN_POINT('',(121.25523012552,26.133891213389,0.));
#14235 = DIRECTION('',(-0.419058177462,0.9079593845,0.));
#14236 = DIRECTION('',(0.9079593845,0.419058177462,0.));
#14237 = DEFINITIONAL_REPRESENTATION('',(#14238),#14242);
#14238 = LINE('',#14239,#14240);
#14239 = CARTESIAN_POINT('',(0.,0.));
#14240 = VECTOR('',#14241,1.);
#14241 = DIRECTION('',(0.,-1.));
#14242 = ( GEOMETRIC_REPRESENTATION_CONTEXT(2) 
PARAMETRIC_REPRESENTATION_CONTEXT() REPRESENTATION_CONTEXT('2D SPACE',''
  ) );
#14243 = ORIENTED_EDGE('',*,*,#14244,.F.);
#14244 = EDGE_CURVE('',#14141,#14217,#14245,.T.);
#14245 = SURFACE_CURVE('',#14246,(#14250,#14257),.PCURVE_S1.);
#14246 = LINE('',#14247,#14248);
#14247 = CARTESIAN_POINT('',(116.6610878661,26.133891213389,0.));
#14248 = VECTOR('',#14249,1.);
#14249 = DIRECTION('',(1.,0.,0.));
#14250 = PCURVE('',#14156,#14251);
#14251 = DEFINITIONAL_REPRESENTATION('',(#14252),#14256);
#14252 = LINE('',#14253,#14254);
#14253 = CARTESIAN_POINT('',(0.,0.));
#14254 = VECTOR('',#14255,1.);
#14255 = DIRECTION('',(1.,0.));
#14256 = ( GEOMETRIC_REPRESENTATION_CONTEXT(2) 
PARAMETRIC_REPRESENTATION_CONTEXT() REPRESENTATION_CONTEXT('2D SPACE',''
  ) );
#14257 = PCURVE('',#11897,#14258);
#14258 = DEFINITIONAL_REPRESENTATION('',(#14259),#14263);
#14259 = LINE('',#14260,#14261);
#14260 = CARTESIAN_POINT('',(3.476628558204,8.37815947716));
#14261 = VECTOR('',#14262,1.);
#14262 = DIRECTION('',(1.,0.));
#14263 = ( GEOMETRIC_REPRESENTATION_CONTEXT(2) 
PARAMETRIC_REPRESENTATION_CONTEXT() REPRESENTATION_CONTEXT('2D SPACE',''
  ) );
#14264 = ADVANCED_FACE('',(#14265),#14232,.F.);
#14265 = FACE_BOUND('',#14266,.F.);
#14266 = EDGE_LOOP('',(#14267,#14268,#14291,#14319));
#14267 = ORIENTED_EDGE('',*,*,#14216,.T.);
#14268 = ORIENTED_EDGE('',*,*,#14269,.T.);
#14269 = EDGE_CURVE('',#14194,#14270,#14272,.T.);
#14270 = VERTEX_POINT('',#14271);
#14271 = CARTESIAN_POINT('',(122.23430962343,26.585774058577,3.));
#14272 = SURFACE_CURVE('',#14273,(#14277,#14284),.PCURVE_S1.);
#14273 = LINE('',#14274,#14275);
#14274 = CARTESIAN_POINT('',(121.25523012552,26.133891213389,3.));
#14275 = VECTOR('',#14276,1.);
#14276 = DIRECTION('',(0.9079593845,0.419058177462,0.));
#14277 = PCURVE('',#14232,#14278);
#14278 = DEFINITIONAL_REPRESENTATION('',(#14279),#14283);
#14279 = LINE('',#14280,#14281);
#14280 = CARTESIAN_POINT('',(0.,-3.));
#14281 = VECTOR('',#14282,1.);
#14282 = DIRECTION('',(1.,0.));
#14283 = ( GEOMETRIC_REPRESENTATION_CONTEXT(2) 
PARAMETRIC_REPRESENTATION_CONTEXT() REPRESENTATION_CONTEXT('2D SPACE',''
  ) );
#14284 = PCURVE('',#11843,#14285);
#14285 = DEFINITIONAL_REPRESENTATION('',(#14286),#14290);
#14286 = LINE('',#14287,#14288);
#14287 = CARTESIAN_POINT('',(8.070770817619,8.37815947716));
#14288 = VECTOR('',#14289,1.);
#14289 = DIRECTION('',(0.9079593845,0.419058177462));
#14290 = ( GEOMETRIC_REPRESENTATION_CONTEXT(2) 
PARAMETRIC_REPRESENTATION_CONTEXT() REPRESENTATION_CONTEXT('2D SPACE',''
  ) );
#14291 = ORIENTED_EDGE('',*,*,#14292,.F.);
#14292 = EDGE_CURVE('',#14293,#14270,#14295,.T.);
#14293 = VERTEX_POINT('',#14294);
#14294 = CARTESIAN_POINT('',(122.23430962343,26.585774058577,0.));
#14295 = SURFACE_CURVE('',#14296,(#14300,#14307),.PCURVE_S1.);
#14296 = LINE('',#14297,#14298);
#14297 = CARTESIAN_POINT('',(122.23430962343,26.585774058577,0.));
#14298 = VECTOR('',#14299,1.);
#14299 = DIRECTION('',(0.,0.,1.));
#14300 = PCURVE('',#14232,#14301);
#14301 = DEFINITIONAL_REPRESENTATION('',(#14302),#14306);
#14302 = LINE('',#14303,#14304);
#14303 = CARTESIAN_POINT('',(1.078329619828,0.));
#14304 = VECTOR('',#14305,1.);
#14305 = DIRECTION('',(0.,-1.));
#14306 = ( GEOMETRIC_REPRESENTATION_CONTEXT(2) 
PARAMETRIC_REPRESENTATION_CONTEXT() REPRESENTATION_CONTEXT('2D SPACE',''
  ) );
#14307 = PCURVE('',#14308,#14313);
#14308 = PLANE('',#14309);
#14309 = AXIS2_PLACEMENT_3D('',#14310,#14311,#14312);
#14310 = CARTESIAN_POINT('',(122.23430962343,26.585774058577,0.));
#14311 = DIRECTION('',(-1.,0.,0.));
#14312 = DIRECTION('',(0.,1.,0.));
#14313 = DEFINITIONAL_REPRESENTATION('',(#14314),#14318);
#14314 = LINE('',#14315,#14316);
#14315 = CARTESIAN_POINT('',(0.,0.));
#14316 = VECTOR('',#14317,1.);
#14317 = DIRECTION('',(0.,-1.));
#14318 = ( GEOMETRIC_REPRESENTATION_CONTEXT(2) 
PARAMETRIC_REPRESENTATION_CONTEXT() REPRESENTATION_CONTEXT('2D SPACE',''
  ) );
#14319 = ORIENTED_EDGE('',*,*,#14320,.F.);
#14320 = EDGE_CURVE('',#14217,#14293,#14321,.T.);
#14321 = SURFACE_CURVE('',#14322,(#14326,#14333),.PCURVE_S1.);
#14322 = LINE('',#14323,#14324);
#14323 = CARTESIAN_POINT('',(121.25523012552,26.133891213389,0.));
#14324 = VECTOR('',#14325,1.);
#14325 = DIRECTION('',(0.9079593845,0.419058177462,0.));
#14326 = PCURVE('',#14232,#14327);
#14327 = DEFINITIONAL_REPRESENTATION('',(#14328),#14332);
#14328 = LINE('',#14329,#14330);
#14329 = CARTESIAN_POINT('',(0.,0.));
#14330 = VECTOR('',#14331,1.);
#14331 = DIRECTION('',(1.,0.));
#14332 = ( GEOMETRIC_REPRESENTATION_CONTEXT(2) 
PARAMETRIC_REPRESENTATION_CONTEXT() REPRESENTATION_CONTEXT('2D SPACE',''
  ) );
#14333 = PCURVE('',#11897,#14334);
#14334 = DEFINITIONAL_REPRESENTATION('',(#14335),#14339);
#14335 = LINE('',#14336,#14337);
#14336 = CARTESIAN_POINT('',(8.070770817619,8.37815947716));
#14337 = VECTOR('',#14338,1.);
#14338 = DIRECTION('',(0.9079593845,0.419058177462));
#14339 = ( GEOMETRIC_REPRESENTATION_CONTEXT(2) 
PARAMETRIC_REPRESENTATION_CONTEXT() REPRESENTATION_CONTEXT('2D SPACE',''
  ) );
#14340 = ADVANCED_FACE('',(#14341),#14308,.F.);
#14341 = FACE_BOUND('',#14342,.F.);
#14342 = EDGE_LOOP('',(#14343,#14344,#14367,#14395));
#14343 = ORIENTED_EDGE('',*,*,#14292,.T.);
#14344 = ORIENTED_EDGE('',*,*,#14345,.T.);
#14345 = EDGE_CURVE('',#14270,#14346,#14348,.T.);
#14346 = VERTEX_POINT('',#14347);
#14347 = CARTESIAN_POINT('',(122.23430962343,34.870292887029,3.));
#14348 = SURFACE_CURVE('',#14349,(#14353,#14360),.PCURVE_S1.);
#14349 = LINE('',#14350,#14351);
#14350 = CARTESIAN_POINT('',(122.23430962343,26.585774058577,3.));
#14351 = VECTOR('',#14352,1.);
#14352 = DIRECTION('',(0.,1.,0.));
#14353 = PCURVE('',#14308,#14354);
#14354 = DEFINITIONAL_REPRESENTATION('',(#14355),#14359);
#14355 = LINE('',#14356,#14357);
#14356 = CARTESIAN_POINT('',(0.,-3.));
#14357 = VECTOR('',#14358,1.);
#14358 = DIRECTION('',(1.,0.));
#14359 = ( GEOMETRIC_REPRESENTATION_CONTEXT(2) 
PARAMETRIC_REPRESENTATION_CONTEXT() REPRESENTATION_CONTEXT('2D SPACE',''
  ) );
#14360 = PCURVE('',#11843,#14361);
#14361 = DEFINITIONAL_REPRESENTATION('',(#14362),#14366);
#14362 = LINE('',#14363,#14364);
#14363 = CARTESIAN_POINT('',(9.049850315527,8.830042322348));
#14364 = VECTOR('',#14365,1.);
#14365 = DIRECTION('',(0.,1.));
#14366 = ( GEOMETRIC_REPRESENTATION_CONTEXT(2) 
PARAMETRIC_REPRESENTATION_CONTEXT() REPRESENTATION_CONTEXT('2D SPACE',''
  ) );
#14367 = ORIENTED_EDGE('',*,*,#14368,.F.);
#14368 = EDGE_CURVE('',#14369,#14346,#14371,.T.);
#14369 = VERTEX_POINT('',#14370);
#14370 = CARTESIAN_POINT('',(122.23430962343,34.870292887029,0.));
#14371 = SURFACE_CURVE('',#14372,(#14376,#14383),.PCURVE_S1.);
#14372 = LINE('',#14373,#14374);
#14373 = CARTESIAN_POINT('',(122.23430962343,34.870292887029,0.));
#14374 = VECTOR('',#14375,1.);
#14375 = DIRECTION('',(0.,0.,1.));
#14376 = PCURVE('',#14308,#14377);
#14377 = DEFINITIONAL_REPRESENTATION('',(#14378),#14382);
#14378 = LINE('',#14379,#14380);
#14379 = CARTESIAN_POINT('',(8.284518828452,0.));
#14380 = VECTOR('',#14381,1.);
#14381 = DIRECTION('',(0.,-1.));
#14382 = ( GEOMETRIC_REPRESENTATION_CONTEXT(2) 
PARAMETRIC_REPRESENTATION_CONTEXT() REPRESENTATION_CONTEXT('2D SPACE',''
  ) );
#14383 = PCURVE('',#14384,#14389);
#14384 = PLANE('',#14385);
#14385 = AXIS2_PLACEMENT_3D('',#14386,#14387,#14388);
#14386 = CARTESIAN_POINT('',(122.23430962343,34.870292887029,0.));
#14387 = DIRECTION('',(-0.624695047554,-0.780868809443,0.));
#14388 = DIRECTION('',(-0.780868809443,0.624695047554,0.));
#14389 = DEFINITIONAL_REPRESENTATION('',(#14390),#14394);
#14390 = LINE('',#14391,#14392);
#14391 = CARTESIAN_POINT('',(0.,0.));
#14392 = VECTOR('',#14393,1.);
#14393 = DIRECTION('',(0.,-1.));
#14394 = ( GEOMETRIC_REPRESENTATION_CONTEXT(2) 
PARAMETRIC_REPRESENTATION_CONTEXT() REPRESENTATION_CONTEXT('2D SPACE',''
  ) );
#14395 = ORIENTED_EDGE('',*,*,#14396,.F.);
#14396 = EDGE_CURVE('',#14293,#14369,#14397,.T.);
#14397 = SURFACE_CURVE('',#14398,(#14402,#14409),.PCURVE_S1.);
#14398 = LINE('',#14399,#14400);
#14399 = CARTESIAN_POINT('',(122.23430962343,26.585774058577,0.));
#14400 = VECTOR('',#14401,1.);
#14401 = DIRECTION('',(0.,1.,0.));
#14402 = PCURVE('',#14308,#14403);
#14403 = DEFINITIONAL_REPRESENTATION('',(#14404),#14408);
#14404 = LINE('',#14405,#14406);
#14405 = CARTESIAN_POINT('',(0.,0.));
#14406 = VECTOR('',#14407,1.);
#14407 = DIRECTION('',(1.,0.));
#14408 = ( GEOMETRIC_REPRESENTATION_CONTEXT(2) 
PARAMETRIC_REPRESENTATION_CONTEXT() REPRESENTATION_CONTEXT('2D SPACE',''
  ) );
#14409 = PCURVE('',#11897,#14410);
#14410 = DEFINITIONAL_REPRESENTATION('',(#14411),#14415);
#14411 = LINE('',#14412,#14413);
#14412 = CARTESIAN_POINT('',(9.049850315527,8.830042322348));
#14413 = VECTOR('',#14414,1.);
#14414 = DIRECTION('',(0.,1.));
#14415 = ( GEOMETRIC_REPRESENTATION_CONTEXT(2) 
PARAMETRIC_REPRESENTATION_CONTEXT() REPRESENTATION_CONTEXT('2D SPACE',''
  ) );
#14416 = ADVANCED_FACE('',(#14417),#14384,.F.);
#14417 = FACE_BOUND('',#14418,.F.);
#14418 = EDGE_LOOP('',(#14419,#14420,#14443,#14471));
#14419 = ORIENTED_EDGE('',*,*,#14368,.T.);
#14420 = ORIENTED_EDGE('',*,*,#14421,.T.);
#14421 = EDGE_CURVE('',#14346,#14422,#14424,.T.);
#14422 = VERTEX_POINT('',#14423);
#14423 = CARTESIAN_POINT('',(121.48117154811,35.47280334728,3.));
#14424 = SURFACE_CURVE('',#14425,(#14429,#14436),.PCURVE_S1.);
#14425 = LINE('',#14426,#14427);
#14426 = CARTESIAN_POINT('',(122.23430962343,34.870292887029,3.));
#14427 = VECTOR('',#14428,1.);
#14428 = DIRECTION('',(-0.780868809443,0.624695047554,0.));
#14429 = PCURVE('',#14384,#14430);
#14430 = DEFINITIONAL_REPRESENTATION('',(#14431),#14435);
#14431 = LINE('',#14432,#14433);
#14432 = CARTESIAN_POINT('',(0.,-3.));
#14433 = VECTOR('',#14434,1.);
#14434 = DIRECTION('',(1.,0.));
#14435 = ( GEOMETRIC_REPRESENTATION_CONTEXT(2) 
PARAMETRIC_REPRESENTATION_CONTEXT() REPRESENTATION_CONTEXT('2D SPACE',''
  ) );
#14436 = PCURVE('',#11843,#14437);
#14437 = DEFINITIONAL_REPRESENTATION('',(#14438),#14442);
#14438 = LINE('',#14439,#14440);
#14439 = CARTESIAN_POINT('',(9.049850315527,17.1145611508));
#14440 = VECTOR('',#14441,1.);
#14441 = DIRECTION('',(-0.780868809443,0.624695047554));
#14442 = ( GEOMETRIC_REPRESENTATION_CONTEXT(2) 
PARAMETRIC_REPRESENTATION_CONTEXT() REPRESENTATION_CONTEXT('2D SPACE',''
  ) );
#14443 = ORIENTED_EDGE('',*,*,#14444,.F.);
#14444 = EDGE_CURVE('',#14445,#14422,#14447,.T.);
#14445 = VERTEX_POINT('',#14446);
#14446 = CARTESIAN_POINT('',(121.48117154811,35.47280334728,0.));
#14447 = SURFACE_CURVE('',#14448,(#14452,#14459),.PCURVE_S1.);
#14448 = LINE('',#14449,#14450);
#14449 = CARTESIAN_POINT('',(121.48117154811,35.47280334728,0.));
#14450 = VECTOR('',#14451,1.);
#14451 = DIRECTION('',(0.,0.,1.));
#14452 = PCURVE('',#14384,#14453);
#14453 = DEFINITIONAL_REPRESENTATION('',(#14454),#14458);
#14454 = LINE('',#14455,#14456);
#14455 = CARTESIAN_POINT('',(0.964487332835,0.));
#14456 = VECTOR('',#14457,1.);
#14457 = DIRECTION('',(0.,-1.));
#14458 = ( GEOMETRIC_REPRESENTATION_CONTEXT(2) 
PARAMETRIC_REPRESENTATION_CONTEXT() REPRESENTATION_CONTEXT('2D SPACE',''
  ) );
#14459 = PCURVE('',#14460,#14465);
#14460 = PLANE('',#14461);
#14461 = AXIS2_PLACEMENT_3D('',#14462,#14463,#14464);
#14462 = CARTESIAN_POINT('',(121.48117154811,35.47280334728,0.));
#14463 = DIRECTION('',(0.,-1.,0.));
#14464 = DIRECTION('',(-1.,0.,0.));
#14465 = DEFINITIONAL_REPRESENTATION('',(#14466),#14470);
#14466 = LINE('',#14467,#14468);
#14467 = CARTESIAN_POINT('',(0.,-0.));
#14468 = VECTOR('',#14469,1.);
#14469 = DIRECTION('',(0.,-1.));
#14470 = ( GEOMETRIC_REPRESENTATION_CONTEXT(2) 
PARAMETRIC_REPRESENTATION_CONTEXT() REPRESENTATION_CONTEXT('2D SPACE',''
  ) );
#14471 = ORIENTED_EDGE('',*,*,#14472,.F.);
#14472 = EDGE_CURVE('',#14369,#14445,#14473,.T.);
#14473 = SURFACE_CURVE('',#14474,(#14478,#14485),.PCURVE_S1.);
#14474 = LINE('',#14475,#14476);
#14475 = CARTESIAN_POINT('',(122.23430962343,34.870292887029,0.));
#14476 = VECTOR('',#14477,1.);
#14477 = DIRECTION('',(-0.780868809443,0.624695047554,0.));
#14478 = PCURVE('',#14384,#14479);
#14479 = DEFINITIONAL_REPRESENTATION('',(#14480),#14484);
#14480 = LINE('',#14481,#14482);
#14481 = CARTESIAN_POINT('',(0.,0.));
#14482 = VECTOR('',#14483,1.);
#14483 = DIRECTION('',(1.,0.));
#14484 = ( GEOMETRIC_REPRESENTATION_CONTEXT(2) 
PARAMETRIC_REPRESENTATION_CONTEXT() REPRESENTATION_CONTEXT('2D SPACE',''
  ) );
#14485 = PCURVE('',#11897,#14486);
#14486 = DEFINITIONAL_REPRESENTATION('',(#14487),#14491);
#14487 = LINE('',#14488,#14489);
#14488 = CARTESIAN_POINT('',(9.049850315527,17.1145611508));
#14489 = VECTOR('',#14490,1.);
#14490 = DIRECTION('',(-0.780868809443,0.624695047554));
#14491 = ( GEOMETRIC_REPRESENTATION_CONTEXT(2) 
PARAMETRIC_REPRESENTATION_CONTEXT() REPRESENTATION_CONTEXT('2D SPACE',''
  ) );
#14492 = ADVANCED_FACE('',(#14493),#14460,.F.);
#14493 = FACE_BOUND('',#14494,.F.);
#14494 = EDGE_LOOP('',(#14495,#14496,#14519,#14547));
#14495 = ORIENTED_EDGE('',*,*,#14444,.T.);
#14496 = ORIENTED_EDGE('',*,*,#14497,.T.);
#14497 = EDGE_CURVE('',#14422,#14498,#14500,.T.);
#14498 = VERTEX_POINT('',#14499);
#14499 = CARTESIAN_POINT('',(115.30543933054,35.47280334728,3.));
#14500 = SURFACE_CURVE('',#14501,(#14505,#14512),.PCURVE_S1.);
#14501 = LINE('',#14502,#14503);
#14502 = CARTESIAN_POINT('',(121.48117154811,35.47280334728,3.));
#14503 = VECTOR('',#14504,1.);
#14504 = DIRECTION('',(-1.,0.,0.));
#14505 = PCURVE('',#14460,#14506);
#14506 = DEFINITIONAL_REPRESENTATION('',(#14507),#14511);
#14507 = LINE('',#14508,#14509);
#14508 = CARTESIAN_POINT('',(0.,-3.));
#14509 = VECTOR('',#14510,1.);
#14510 = DIRECTION('',(1.,0.));
#14511 = ( GEOMETRIC_REPRESENTATION_CONTEXT(2) 
PARAMETRIC_REPRESENTATION_CONTEXT() REPRESENTATION_CONTEXT('2D SPACE',''
  ) );
#14512 = PCURVE('',#11843,#14513);
#14513 = DEFINITIONAL_REPRESENTATION('',(#14514),#14518);
#14514 = LINE('',#14515,#14516);
#14515 = CARTESIAN_POINT('',(8.296712240213,17.717071611051));
#14516 = VECTOR('',#14517,1.);
#14517 = DIRECTION('',(-1.,0.));
#14518 = ( GEOMETRIC_REPRESENTATION_CONTEXT(2) 
PARAMETRIC_REPRESENTATION_CONTEXT() REPRESENTATION_CONTEXT('2D SPACE',''
  ) );
#14519 = ORIENTED_EDGE('',*,*,#14520,.F.);
#14520 = EDGE_CURVE('',#14521,#14498,#14523,.T.);
#14521 = VERTEX_POINT('',#14522);
#14522 = CARTESIAN_POINT('',(115.30543933054,35.47280334728,0.));
#14523 = SURFACE_CURVE('',#14524,(#14528,#14535),.PCURVE_S1.);
#14524 = LINE('',#14525,#14526);
#14525 = CARTESIAN_POINT('',(115.30543933054,35.47280334728,0.));
#14526 = VECTOR('',#14527,1.);
#14527 = DIRECTION('',(0.,0.,1.));
#14528 = PCURVE('',#14460,#14529);
#14529 = DEFINITIONAL_REPRESENTATION('',(#14530),#14534);
#14530 = LINE('',#14531,#14532);
#14531 = CARTESIAN_POINT('',(6.175732217573,0.));
#14532 = VECTOR('',#14533,1.);
#14533 = DIRECTION('',(0.,-1.));
#14534 = ( GEOMETRIC_REPRESENTATION_CONTEXT(2) 
PARAMETRIC_REPRESENTATION_CONTEXT() REPRESENTATION_CONTEXT('2D SPACE',''
  ) );
#14535 = PCURVE('',#14536,#14541);
#14536 = PLANE('',#14537);
#14537 = AXIS2_PLACEMENT_3D('',#14538,#14539,#14540);
#14538 = CARTESIAN_POINT('',(115.30543933054,35.47280334728,0.));
#14539 = DIRECTION('',(0.112909688044,-0.99360525479,0.));
#14540 = DIRECTION('',(-0.99360525479,-0.112909688044,0.));
#14541 = DEFINITIONAL_REPRESENTATION('',(#14542),#14546);
#14542 = LINE('',#14543,#14544);
#14543 = CARTESIAN_POINT('',(0.,0.));
#14544 = VECTOR('',#14545,1.);
#14545 = DIRECTION('',(0.,-1.));
#14546 = ( GEOMETRIC_REPRESENTATION_CONTEXT(2) 
PARAMETRIC_REPRESENTATION_CONTEXT() REPRESENTATION_CONTEXT('2D SPACE',''
  ) );
#14547 = ORIENTED_EDGE('',*,*,#14548,.F.);
#14548 = EDGE_CURVE('',#14445,#14521,#14549,.T.);
#14549 = SURFACE_CURVE('',#14550,(#14554,#14561),.PCURVE_S1.);
#14550 = LINE('',#14551,#14552);
#14551 = CARTESIAN_POINT('',(121.48117154811,35.47280334728,0.));
#14552 = VECTOR('',#14553,1.);
#14553 = DIRECTION('',(-1.,0.,0.));
#14554 = PCURVE('',#14460,#14555);
#14555 = DEFINITIONAL_REPRESENTATION('',(#14556),#14560);
#14556 = LINE('',#14557,#14558);
#14557 = CARTESIAN_POINT('',(0.,-0.));
#14558 = VECTOR('',#14559,1.);
#14559 = DIRECTION('',(1.,0.));
#14560 = ( GEOMETRIC_REPRESENTATION_CONTEXT(2) 
PARAMETRIC_REPRESENTATION_CONTEXT() REPRESENTATION_CONTEXT('2D SPACE',''
  ) );
#14561 = PCURVE('',#11897,#14562);
#14562 = DEFINITIONAL_REPRESENTATION('',(#14563),#14567);
#14563 = LINE('',#14564,#14565);
#14564 = CARTESIAN_POINT('',(8.296712240213,17.717071611051));
#14565 = VECTOR('',#14566,1.);
#14566 = DIRECTION('',(-1.,0.));
#14567 = ( GEOMETRIC_REPRESENTATION_CONTEXT(2) 
PARAMETRIC_REPRESENTATION_CONTEXT() REPRESENTATION_CONTEXT('2D SPACE',''
  ) );
#14568 = ADVANCED_FACE('',(#14569),#14536,.F.);
#14569 = FACE_BOUND('',#14570,.F.);
#14570 = EDGE_LOOP('',(#14571,#14572,#14595,#14618));
#14571 = ORIENTED_EDGE('',*,*,#14520,.T.);
#14572 = ORIENTED_EDGE('',*,*,#14573,.T.);
#14573 = EDGE_CURVE('',#14498,#14574,#14576,.T.);
#14574 = VERTEX_POINT('',#14575);
#14575 = CARTESIAN_POINT('',(111.99163179916,35.096234309623,3.));
#14576 = SURFACE_CURVE('',#14577,(#14581,#14588),.PCURVE_S1.);
#14577 = LINE('',#14578,#14579);
#14578 = CARTESIAN_POINT('',(115.30543933054,35.47280334728,3.));
#14579 = VECTOR('',#14580,1.);
#14580 = DIRECTION('',(-0.99360525479,-0.112909688044,0.));
#14581 = PCURVE('',#14536,#14582);
#14582 = DEFINITIONAL_REPRESENTATION('',(#14583),#14587);
#14583 = LINE('',#14584,#14585);
#14584 = CARTESIAN_POINT('',(0.,-3.));
#14585 = VECTOR('',#14586,1.);
#14586 = DIRECTION('',(1.,0.));
#14587 = ( GEOMETRIC_REPRESENTATION_CONTEXT(2) 
PARAMETRIC_REPRESENTATION_CONTEXT() REPRESENTATION_CONTEXT('2D SPACE',''
  ) );
#14588 = PCURVE('',#11843,#14589);
#14589 = DEFINITIONAL_REPRESENTATION('',(#14590),#14594);
#14590 = LINE('',#14591,#14592);
#14591 = CARTESIAN_POINT('',(2.12098002264,17.717071611051));
#14592 = VECTOR('',#14593,1.);
#14593 = DIRECTION('',(-0.99360525479,-0.112909688044));
#14594 = ( GEOMETRIC_REPRESENTATION_CONTEXT(2) 
PARAMETRIC_REPRESENTATION_CONTEXT() REPRESENTATION_CONTEXT('2D SPACE',''
  ) );
#14595 = ORIENTED_EDGE('',*,*,#14596,.F.);
#14596 = EDGE_CURVE('',#14597,#14574,#14599,.T.);
#14597 = VERTEX_POINT('',#14598);
#14598 = CARTESIAN_POINT('',(111.99163179916,35.096234309623,0.));
#14599 = SURFACE_CURVE('',#14600,(#14604,#14611),.PCURVE_S1.);
#14600 = LINE('',#14601,#14602);
#14601 = CARTESIAN_POINT('',(111.99163179916,35.096234309623,0.));
#14602 = VECTOR('',#14603,1.);
#14603 = DIRECTION('',(0.,0.,1.));
#14604 = PCURVE('',#14536,#14605);
#14605 = DEFINITIONAL_REPRESENTATION('',(#14606),#14610);
#14606 = LINE('',#14607,#14608);
#14607 = CARTESIAN_POINT('',(3.335134869111,0.));
#14608 = VECTOR('',#14609,1.);
#14609 = DIRECTION('',(0.,-1.));
#14610 = ( GEOMETRIC_REPRESENTATION_CONTEXT(2) 
PARAMETRIC_REPRESENTATION_CONTEXT() REPRESENTATION_CONTEXT('2D SPACE',''
  ) );
#14611 = PCURVE('',#11815,#14612);
#14612 = DEFINITIONAL_REPRESENTATION('',(#14613),#14617);
#14613 = LINE('',#14614,#14615);
#14614 = CARTESIAN_POINT('',(0.,0.));
#14615 = VECTOR('',#14616,1.);
#14616 = DIRECTION('',(0.,-1.));
#14617 = ( GEOMETRIC_REPRESENTATION_CONTEXT(2) 
PARAMETRIC_REPRESENTATION_CONTEXT() REPRESENTATION_CONTEXT('2D SPACE',''
  ) );
#14618 = ORIENTED_EDGE('',*,*,#14619,.F.);
#14619 = EDGE_CURVE('',#14521,#14597,#14620,.T.);
#14620 = SURFACE_CURVE('',#14621,(#14625,#14632),.PCURVE_S1.);
#14621 = LINE('',#14622,#14623);
#14622 = CARTESIAN_POINT('',(115.30543933054,35.47280334728,0.));
#14623 = VECTOR('',#14624,1.);
#14624 = DIRECTION('',(-0.99360525479,-0.112909688044,0.));
#14625 = PCURVE('',#14536,#14626);
#14626 = DEFINITIONAL_REPRESENTATION('',(#14627),#14631);
#14627 = LINE('',#14628,#14629);
#14628 = CARTESIAN_POINT('',(0.,0.));
#14629 = VECTOR('',#14630,1.);
#14630 = DIRECTION('',(1.,0.));
#14631 = ( GEOMETRIC_REPRESENTATION_CONTEXT(2) 
PARAMETRIC_REPRESENTATION_CONTEXT() REPRESENTATION_CONTEXT('2D SPACE',''
  ) );
#14632 = PCURVE('',#11897,#14633);
#14633 = DEFINITIONAL_REPRESENTATION('',(#14634),#14638);
#14634 = LINE('',#14635,#14636);
#14635 = CARTESIAN_POINT('',(2.12098002264,17.717071611051));
#14636 = VECTOR('',#14637,1.);
#14637 = DIRECTION('',(-0.99360525479,-0.112909688044));
#14638 = ( GEOMETRIC_REPRESENTATION_CONTEXT(2) 
PARAMETRIC_REPRESENTATION_CONTEXT() REPRESENTATION_CONTEXT('2D SPACE',''
  ) );
#14639 = ADVANCED_FACE('',(#14640),#11815,.F.);
#14640 = FACE_BOUND('',#14641,.F.);
#14641 = EDGE_LOOP('',(#14642,#14643,#14664,#14665));
#14642 = ORIENTED_EDGE('',*,*,#14596,.T.);
#14643 = ORIENTED_EDGE('',*,*,#14644,.T.);
#14644 = EDGE_CURVE('',#14574,#11795,#14645,.T.);
#14645 = SURFACE_CURVE('',#14646,(#14650,#14657),.PCURVE_S1.);
#14646 = LINE('',#14647,#14648);
#14647 = CARTESIAN_POINT('',(111.99163179916,35.096234309623,3.));
#14648 = VECTOR('',#14649,1.);
#14649 = DIRECTION('',(-0.962449675986,-0.271460165022,0.));
#14650 = PCURVE('',#11815,#14651);
#14651 = DEFINITIONAL_REPRESENTATION('',(#14652),#14656);
#14652 = LINE('',#14653,#14654);
#14653 = CARTESIAN_POINT('',(0.,-3.));
#14654 = VECTOR('',#14655,1.);
#14655 = DIRECTION('',(1.,0.));
#14656 = ( GEOMETRIC_REPRESENTATION_CONTEXT(2) 
PARAMETRIC_REPRESENTATION_CONTEXT() REPRESENTATION_CONTEXT('2D SPACE',''
  ) );
#14657 = PCURVE('',#11843,#14658);
#14658 = DEFINITIONAL_REPRESENTATION('',(#14659),#14663);
#14659 = LINE('',#14660,#14661);
#14660 = CARTESIAN_POINT('',(-1.192827508741,17.340502573394));
#14661 = VECTOR('',#14662,1.);
#14662 = DIRECTION('',(-0.962449675986,-0.271460165022));
#14663 = ( GEOMETRIC_REPRESENTATION_CONTEXT(2) 
PARAMETRIC_REPRESENTATION_CONTEXT() REPRESENTATION_CONTEXT('2D SPACE',''
  ) );
#14664 = ORIENTED_EDGE('',*,*,#11792,.F.);
#14665 = ORIENTED_EDGE('',*,*,#14666,.F.);
#14666 = EDGE_CURVE('',#14597,#11793,#14667,.T.);
#14667 = SURFACE_CURVE('',#14668,(#14672,#14679),.PCURVE_S1.);
#14668 = LINE('',#14669,#14670);
#14669 = CARTESIAN_POINT('',(111.99163179916,35.096234309623,0.));
#14670 = VECTOR('',#14671,1.);
#14671 = DIRECTION('',(-0.962449675986,-0.271460165022,0.));
#14672 = PCURVE('',#11815,#14673);
#14673 = DEFINITIONAL_REPRESENTATION('',(#14674),#14678);
#14674 = LINE('',#14675,#14676);
#14675 = CARTESIAN_POINT('',(0.,0.));
#14676 = VECTOR('',#14677,1.);
#14677 = DIRECTION('',(1.,0.));
#14678 = ( GEOMETRIC_REPRESENTATION_CONTEXT(2) 
PARAMETRIC_REPRESENTATION_CONTEXT() REPRESENTATION_CONTEXT('2D SPACE',''
  ) );
#14679 = PCURVE('',#11897,#14680);
#14680 = DEFINITIONAL_REPRESENTATION('',(#14681),#14685);
#14681 = LINE('',#14682,#14683);
#14682 = CARTESIAN_POINT('',(-1.192827508741,17.340502573394));
#14683 = VECTOR('',#14684,1.);
#14684 = DIRECTION('',(-0.962449675986,-0.271460165022));
#14685 = ( GEOMETRIC_REPRESENTATION_CONTEXT(2) 
PARAMETRIC_REPRESENTATION_CONTEXT() REPRESENTATION_CONTEXT('2D SPACE',''
  ) );
#14686 = ADVANCED_FACE('',(#14687),#11897,.F.);
#14687 = FACE_BOUND('',#14688,.F.);
#14688 = EDGE_LOOP('',(#14689,#14690,#14691,#14692,#14693,#14694,#14695,
    #14696,#14697,#14698,#14699,#14700,#14701,#14702,#14703,#14704,
    #14705,#14706,#14707,#14708,#14709,#14710,#14711,#14712,#14713,
    #14714,#14715,#14716,#14717,#14718,#14719,#14720,#14721,#14722,
    #14723,#14724,#14725,#14726));
#14689 = ORIENTED_EDGE('',*,*,#11883,.T.);
#14690 = ORIENTED_EDGE('',*,*,#11964,.T.);
#14691 = ORIENTED_EDGE('',*,*,#12040,.T.);
#14692 = ORIENTED_EDGE('',*,*,#12116,.T.);
#14693 = ORIENTED_EDGE('',*,*,#12192,.T.);
#14694 = ORIENTED_EDGE('',*,*,#12268,.T.);
#14695 = ORIENTED_EDGE('',*,*,#12344,.T.);
#14696 = ORIENTED_EDGE('',*,*,#12420,.T.);
#14697 = ORIENTED_EDGE('',*,*,#12496,.T.);
#14698 = ORIENTED_EDGE('',*,*,#12572,.T.);
#14699 = ORIENTED_EDGE('',*,*,#12648,.T.);
#14700 = ORIENTED_EDGE('',*,*,#12724,.T.);
#14701 = ORIENTED_EDGE('',*,*,#12800,.T.);
#14702 = ORIENTED_EDGE('',*,*,#12876,.T.);
#14703 = ORIENTED_EDGE('',*,*,#12952,.T.);
#14704 = ORIENTED_EDGE('',*,*,#13028,.T.);
#14705 = ORIENTED_EDGE('',*,*,#13104,.T.);
#14706 = ORIENTED_EDGE('',*,*,#13180,.T.);
#14707 = ORIENTED_EDGE('',*,*,#13256,.T.);
#14708 = ORIENTED_EDGE('',*,*,#13332,.T.);
#14709 = ORIENTED_EDGE('',*,*,#13408,.T.);
#14710 = ORIENTED_EDGE('',*,*,#13484,.T.);
#14711 = ORIENTED_EDGE('',*,*,#13560,.T.);
#14712 = ORIENTED_EDGE('',*,*,#13636,.T.);
#14713 = ORIENTED_EDGE('',*,*,#13712,.T.);
#14714 = ORIENTED_EDGE('',*,*,#13788,.T.);
#14715 = ORIENTED_EDGE('',*,*,#13864,.T.);
#14716 = ORIENTED_EDGE('',*,*,#13940,.T.);
#14717 = ORIENTED_EDGE('',*,*,#14016,.T.);
#14718 = ORIENTED_EDGE('',*,*,#14092,.T.);
#14719 = ORIENTED_EDGE('',*,*,#14168,.T.);
#14720 = ORIENTED_EDGE('',*,*,#14244,.T.);
#14721 = ORIENTED_EDGE('',*,*,#14320,.T.);
#14722 = ORIENTED_EDGE('',*,*,#14396,.T.);
#14723 = ORIENTED_EDGE('',*,*,#14472,.T.);
#14724 = ORIENTED_EDGE('',*,*,#14548,.T.);
#14725 = ORIENTED_EDGE('',*,*,#14619,.T.);
#14726 = ORIENTED_EDGE('',*,*,#14666,.T.);
#14727 = ADVANCED_FACE('',(#14728),#11843,.T.);
#14728 = FACE_BOUND('',#14729,.T.);
#14729 = EDGE_LOOP('',(#14730,#14731,#14732,#14733,#14734,#14735,#14736,
    #14737,#14738,#14739,#14740,#14741,#14742,#14743,#14744,#14745,
    #14746,#14747,#14748,#14749,#14750,#14751,#14752,#14753,#14754,
    #14755,#14756,#14757,#14758,#14759,#14760,#14761,#14762,#14763,
    #14764,#14765,#14766,#14767));
#14730 = ORIENTED_EDGE('',*,*,#11827,.T.);
#14731 = ORIENTED_EDGE('',*,*,#11913,.T.);
#14732 = ORIENTED_EDGE('',*,*,#11989,.T.);
#14733 = ORIENTED_EDGE('',*,*,#12065,.T.);
#14734 = ORIENTED_EDGE('',*,*,#12141,.T.);
#14735 = ORIENTED_EDGE('',*,*,#12217,.T.);
#14736 = ORIENTED_EDGE('',*,*,#12293,.T.);
#14737 = ORIENTED_EDGE('',*,*,#12369,.T.);
#14738 = ORIENTED_EDGE('',*,*,#12445,.T.);
#14739 = ORIENTED_EDGE('',*,*,#12521,.T.);
#14740 = ORIENTED_EDGE('',*,*,#12597,.T.);
#14741 = ORIENTED_EDGE('',*,*,#12673,.T.);
#14742 = ORIENTED_EDGE('',*,*,#12749,.T.);
#14743 = ORIENTED_EDGE('',*,*,#12825,.T.);
#14744 = ORIENTED_EDGE('',*,*,#12901,.T.);
#14745 = ORIENTED_EDGE('',*,*,#12977,.T.);
#14746 = ORIENTED_EDGE('',*,*,#13053,.T.);
#14747 = ORIENTED_EDGE('',*,*,#13129,.T.);
#14748 = ORIENTED_EDGE('',*,*,#13205,.T.);
#14749 = ORIENTED_EDGE('',*,*,#13281,.T.);
#14750 = ORIENTED_EDGE('',*,*,#13357,.T.);
#14751 = ORIENTED_EDGE('',*,*,#13433,.T.);
#14752 = ORIENTED_EDGE('',*,*,#13509,.T.);
#14753 = ORIENTED_EDGE('',*,*,#13585,.T.);
#14754 = ORIENTED_EDGE('',*,*,#13661,.T.);
#14755 = ORIENTED_EDGE('',*,*,#13737,.T.);
#14756 = ORIENTED_EDGE('',*,*,#13813,.T.);
#14757 = ORIENTED_EDGE('',*,*,#13889,.T.);
#14758 = ORIENTED_EDGE('',*,*,#13965,.T.);
#14759 = ORIENTED_EDGE('',*,*,#14041,.T.);
#14760 = ORIENTED_EDGE('',*,*,#14117,.T.);
#14761 = ORIENTED_EDGE('',*,*,#14193,.T.);
#14762 = ORIENTED_EDGE('',*,*,#14269,.T.);
#14763 = ORIENTED_EDGE('',*,*,#14345,.T.);
#14764 = ORIENTED_EDGE('',*,*,#14421,.T.);
#14765 = ORIENTED_EDGE('',*,*,#14497,.T.);
#14766 = ORIENTED_EDGE('',*,*,#14573,.T.);
#14767 = ORIENTED_EDGE('',*,*,#14644,.T.);
#14768 = MANIFOLD_SOLID_BREP('',#14769);
#14769 = CLOSED_SHELL('',(#14770,#14890,#14966,#15042,#15118,#15194,
    #15270,#15346,#15422,#15498,#15574,#15650,#15726,#15802,#15878,
    #15954,#16025,#16072,#16092));
#14770 = ADVANCED_FACE('',(#14771),#14785,.F.);
#14771 = FACE_BOUND('',#14772,.F.);
#14772 = EDGE_LOOP('',(#14773,#14808,#14836,#14864));
#14773 = ORIENTED_EDGE('',*,*,#14774,.T.);
#14774 = EDGE_CURVE('',#14775,#14777,#14779,.T.);
#14775 = VERTEX_POINT('',#14776);
#14776 = CARTESIAN_POINT('',(92.861924686192,35.397489539749,0.));
#14777 = VERTEX_POINT('',#14778);
#14778 = CARTESIAN_POINT('',(92.861924686192,35.397489539749,3.));
#14779 = SURFACE_CURVE('',#14780,(#14784,#14796),.PCURVE_S1.);
#14780 = LINE('',#14781,#14782);
#14781 = CARTESIAN_POINT('',(92.861924686192,35.397489539749,0.));
#14782 = VECTOR('',#14783,1.);
#14783 = DIRECTION('',(0.,0.,1.));
#14784 = PCURVE('',#14785,#14790);
#14785 = PLANE('',#14786);
#14786 = AXIS2_PLACEMENT_3D('',#14787,#14788,#14789);
#14787 = CARTESIAN_POINT('',(92.861924686192,35.397489539749,0.));
#14788 = DIRECTION('',(-7.999744012287E-03,-0.999968001536,0.));
#14789 = DIRECTION('',(-0.999968001536,7.999744012287E-03,0.));
#14790 = DEFINITIONAL_REPRESENTATION('',(#14791),#14795);
#14791 = LINE('',#14792,#14793);
#14792 = CARTESIAN_POINT('',(0.,0.));
#14793 = VECTOR('',#14794,1.);
#14794 = DIRECTION('',(0.,-1.));
#14795 = ( GEOMETRIC_REPRESENTATION_CONTEXT(2) 
PARAMETRIC_REPRESENTATION_CONTEXT() REPRESENTATION_CONTEXT('2D SPACE',''
  ) );
#14796 = PCURVE('',#14797,#14802);
#14797 = PLANE('',#14798);
#14798 = AXIS2_PLACEMENT_3D('',#14799,#14800,#14801);
#14799 = CARTESIAN_POINT('',(93.539748953975,34.719665271967,0.));
#14800 = DIRECTION('',(-0.707106781187,-0.707106781187,0.));
#14801 = DIRECTION('',(-0.707106781187,0.707106781187,0.));
#14802 = DEFINITIONAL_REPRESENTATION('',(#14803),#14807);
#14803 = LINE('',#14804,#14805);
#14804 = CARTESIAN_POINT('',(0.958588272404,0.));
#14805 = VECTOR('',#14806,1.);
#14806 = DIRECTION('',(0.,-1.));
#14807 = ( GEOMETRIC_REPRESENTATION_CONTEXT(2) 
PARAMETRIC_REPRESENTATION_CONTEXT() REPRESENTATION_CONTEXT('2D SPACE',''
  ) );
#14808 = ORIENTED_EDGE('',*,*,#14809,.T.);
#14809 = EDGE_CURVE('',#14777,#14810,#14812,.T.);
#14810 = VERTEX_POINT('',#14811);
#14811 = CARTESIAN_POINT('',(83.44769874477,35.47280334728,3.));
#14812 = SURFACE_CURVE('',#14813,(#14817,#14824),.PCURVE_S1.);
#14813 = LINE('',#14814,#14815);
#14814 = CARTESIAN_POINT('',(92.861924686192,35.397489539749,3.));
#14815 = VECTOR('',#14816,1.);
#14816 = DIRECTION('',(-0.999968001536,7.999744012287E-03,0.));
#14817 = PCURVE('',#14785,#14818);
#14818 = DEFINITIONAL_REPRESENTATION('',(#14819),#14823);
#14819 = LINE('',#14820,#14821);
#14820 = CARTESIAN_POINT('',(0.,-3.));
#14821 = VECTOR('',#14822,1.);
#14822 = DIRECTION('',(1.,0.));
#14823 = ( GEOMETRIC_REPRESENTATION_CONTEXT(2) 
PARAMETRIC_REPRESENTATION_CONTEXT() REPRESENTATION_CONTEXT('2D SPACE',''
  ) );
#14824 = PCURVE('',#14825,#14830);
#14825 = PLANE('',#14826);
#14826 = AXIS2_PLACEMENT_3D('',#14827,#14828,#14829);
#14827 = CARTESIAN_POINT('',(85.593629579932,16.759229662393,3.));
#14828 = DIRECTION('',(0.,0.,1.));
#14829 = DIRECTION('',(1.,0.,-0.));
#14830 = DEFINITIONAL_REPRESENTATION('',(#14831),#14835);
#14831 = LINE('',#14832,#14833);
#14832 = CARTESIAN_POINT('',(7.268295106261,18.638259877356));
#14833 = VECTOR('',#14834,1.);
#14834 = DIRECTION('',(-0.999968001536,7.999744012287E-03));
#14835 = ( GEOMETRIC_REPRESENTATION_CONTEXT(2) 
PARAMETRIC_REPRESENTATION_CONTEXT() REPRESENTATION_CONTEXT('2D SPACE',''
  ) );
#14836 = ORIENTED_EDGE('',*,*,#14837,.F.);
#14837 = EDGE_CURVE('',#14838,#14810,#14840,.T.);
#14838 = VERTEX_POINT('',#14839);
#14839 = CARTESIAN_POINT('',(83.44769874477,35.47280334728,0.));
#14840 = SURFACE_CURVE('',#14841,(#14845,#14852),.PCURVE_S1.);
#14841 = LINE('',#14842,#14843);
#14842 = CARTESIAN_POINT('',(83.44769874477,35.47280334728,0.));
#14843 = VECTOR('',#14844,1.);
#14844 = DIRECTION('',(0.,0.,1.));
#14845 = PCURVE('',#14785,#14846);
#14846 = DEFINITIONAL_REPRESENTATION('',(#14847),#14851);
#14847 = LINE('',#14848,#14849);
#14848 = CARTESIAN_POINT('',(9.414527191833,0.));
#14849 = VECTOR('',#14850,1.);
#14850 = DIRECTION('',(0.,-1.));
#14851 = ( GEOMETRIC_REPRESENTATION_CONTEXT(2) 
PARAMETRIC_REPRESENTATION_CONTEXT() REPRESENTATION_CONTEXT('2D SPACE',''
  ) );
#14852 = PCURVE('',#14853,#14858);
#14853 = PLANE('',#14854);
#14854 = AXIS2_PLACEMENT_3D('',#14855,#14856,#14857);
#14855 = CARTESIAN_POINT('',(83.44769874477,35.47280334728,0.));
#14856 = DIRECTION('',(0.536875492193,-0.843661487732,0.));
#14857 = DIRECTION('',(-0.843661487732,-0.536875492193,0.));
#14858 = DEFINITIONAL_REPRESENTATION('',(#14859),#14863);
#14859 = LINE('',#14860,#14861);
#14860 = CARTESIAN_POINT('',(0.,0.));
#14861 = VECTOR('',#14862,1.);
#14862 = DIRECTION('',(0.,-1.));
#14863 = ( GEOMETRIC_REPRESENTATION_CONTEXT(2) 
PARAMETRIC_REPRESENTATION_CONTEXT() REPRESENTATION_CONTEXT('2D SPACE',''
  ) );
#14864 = ORIENTED_EDGE('',*,*,#14865,.F.);
#14865 = EDGE_CURVE('',#14775,#14838,#14866,.T.);
#14866 = SURFACE_CURVE('',#14867,(#14871,#14878),.PCURVE_S1.);
#14867 = LINE('',#14868,#14869);
#14868 = CARTESIAN_POINT('',(92.861924686192,35.397489539749,0.));
#14869 = VECTOR('',#14870,1.);
#14870 = DIRECTION('',(-0.999968001536,7.999744012287E-03,0.));
#14871 = PCURVE('',#14785,#14872);
#14872 = DEFINITIONAL_REPRESENTATION('',(#14873),#14877);
#14873 = LINE('',#14874,#14875);
#14874 = CARTESIAN_POINT('',(0.,0.));
#14875 = VECTOR('',#14876,1.);
#14876 = DIRECTION('',(1.,0.));
#14877 = ( GEOMETRIC_REPRESENTATION_CONTEXT(2) 
PARAMETRIC_REPRESENTATION_CONTEXT() REPRESENTATION_CONTEXT('2D SPACE',''
  ) );
#14878 = PCURVE('',#14879,#14884);
#14879 = PLANE('',#14880);
#14880 = AXIS2_PLACEMENT_3D('',#14881,#14882,#14883);
#14881 = CARTESIAN_POINT('',(85.593629579932,16.759229662393,0.));
#14882 = DIRECTION('',(0.,0.,1.));
#14883 = DIRECTION('',(1.,0.,-0.));
#14884 = DEFINITIONAL_REPRESENTATION('',(#14885),#14889);
#14885 = LINE('',#14886,#14887);
#14886 = CARTESIAN_POINT('',(7.268295106261,18.638259877356));
#14887 = VECTOR('',#14888,1.);
#14888 = DIRECTION('',(-0.999968001536,7.999744012287E-03));
#14889 = ( GEOMETRIC_REPRESENTATION_CONTEXT(2) 
PARAMETRIC_REPRESENTATION_CONTEXT() REPRESENTATION_CONTEXT('2D SPACE',''
  ) );
#14890 = ADVANCED_FACE('',(#14891),#14853,.F.);
#14891 = FACE_BOUND('',#14892,.F.);
#14892 = EDGE_LOOP('',(#14893,#14894,#14917,#14945));
#14893 = ORIENTED_EDGE('',*,*,#14837,.T.);
#14894 = ORIENTED_EDGE('',*,*,#14895,.T.);
#14895 = EDGE_CURVE('',#14810,#14896,#14898,.T.);
#14896 = VERTEX_POINT('',#14897);
#14897 = CARTESIAN_POINT('',(82.619246861925,34.945606694561,3.));
#14898 = SURFACE_CURVE('',#14899,(#14903,#14910),.PCURVE_S1.);
#14899 = LINE('',#14900,#14901);
#14900 = CARTESIAN_POINT('',(83.44769874477,35.47280334728,3.));
#14901 = VECTOR('',#14902,1.);
#14902 = DIRECTION('',(-0.843661487732,-0.536875492193,0.));
#14903 = PCURVE('',#14853,#14904);
#14904 = DEFINITIONAL_REPRESENTATION('',(#14905),#14909);
#14905 = LINE('',#14906,#14907);
#14906 = CARTESIAN_POINT('',(0.,-3.));
#14907 = VECTOR('',#14908,1.);
#14908 = DIRECTION('',(1.,0.));
#14909 = ( GEOMETRIC_REPRESENTATION_CONTEXT(2) 
PARAMETRIC_REPRESENTATION_CONTEXT() REPRESENTATION_CONTEXT('2D SPACE',''
  ) );
#14910 = PCURVE('',#14825,#14911);
#14911 = DEFINITIONAL_REPRESENTATION('',(#14912),#14916);
#14912 = LINE('',#14913,#14914);
#14913 = CARTESIAN_POINT('',(-2.145930835162,18.713573684887));
#14914 = VECTOR('',#14915,1.);
#14915 = DIRECTION('',(-0.843661487732,-0.536875492193));
#14916 = ( GEOMETRIC_REPRESENTATION_CONTEXT(2) 
PARAMETRIC_REPRESENTATION_CONTEXT() REPRESENTATION_CONTEXT('2D SPACE',''
  ) );
#14917 = ORIENTED_EDGE('',*,*,#14918,.F.);
#14918 = EDGE_CURVE('',#14919,#14896,#14921,.T.);
#14919 = VERTEX_POINT('',#14920);
#14920 = CARTESIAN_POINT('',(82.619246861925,34.945606694561,0.));
#14921 = SURFACE_CURVE('',#14922,(#14926,#14933),.PCURVE_S1.);
#14922 = LINE('',#14923,#14924);
#14923 = CARTESIAN_POINT('',(82.619246861925,34.945606694561,0.));
#14924 = VECTOR('',#14925,1.);
#14925 = DIRECTION('',(0.,0.,1.));
#14926 = PCURVE('',#14853,#14927);
#14927 = DEFINITIONAL_REPRESENTATION('',(#14928),#14932);
#14928 = LINE('',#14929,#14930);
#14929 = CARTESIAN_POINT('',(0.981971910407,0.));
#14930 = VECTOR('',#14931,1.);
#14931 = DIRECTION('',(0.,-1.));
#14932 = ( GEOMETRIC_REPRESENTATION_CONTEXT(2) 
PARAMETRIC_REPRESENTATION_CONTEXT() REPRESENTATION_CONTEXT('2D SPACE',''
  ) );
#14933 = PCURVE('',#14934,#14939);
#14934 = PLANE('',#14935);
#14935 = AXIS2_PLACEMENT_3D('',#14936,#14937,#14938);
#14936 = CARTESIAN_POINT('',(82.619246861925,34.945606694561,0.));
#14937 = DIRECTION('',(0.999951310689,-9.867940566012E-03,0.));
#14938 = DIRECTION('',(-9.867940566012E-03,-0.999951310689,0.));
#14939 = DEFINITIONAL_REPRESENTATION('',(#14940),#14944);
#14940 = LINE('',#14941,#14942);
#14941 = CARTESIAN_POINT('',(0.,0.));
#14942 = VECTOR('',#14943,1.);
#14943 = DIRECTION('',(0.,-1.));
#14944 = ( GEOMETRIC_REPRESENTATION_CONTEXT(2) 
PARAMETRIC_REPRESENTATION_CONTEXT() REPRESENTATION_CONTEXT('2D SPACE',''
  ) );
#14945 = ORIENTED_EDGE('',*,*,#14946,.F.);
#14946 = EDGE_CURVE('',#14838,#14919,#14947,.T.);
#14947 = SURFACE_CURVE('',#14948,(#14952,#14959),.PCURVE_S1.);
#14948 = LINE('',#14949,#14950);
#14949 = CARTESIAN_POINT('',(83.44769874477,35.47280334728,0.));
#14950 = VECTOR('',#14951,1.);
#14951 = DIRECTION('',(-0.843661487732,-0.536875492193,0.));
#14952 = PCURVE('',#14853,#14953);
#14953 = DEFINITIONAL_REPRESENTATION('',(#14954),#14958);
#14954 = LINE('',#14955,#14956);
#14955 = CARTESIAN_POINT('',(0.,0.));
#14956 = VECTOR('',#14957,1.);
#14957 = DIRECTION('',(1.,0.));
#14958 = ( GEOMETRIC_REPRESENTATION_CONTEXT(2) 
PARAMETRIC_REPRESENTATION_CONTEXT() REPRESENTATION_CONTEXT('2D SPACE',''
  ) );
#14959 = PCURVE('',#14879,#14960);
#14960 = DEFINITIONAL_REPRESENTATION('',(#14961),#14965);
#14961 = LINE('',#14962,#14963);
#14962 = CARTESIAN_POINT('',(-2.145930835162,18.713573684887));
#14963 = VECTOR('',#14964,1.);
#14964 = DIRECTION('',(-0.843661487732,-0.536875492193));
#14965 = ( GEOMETRIC_REPRESENTATION_CONTEXT(2) 
PARAMETRIC_REPRESENTATION_CONTEXT() REPRESENTATION_CONTEXT('2D SPACE',''
  ) );
#14966 = ADVANCED_FACE('',(#14967),#14934,.F.);
#14967 = FACE_BOUND('',#14968,.F.);
#14968 = EDGE_LOOP('',(#14969,#14970,#14993,#15021));
#14969 = ORIENTED_EDGE('',*,*,#14918,.T.);
#14970 = ORIENTED_EDGE('',*,*,#14971,.T.);
#14971 = EDGE_CURVE('',#14896,#14972,#14974,.T.);
#14972 = VERTEX_POINT('',#14973);
#14973 = CARTESIAN_POINT('',(82.393305439331,12.050209205021,3.));
#14974 = SURFACE_CURVE('',#14975,(#14979,#14986),.PCURVE_S1.);
#14975 = LINE('',#14976,#14977);
#14976 = CARTESIAN_POINT('',(82.619246861925,34.945606694561,3.));
#14977 = VECTOR('',#14978,1.);
#14978 = DIRECTION('',(-9.867940566012E-03,-0.999951310689,0.));
#14979 = PCURVE('',#14934,#14980);
#14980 = DEFINITIONAL_REPRESENTATION('',(#14981),#14985);
#14981 = LINE('',#14982,#14983);
#14982 = CARTESIAN_POINT('',(0.,-3.));
#14983 = VECTOR('',#14984,1.);
#14984 = DIRECTION('',(1.,0.));
#14985 = ( GEOMETRIC_REPRESENTATION_CONTEXT(2) 
PARAMETRIC_REPRESENTATION_CONTEXT() REPRESENTATION_CONTEXT('2D SPACE',''
  ) );
#14986 = PCURVE('',#14825,#14987);
#14987 = DEFINITIONAL_REPRESENTATION('',(#14988),#14992);
#14988 = LINE('',#14989,#14990);
#14989 = CARTESIAN_POINT('',(-2.974382718007,18.186377032167));
#14990 = VECTOR('',#14991,1.);
#14991 = DIRECTION('',(-9.867940566012E-03,-0.999951310689));
#14992 = ( GEOMETRIC_REPRESENTATION_CONTEXT(2) 
PARAMETRIC_REPRESENTATION_CONTEXT() REPRESENTATION_CONTEXT('2D SPACE',''
  ) );
#14993 = ORIENTED_EDGE('',*,*,#14994,.F.);
#14994 = EDGE_CURVE('',#14995,#14972,#14997,.T.);
#14995 = VERTEX_POINT('',#14996);
#14996 = CARTESIAN_POINT('',(82.393305439331,12.050209205021,0.));
#14997 = SURFACE_CURVE('',#14998,(#15002,#15009),.PCURVE_S1.);
#14998 = LINE('',#14999,#15000);
#14999 = CARTESIAN_POINT('',(82.393305439331,12.050209205021,0.));
#15000 = VECTOR('',#15001,1.);
#15001 = DIRECTION('',(0.,0.,1.));
#15002 = PCURVE('',#14934,#15003);
#15003 = DEFINITIONAL_REPRESENTATION('',(#15004),#15008);
#15004 = LINE('',#15005,#15006);
#15005 = CARTESIAN_POINT('',(22.896512304944,0.));
#15006 = VECTOR('',#15007,1.);
#15007 = DIRECTION('',(0.,-1.));
#15008 = ( GEOMETRIC_REPRESENTATION_CONTEXT(2) 
PARAMETRIC_REPRESENTATION_CONTEXT() REPRESENTATION_CONTEXT('2D SPACE',''
  ) );
#15009 = PCURVE('',#15010,#15015);
#15010 = PLANE('',#15011);
#15011 = AXIS2_PLACEMENT_3D('',#15012,#15013,#15014);
#15012 = CARTESIAN_POINT('',(82.393305439331,12.050209205021,0.));
#15013 = DIRECTION('',(0.871575537125,-0.490261239633,0.));
#15014 = DIRECTION('',(-0.490261239633,-0.871575537125,0.));
#15015 = DEFINITIONAL_REPRESENTATION('',(#15016),#15020);
#15016 = LINE('',#15017,#15018);
#15017 = CARTESIAN_POINT('',(0.,0.));
#15018 = VECTOR('',#15019,1.);
#15019 = DIRECTION('',(0.,-1.));
#15020 = ( GEOMETRIC_REPRESENTATION_CONTEXT(2) 
PARAMETRIC_REPRESENTATION_CONTEXT() REPRESENTATION_CONTEXT('2D SPACE',''
  ) );
#15021 = ORIENTED_EDGE('',*,*,#15022,.F.);
#15022 = EDGE_CURVE('',#14919,#14995,#15023,.T.);
#15023 = SURFACE_CURVE('',#15024,(#15028,#15035),.PCURVE_S1.);
#15024 = LINE('',#15025,#15026);
#15025 = CARTESIAN_POINT('',(82.619246861925,34.945606694561,0.));
#15026 = VECTOR('',#15027,1.);
#15027 = DIRECTION('',(-9.867940566012E-03,-0.999951310689,0.));
#15028 = PCURVE('',#14934,#15029);
#15029 = DEFINITIONAL_REPRESENTATION('',(#15030),#15034);
#15030 = LINE('',#15031,#15032);
#15031 = CARTESIAN_POINT('',(0.,0.));
#15032 = VECTOR('',#15033,1.);
#15033 = DIRECTION('',(1.,0.));
#15034 = ( GEOMETRIC_REPRESENTATION_CONTEXT(2) 
PARAMETRIC_REPRESENTATION_CONTEXT() REPRESENTATION_CONTEXT('2D SPACE',''
  ) );
#15035 = PCURVE('',#14879,#15036);
#15036 = DEFINITIONAL_REPRESENTATION('',(#15037),#15041);
#15037 = LINE('',#15038,#15039);
#15038 = CARTESIAN_POINT('',(-2.974382718007,18.186377032167));
#15039 = VECTOR('',#15040,1.);
#15040 = DIRECTION('',(-9.867940566012E-03,-0.999951310689));
#15041 = ( GEOMETRIC_REPRESENTATION_CONTEXT(2) 
PARAMETRIC_REPRESENTATION_CONTEXT() REPRESENTATION_CONTEXT('2D SPACE',''
  ) );
#15042 = ADVANCED_FACE('',(#15043),#15010,.F.);
#15043 = FACE_BOUND('',#15044,.F.);
#15044 = EDGE_LOOP('',(#15045,#15046,#15069,#15097));
#15045 = ORIENTED_EDGE('',*,*,#14994,.T.);
#15046 = ORIENTED_EDGE('',*,*,#15047,.T.);
#15047 = EDGE_CURVE('',#14972,#15048,#15050,.T.);
#15048 = VERTEX_POINT('',#15049);
#15049 = CARTESIAN_POINT('',(81.715481171548,10.845188284519,3.));
#15050 = SURFACE_CURVE('',#15051,(#15055,#15062),.PCURVE_S1.);
#15051 = LINE('',#15052,#15053);
#15052 = CARTESIAN_POINT('',(82.393305439331,12.050209205021,3.));
#15053 = VECTOR('',#15054,1.);
#15054 = DIRECTION('',(-0.490261239633,-0.871575537125,0.));
#15055 = PCURVE('',#15010,#15056);
#15056 = DEFINITIONAL_REPRESENTATION('',(#15057),#15061);
#15057 = LINE('',#15058,#15059);
#15058 = CARTESIAN_POINT('',(0.,-3.));
#15059 = VECTOR('',#15060,1.);
#15060 = DIRECTION('',(1.,0.));
#15061 = ( GEOMETRIC_REPRESENTATION_CONTEXT(2) 
PARAMETRIC_REPRESENTATION_CONTEXT() REPRESENTATION_CONTEXT('2D SPACE',''
  ) );
#15062 = PCURVE('',#14825,#15063);
#15063 = DEFINITIONAL_REPRESENTATION('',(#15064),#15068);
#15064 = LINE('',#15065,#15066);
#15065 = CARTESIAN_POINT('',(-3.200324140601,-4.709020457372));
#15066 = VECTOR('',#15067,1.);
#15067 = DIRECTION('',(-0.490261239633,-0.871575537125));
#15068 = ( GEOMETRIC_REPRESENTATION_CONTEXT(2) 
PARAMETRIC_REPRESENTATION_CONTEXT() REPRESENTATION_CONTEXT('2D SPACE',''
  ) );
#15069 = ORIENTED_EDGE('',*,*,#15070,.F.);
#15070 = EDGE_CURVE('',#15071,#15048,#15073,.T.);
#15071 = VERTEX_POINT('',#15072);
#15072 = CARTESIAN_POINT('',(81.715481171548,10.845188284519,0.));
#15073 = SURFACE_CURVE('',#15074,(#15078,#15085),.PCURVE_S1.);
#15074 = LINE('',#15075,#15076);
#15075 = CARTESIAN_POINT('',(81.715481171548,10.845188284519,0.));
#15076 = VECTOR('',#15077,1.);
#15077 = DIRECTION('',(0.,0.,1.));
#15078 = PCURVE('',#15010,#15079);
#15079 = DEFINITIONAL_REPRESENTATION('',(#15080),#15084);
#15080 = LINE('',#15081,#15082);
#15081 = CARTESIAN_POINT('',(1.382577721809,0.));
#15082 = VECTOR('',#15083,1.);
#15083 = DIRECTION('',(0.,-1.));
#15084 = ( GEOMETRIC_REPRESENTATION_CONTEXT(2) 
PARAMETRIC_REPRESENTATION_CONTEXT() REPRESENTATION_CONTEXT('2D SPACE',''
  ) );
#15085 = PCURVE('',#15086,#15091);
#15086 = PLANE('',#15087);
#15087 = AXIS2_PLACEMENT_3D('',#15088,#15089,#15090);
#15088 = CARTESIAN_POINT('',(81.715481171548,10.845188284519,0.));
#15089 = DIRECTION('',(0.362446261155,-0.932004671541,0.));
#15090 = DIRECTION('',(-0.932004671541,-0.362446261155,0.));
#15091 = DEFINITIONAL_REPRESENTATION('',(#15092),#15096);
#15092 = LINE('',#15093,#15094);
#15093 = CARTESIAN_POINT('',(0.,0.));
#15094 = VECTOR('',#15095,1.);
#15095 = DIRECTION('',(0.,-1.));
#15096 = ( GEOMETRIC_REPRESENTATION_CONTEXT(2) 
PARAMETRIC_REPRESENTATION_CONTEXT() REPRESENTATION_CONTEXT('2D SPACE',''
  ) );
#15097 = ORIENTED_EDGE('',*,*,#15098,.F.);
#15098 = EDGE_CURVE('',#14995,#15071,#15099,.T.);
#15099 = SURFACE_CURVE('',#15100,(#15104,#15111),.PCURVE_S1.);
#15100 = LINE('',#15101,#15102);
#15101 = CARTESIAN_POINT('',(82.393305439331,12.050209205021,0.));
#15102 = VECTOR('',#15103,1.);
#15103 = DIRECTION('',(-0.490261239633,-0.871575537125,0.));
#15104 = PCURVE('',#15010,#15105);
#15105 = DEFINITIONAL_REPRESENTATION('',(#15106),#15110);
#15106 = LINE('',#15107,#15108);
#15107 = CARTESIAN_POINT('',(0.,0.));
#15108 = VECTOR('',#15109,1.);
#15109 = DIRECTION('',(1.,0.));
#15110 = ( GEOMETRIC_REPRESENTATION_CONTEXT(2) 
PARAMETRIC_REPRESENTATION_CONTEXT() REPRESENTATION_CONTEXT('2D SPACE',''
  ) );
#15111 = PCURVE('',#14879,#15112);
#15112 = DEFINITIONAL_REPRESENTATION('',(#15113),#15117);
#15113 = LINE('',#15114,#15115);
#15114 = CARTESIAN_POINT('',(-3.200324140601,-4.709020457372));
#15115 = VECTOR('',#15116,1.);
#15116 = DIRECTION('',(-0.490261239633,-0.871575537125));
#15117 = ( GEOMETRIC_REPRESENTATION_CONTEXT(2) 
PARAMETRIC_REPRESENTATION_CONTEXT() REPRESENTATION_CONTEXT('2D SPACE',''
  ) );
#15118 = ADVANCED_FACE('',(#15119),#15086,.F.);
#15119 = FACE_BOUND('',#15120,.F.);
#15120 = EDGE_LOOP('',(#15121,#15122,#15145,#15173));
#15121 = ORIENTED_EDGE('',*,*,#15070,.T.);
#15122 = ORIENTED_EDGE('',*,*,#15123,.T.);
#15123 = EDGE_CURVE('',#15048,#15124,#15126,.T.);
#15124 = VERTEX_POINT('',#15125);
#15125 = CARTESIAN_POINT('',(80.359832635983,10.317991631799,3.));
#15126 = SURFACE_CURVE('',#15127,(#15131,#15138),.PCURVE_S1.);
#15127 = LINE('',#15128,#15129);
#15128 = CARTESIAN_POINT('',(81.715481171548,10.845188284519,3.));
#15129 = VECTOR('',#15130,1.);
#15130 = DIRECTION('',(-0.932004671541,-0.362446261155,0.));
#15131 = PCURVE('',#15086,#15132);
#15132 = DEFINITIONAL_REPRESENTATION('',(#15133),#15137);
#15133 = LINE('',#15134,#15135);
#15134 = CARTESIAN_POINT('',(0.,-3.));
#15135 = VECTOR('',#15136,1.);
#15136 = DIRECTION('',(1.,0.));
#15137 = ( GEOMETRIC_REPRESENTATION_CONTEXT(2) 
PARAMETRIC_REPRESENTATION_CONTEXT() REPRESENTATION_CONTEXT('2D SPACE',''
  ) );
#15138 = PCURVE('',#14825,#15139);
#15139 = DEFINITIONAL_REPRESENTATION('',(#15140),#15144);
#15140 = LINE('',#15141,#15142);
#15141 = CARTESIAN_POINT('',(-3.878148408384,-5.914041377874));
#15142 = VECTOR('',#15143,1.);
#15143 = DIRECTION('',(-0.932004671541,-0.362446261155));
#15144 = ( GEOMETRIC_REPRESENTATION_CONTEXT(2) 
PARAMETRIC_REPRESENTATION_CONTEXT() REPRESENTATION_CONTEXT('2D SPACE',''
  ) );
#15145 = ORIENTED_EDGE('',*,*,#15146,.F.);
#15146 = EDGE_CURVE('',#15147,#15124,#15149,.T.);
#15147 = VERTEX_POINT('',#15148);
#15148 = CARTESIAN_POINT('',(80.359832635983,10.317991631799,0.));
#15149 = SURFACE_CURVE('',#15150,(#15154,#15161),.PCURVE_S1.);
#15150 = LINE('',#15151,#15152);
#15151 = CARTESIAN_POINT('',(80.359832635983,10.317991631799,0.));
#15152 = VECTOR('',#15153,1.);
#15153 = DIRECTION('',(0.,0.,1.));
#15154 = PCURVE('',#15086,#15155);
#15155 = DEFINITIONAL_REPRESENTATION('',(#15156),#15160);
#15156 = LINE('',#15157,#15158);
#15157 = CARTESIAN_POINT('',(1.454551223786,0.));
#15158 = VECTOR('',#15159,1.);
#15159 = DIRECTION('',(0.,-1.));
#15160 = ( GEOMETRIC_REPRESENTATION_CONTEXT(2) 
PARAMETRIC_REPRESENTATION_CONTEXT() REPRESENTATION_CONTEXT('2D SPACE',''
  ) );
#15161 = PCURVE('',#15162,#15167);
#15162 = PLANE('',#15163);
#15163 = AXIS2_PLACEMENT_3D('',#15164,#15165,#15166);
#15164 = CARTESIAN_POINT('',(80.359832635983,10.317991631799,0.));
#15165 = DIRECTION('',(6.438227799797E-02,-0.997925308968,0.));
#15166 = DIRECTION('',(-0.997925308968,-6.438227799797E-02,0.));
#15167 = DEFINITIONAL_REPRESENTATION('',(#15168),#15172);
#15168 = LINE('',#15169,#15170);
#15169 = CARTESIAN_POINT('',(0.,0.));
#15170 = VECTOR('',#15171,1.);
#15171 = DIRECTION('',(0.,-1.));
#15172 = ( GEOMETRIC_REPRESENTATION_CONTEXT(2) 
PARAMETRIC_REPRESENTATION_CONTEXT() REPRESENTATION_CONTEXT('2D SPACE',''
  ) );
#15173 = ORIENTED_EDGE('',*,*,#15174,.F.);
#15174 = EDGE_CURVE('',#15071,#15147,#15175,.T.);
#15175 = SURFACE_CURVE('',#15176,(#15180,#15187),.PCURVE_S1.);
#15176 = LINE('',#15177,#15178);
#15177 = CARTESIAN_POINT('',(81.715481171548,10.845188284519,0.));
#15178 = VECTOR('',#15179,1.);
#15179 = DIRECTION('',(-0.932004671541,-0.362446261155,0.));
#15180 = PCURVE('',#15086,#15181);
#15181 = DEFINITIONAL_REPRESENTATION('',(#15182),#15186);
#15182 = LINE('',#15183,#15184);
#15183 = CARTESIAN_POINT('',(0.,0.));
#15184 = VECTOR('',#15185,1.);
#15185 = DIRECTION('',(1.,0.));
#15186 = ( GEOMETRIC_REPRESENTATION_CONTEXT(2) 
PARAMETRIC_REPRESENTATION_CONTEXT() REPRESENTATION_CONTEXT('2D SPACE',''
  ) );
#15187 = PCURVE('',#14879,#15188);
#15188 = DEFINITIONAL_REPRESENTATION('',(#15189),#15193);
#15189 = LINE('',#15190,#15191);
#15190 = CARTESIAN_POINT('',(-3.878148408384,-5.914041377874));
#15191 = VECTOR('',#15192,1.);
#15192 = DIRECTION('',(-0.932004671541,-0.362446261155));
#15193 = ( GEOMETRIC_REPRESENTATION_CONTEXT(2) 
PARAMETRIC_REPRESENTATION_CONTEXT() REPRESENTATION_CONTEXT('2D SPACE',''
  ) );
#15194 = ADVANCED_FACE('',(#15195),#15162,.F.);
#15195 = FACE_BOUND('',#15196,.F.);
#15196 = EDGE_LOOP('',(#15197,#15198,#15221,#15249));
#15197 = ORIENTED_EDGE('',*,*,#15146,.T.);
#15198 = ORIENTED_EDGE('',*,*,#15199,.T.);
#15199 = EDGE_CURVE('',#15124,#15200,#15202,.T.);
#15200 = VERTEX_POINT('',#15201);
#15201 = CARTESIAN_POINT('',(75.690376569038,10.016736401674,3.));
#15202 = SURFACE_CURVE('',#15203,(#15207,#15214),.PCURVE_S1.);
#15203 = LINE('',#15204,#15205);
#15204 = CARTESIAN_POINT('',(80.359832635983,10.317991631799,3.));
#15205 = VECTOR('',#15206,1.);
#15206 = DIRECTION('',(-0.997925308968,-6.438227799797E-02,0.));
#15207 = PCURVE('',#15162,#15208);
#15208 = DEFINITIONAL_REPRESENTATION('',(#15209),#15213);
#15209 = LINE('',#15210,#15211);
#15210 = CARTESIAN_POINT('',(0.,-3.));
#15211 = VECTOR('',#15212,1.);
#15212 = DIRECTION('',(1.,0.));
#15213 = ( GEOMETRIC_REPRESENTATION_CONTEXT(2) 
PARAMETRIC_REPRESENTATION_CONTEXT() REPRESENTATION_CONTEXT('2D SPACE',''
  ) );
#15214 = PCURVE('',#14825,#15215);
#15215 = DEFINITIONAL_REPRESENTATION('',(#15216),#15220);
#15216 = LINE('',#15217,#15218);
#15217 = CARTESIAN_POINT('',(-5.233796943948,-6.441238030594));
#15218 = VECTOR('',#15219,1.);
#15219 = DIRECTION('',(-0.997925308968,-6.438227799797E-02));
#15220 = ( GEOMETRIC_REPRESENTATION_CONTEXT(2) 
PARAMETRIC_REPRESENTATION_CONTEXT() REPRESENTATION_CONTEXT('2D SPACE',''
  ) );
#15221 = ORIENTED_EDGE('',*,*,#15222,.F.);
#15222 = EDGE_CURVE('',#15223,#15200,#15225,.T.);
#15223 = VERTEX_POINT('',#15224);
#15224 = CARTESIAN_POINT('',(75.690376569038,10.016736401674,0.));
#15225 = SURFACE_CURVE('',#15226,(#15230,#15237),.PCURVE_S1.);
#15226 = LINE('',#15227,#15228);
#15227 = CARTESIAN_POINT('',(75.690376569038,10.016736401674,0.));
#15228 = VECTOR('',#15229,1.);
#15229 = DIRECTION('',(0.,0.,1.));
#15230 = PCURVE('',#15162,#15231);
#15231 = DEFINITIONAL_REPRESENTATION('',(#15232),#15236);
#15232 = LINE('',#15233,#15234);
#15233 = CARTESIAN_POINT('',(4.679163886296,0.));
#15234 = VECTOR('',#15235,1.);
#15235 = DIRECTION('',(0.,-1.));
#15236 = ( GEOMETRIC_REPRESENTATION_CONTEXT(2) 
PARAMETRIC_REPRESENTATION_CONTEXT() REPRESENTATION_CONTEXT('2D SPACE',''
  ) );
#15237 = PCURVE('',#15238,#15243);
#15238 = PLANE('',#15239);
#15239 = AXIS2_PLACEMENT_3D('',#15240,#15241,#15242);
#15240 = CARTESIAN_POINT('',(75.690376569038,10.016736401674,0.));
#15241 = DIRECTION('',(0.4472135955,-0.894427191,0.));
#15242 = DIRECTION('',(-0.894427191,-0.4472135955,0.));
#15243 = DEFINITIONAL_REPRESENTATION('',(#15244),#15248);
#15244 = LINE('',#15245,#15246);
#15245 = CARTESIAN_POINT('',(0.,0.));
#15246 = VECTOR('',#15247,1.);
#15247 = DIRECTION('',(0.,-1.));
#15248 = ( GEOMETRIC_REPRESENTATION_CONTEXT(2) 
PARAMETRIC_REPRESENTATION_CONTEXT() REPRESENTATION_CONTEXT('2D SPACE',''
  ) );
#15249 = ORIENTED_EDGE('',*,*,#15250,.F.);
#15250 = EDGE_CURVE('',#15147,#15223,#15251,.T.);
#15251 = SURFACE_CURVE('',#15252,(#15256,#15263),.PCURVE_S1.);
#15252 = LINE('',#15253,#15254);
#15253 = CARTESIAN_POINT('',(80.359832635983,10.317991631799,0.));
#15254 = VECTOR('',#15255,1.);
#15255 = DIRECTION('',(-0.997925308968,-6.438227799797E-02,0.));
#15256 = PCURVE('',#15162,#15257);
#15257 = DEFINITIONAL_REPRESENTATION('',(#15258),#15262);
#15258 = LINE('',#15259,#15260);
#15259 = CARTESIAN_POINT('',(0.,0.));
#15260 = VECTOR('',#15261,1.);
#15261 = DIRECTION('',(1.,0.));
#15262 = ( GEOMETRIC_REPRESENTATION_CONTEXT(2) 
PARAMETRIC_REPRESENTATION_CONTEXT() REPRESENTATION_CONTEXT('2D SPACE',''
  ) );
#15263 = PCURVE('',#14879,#15264);
#15264 = DEFINITIONAL_REPRESENTATION('',(#15265),#15269);
#15265 = LINE('',#15266,#15267);
#15266 = CARTESIAN_POINT('',(-5.233796943948,-6.441238030594));
#15267 = VECTOR('',#15268,1.);
#15268 = DIRECTION('',(-0.997925308968,-6.438227799797E-02));
#15269 = ( GEOMETRIC_REPRESENTATION_CONTEXT(2) 
PARAMETRIC_REPRESENTATION_CONTEXT() REPRESENTATION_CONTEXT('2D SPACE',''
  ) );
#15270 = ADVANCED_FACE('',(#15271),#15238,.F.);
#15271 = FACE_BOUND('',#15272,.F.);
#15272 = EDGE_LOOP('',(#15273,#15274,#15297,#15325));
#15273 = ORIENTED_EDGE('',*,*,#15222,.T.);
#15274 = ORIENTED_EDGE('',*,*,#15275,.T.);
#15275 = EDGE_CURVE('',#15200,#15276,#15278,.T.);
#15276 = VERTEX_POINT('',#15277);
#15277 = CARTESIAN_POINT('',(74.786610878661,9.564853556485,3.));
#15278 = SURFACE_CURVE('',#15279,(#15283,#15290),.PCURVE_S1.);
#15279 = LINE('',#15280,#15281);
#15280 = CARTESIAN_POINT('',(75.690376569038,10.016736401674,3.));
#15281 = VECTOR('',#15282,1.);
#15282 = DIRECTION('',(-0.894427191,-0.4472135955,0.));
#15283 = PCURVE('',#15238,#15284);
#15284 = DEFINITIONAL_REPRESENTATION('',(#15285),#15289);
#15285 = LINE('',#15286,#15287);
#15286 = CARTESIAN_POINT('',(0.,-3.));
#15287 = VECTOR('',#15288,1.);
#15288 = DIRECTION('',(1.,0.));
#15289 = ( GEOMETRIC_REPRESENTATION_CONTEXT(2) 
PARAMETRIC_REPRESENTATION_CONTEXT() REPRESENTATION_CONTEXT('2D SPACE',''
  ) );
#15290 = PCURVE('',#14825,#15291);
#15291 = DEFINITIONAL_REPRESENTATION('',(#15292),#15296);
#15292 = LINE('',#15293,#15294);
#15293 = CARTESIAN_POINT('',(-9.903253010894,-6.74249326072));
#15294 = VECTOR('',#15295,1.);
#15295 = DIRECTION('',(-0.894427191,-0.4472135955));
#15296 = ( GEOMETRIC_REPRESENTATION_CONTEXT(2) 
PARAMETRIC_REPRESENTATION_CONTEXT() REPRESENTATION_CONTEXT('2D SPACE',''
  ) );
#15297 = ORIENTED_EDGE('',*,*,#15298,.F.);
#15298 = EDGE_CURVE('',#15299,#15276,#15301,.T.);
#15299 = VERTEX_POINT('',#15300);
#15300 = CARTESIAN_POINT('',(74.786610878661,9.564853556485,0.));
#15301 = SURFACE_CURVE('',#15302,(#15306,#15313),.PCURVE_S1.);
#15302 = LINE('',#15303,#15304);
#15303 = CARTESIAN_POINT('',(74.786610878661,9.564853556485,0.));
#15304 = VECTOR('',#15305,1.);
#15305 = DIRECTION('',(0.,0.,1.));
#15306 = PCURVE('',#15238,#15307);
#15307 = DEFINITIONAL_REPRESENTATION('',(#15308),#15312);
#15308 = LINE('',#15309,#15310);
#15309 = CARTESIAN_POINT('',(1.010440759707,0.));
#15310 = VECTOR('',#15311,1.);
#15311 = DIRECTION('',(0.,-1.));
#15312 = ( GEOMETRIC_REPRESENTATION_CONTEXT(2) 
PARAMETRIC_REPRESENTATION_CONTEXT() REPRESENTATION_CONTEXT('2D SPACE',''
  ) );
#15313 = PCURVE('',#15314,#15319);
#15314 = PLANE('',#15315);
#15315 = AXIS2_PLACEMENT_3D('',#15316,#15317,#15318);
#15316 = CARTESIAN_POINT('',(74.786610878661,9.564853556485,0.));
#15317 = DIRECTION('',(0.999853929301,-1.709152015899E-02,0.));
#15318 = DIRECTION('',(-1.709152015899E-02,-0.999853929301,0.));
#15319 = DEFINITIONAL_REPRESENTATION('',(#15320),#15324);
#15320 = LINE('',#15321,#15322);
#15321 = CARTESIAN_POINT('',(0.,0.));
#15322 = VECTOR('',#15323,1.);
#15323 = DIRECTION('',(0.,-1.));
#15324 = ( GEOMETRIC_REPRESENTATION_CONTEXT(2) 
PARAMETRIC_REPRESENTATION_CONTEXT() REPRESENTATION_CONTEXT('2D SPACE',''
  ) );
#15325 = ORIENTED_EDGE('',*,*,#15326,.F.);
#15326 = EDGE_CURVE('',#15223,#15299,#15327,.T.);
#15327 = SURFACE_CURVE('',#15328,(#15332,#15339),.PCURVE_S1.);
#15328 = LINE('',#15329,#15330);
#15329 = CARTESIAN_POINT('',(75.690376569038,10.016736401674,0.));
#15330 = VECTOR('',#15331,1.);
#15331 = DIRECTION('',(-0.894427191,-0.4472135955,0.));
#15332 = PCURVE('',#15238,#15333);
#15333 = DEFINITIONAL_REPRESENTATION('',(#15334),#15338);
#15334 = LINE('',#15335,#15336);
#15335 = CARTESIAN_POINT('',(0.,0.));
#15336 = VECTOR('',#15337,1.);
#15337 = DIRECTION('',(1.,0.));
#15338 = ( GEOMETRIC_REPRESENTATION_CONTEXT(2) 
PARAMETRIC_REPRESENTATION_CONTEXT() REPRESENTATION_CONTEXT('2D SPACE',''
  ) );
#15339 = PCURVE('',#14879,#15340);
#15340 = DEFINITIONAL_REPRESENTATION('',(#15341),#15345);
#15341 = LINE('',#15342,#15343);
#15342 = CARTESIAN_POINT('',(-9.903253010894,-6.74249326072));
#15343 = VECTOR('',#15344,1.);
#15344 = DIRECTION('',(-0.894427191,-0.4472135955));
#15345 = ( GEOMETRIC_REPRESENTATION_CONTEXT(2) 
PARAMETRIC_REPRESENTATION_CONTEXT() REPRESENTATION_CONTEXT('2D SPACE',''
  ) );
#15346 = ADVANCED_FACE('',(#15347),#15314,.F.);
#15347 = FACE_BOUND('',#15348,.F.);
#15348 = EDGE_LOOP('',(#15349,#15350,#15373,#15401));
#15349 = ORIENTED_EDGE('',*,*,#15298,.T.);
#15350 = ORIENTED_EDGE('',*,*,#15351,.T.);
#15351 = EDGE_CURVE('',#15276,#15352,#15354,.T.);
#15352 = VERTEX_POINT('',#15353);
#15353 = CARTESIAN_POINT('',(74.635983263598,0.753138075314,3.));
#15354 = SURFACE_CURVE('',#15355,(#15359,#15366),.PCURVE_S1.);
#15355 = LINE('',#15356,#15357);
#15356 = CARTESIAN_POINT('',(74.786610878661,9.564853556485,3.));
#15357 = VECTOR('',#15358,1.);
#15358 = DIRECTION('',(-1.709152015899E-02,-0.999853929301,0.));
#15359 = PCURVE('',#15314,#15360);
#15360 = DEFINITIONAL_REPRESENTATION('',(#15361),#15365);
#15361 = LINE('',#15362,#15363);
#15362 = CARTESIAN_POINT('',(0.,-3.));
#15363 = VECTOR('',#15364,1.);
#15364 = DIRECTION('',(1.,0.));
#15365 = ( GEOMETRIC_REPRESENTATION_CONTEXT(2) 
PARAMETRIC_REPRESENTATION_CONTEXT() REPRESENTATION_CONTEXT('2D SPACE',''
  ) );
#15366 = PCURVE('',#14825,#15367);
#15367 = DEFINITIONAL_REPRESENTATION('',(#15368),#15372);
#15368 = LINE('',#15369,#15370);
#15369 = CARTESIAN_POINT('',(-10.80701870127,-7.194376105908));
#15370 = VECTOR('',#15371,1.);
#15371 = DIRECTION('',(-1.709152015899E-02,-0.999853929301));
#15372 = ( GEOMETRIC_REPRESENTATION_CONTEXT(2) 
PARAMETRIC_REPRESENTATION_CONTEXT() REPRESENTATION_CONTEXT('2D SPACE',''
  ) );
#15373 = ORIENTED_EDGE('',*,*,#15374,.F.);
#15374 = EDGE_CURVE('',#15375,#15352,#15377,.T.);
#15375 = VERTEX_POINT('',#15376);
#15376 = CARTESIAN_POINT('',(74.635983263598,0.753138075314,0.));
#15377 = SURFACE_CURVE('',#15378,(#15382,#15389),.PCURVE_S1.);
#15378 = LINE('',#15379,#15380);
#15379 = CARTESIAN_POINT('',(74.635983263598,0.753138075314,0.));
#15380 = VECTOR('',#15381,1.);
#15381 = DIRECTION('',(0.,0.,1.));
#15382 = PCURVE('',#15314,#15383);
#15383 = DEFINITIONAL_REPRESENTATION('',(#15384),#15388);
#15384 = LINE('',#15385,#15386);
#15385 = CARTESIAN_POINT('',(8.813002802651,0.));
#15386 = VECTOR('',#15387,1.);
#15387 = DIRECTION('',(0.,-1.));
#15388 = ( GEOMETRIC_REPRESENTATION_CONTEXT(2) 
PARAMETRIC_REPRESENTATION_CONTEXT() REPRESENTATION_CONTEXT('2D SPACE',''
  ) );
#15389 = PCURVE('',#15390,#15395);
#15390 = PLANE('',#15391);
#15391 = AXIS2_PLACEMENT_3D('',#15392,#15393,#15394);
#15392 = CARTESIAN_POINT('',(74.635983263598,0.753138075314,0.));
#15393 = DIRECTION('',(0.847998304005,0.529998940003,-0.));
#15394 = DIRECTION('',(0.529998940003,-0.847998304005,0.));
#15395 = DEFINITIONAL_REPRESENTATION('',(#15396),#15400);
#15396 = LINE('',#15397,#15398);
#15397 = CARTESIAN_POINT('',(0.,0.));
#15398 = VECTOR('',#15399,1.);
#15399 = DIRECTION('',(0.,-1.));
#15400 = ( GEOMETRIC_REPRESENTATION_CONTEXT(2) 
PARAMETRIC_REPRESENTATION_CONTEXT() REPRESENTATION_CONTEXT('2D SPACE',''
  ) );
#15401 = ORIENTED_EDGE('',*,*,#15402,.F.);
#15402 = EDGE_CURVE('',#15299,#15375,#15403,.T.);
#15403 = SURFACE_CURVE('',#15404,(#15408,#15415),.PCURVE_S1.);
#15404 = LINE('',#15405,#15406);
#15405 = CARTESIAN_POINT('',(74.786610878661,9.564853556485,0.));
#15406 = VECTOR('',#15407,1.);
#15407 = DIRECTION('',(-1.709152015899E-02,-0.999853929301,0.));
#15408 = PCURVE('',#15314,#15409);
#15409 = DEFINITIONAL_REPRESENTATION('',(#15410),#15414);
#15410 = LINE('',#15411,#15412);
#15411 = CARTESIAN_POINT('',(0.,0.));
#15412 = VECTOR('',#15413,1.);
#15413 = DIRECTION('',(1.,0.));
#15414 = ( GEOMETRIC_REPRESENTATION_CONTEXT(2) 
PARAMETRIC_REPRESENTATION_CONTEXT() REPRESENTATION_CONTEXT('2D SPACE',''
  ) );
#15415 = PCURVE('',#14879,#15416);
#15416 = DEFINITIONAL_REPRESENTATION('',(#15417),#15421);
#15417 = LINE('',#15418,#15419);
#15418 = CARTESIAN_POINT('',(-10.80701870127,-7.194376105908));
#15419 = VECTOR('',#15420,1.);
#15420 = DIRECTION('',(-1.709152015899E-02,-0.999853929301));
#15421 = ( GEOMETRIC_REPRESENTATION_CONTEXT(2) 
PARAMETRIC_REPRESENTATION_CONTEXT() REPRESENTATION_CONTEXT('2D SPACE',''
  ) );
#15422 = ADVANCED_FACE('',(#15423),#15390,.F.);
#15423 = FACE_BOUND('',#15424,.F.);
#15424 = EDGE_LOOP('',(#15425,#15426,#15449,#15477));
#15425 = ORIENTED_EDGE('',*,*,#15374,.T.);
#15426 = ORIENTED_EDGE('',*,*,#15427,.T.);
#15427 = EDGE_CURVE('',#15352,#15428,#15430,.T.);
#15428 = VERTEX_POINT('',#15429);
#15429 = CARTESIAN_POINT('',(75.012552301255,0.150627615063,3.));
#15430 = SURFACE_CURVE('',#15431,(#15435,#15442),.PCURVE_S1.);
#15431 = LINE('',#15432,#15433);
#15432 = CARTESIAN_POINT('',(74.635983263598,0.753138075314,3.));
#15433 = VECTOR('',#15434,1.);
#15434 = DIRECTION('',(0.529998940003,-0.847998304005,0.));
#15435 = PCURVE('',#15390,#15436);
#15436 = DEFINITIONAL_REPRESENTATION('',(#15437),#15441);
#15437 = LINE('',#15438,#15439);
#15438 = CARTESIAN_POINT('',(0.,-3.));
#15439 = VECTOR('',#15440,1.);
#15440 = DIRECTION('',(1.,0.));
#15441 = ( GEOMETRIC_REPRESENTATION_CONTEXT(2) 
PARAMETRIC_REPRESENTATION_CONTEXT() REPRESENTATION_CONTEXT('2D SPACE',''
  ) );
#15442 = PCURVE('',#14825,#15443);
#15443 = DEFINITIONAL_REPRESENTATION('',(#15444),#15448);
#15444 = LINE('',#15445,#15446);
#15445 = CARTESIAN_POINT('',(-10.95764631633,-16.00609158708));
#15446 = VECTOR('',#15447,1.);
#15447 = DIRECTION('',(0.529998940003,-0.847998304005));
#15448 = ( GEOMETRIC_REPRESENTATION_CONTEXT(2) 
PARAMETRIC_REPRESENTATION_CONTEXT() REPRESENTATION_CONTEXT('2D SPACE',''
  ) );
#15449 = ORIENTED_EDGE('',*,*,#15450,.F.);
#15450 = EDGE_CURVE('',#15451,#15428,#15453,.T.);
#15451 = VERTEX_POINT('',#15452);
#15452 = CARTESIAN_POINT('',(75.012552301255,0.150627615063,0.));
#15453 = SURFACE_CURVE('',#15454,(#15458,#15465),.PCURVE_S1.);
#15454 = LINE('',#15455,#15456);
#15455 = CARTESIAN_POINT('',(75.012552301255,0.150627615063,0.));
#15456 = VECTOR('',#15457,1.);
#15457 = DIRECTION('',(0.,0.,1.));
#15458 = PCURVE('',#15390,#15459);
#15459 = DEFINITIONAL_REPRESENTATION('',(#15460),#15464);
#15460 = LINE('',#15461,#15462);
#15461 = CARTESIAN_POINT('',(0.710509039234,0.));
#15462 = VECTOR('',#15463,1.);
#15463 = DIRECTION('',(0.,-1.));
#15464 = ( GEOMETRIC_REPRESENTATION_CONTEXT(2) 
PARAMETRIC_REPRESENTATION_CONTEXT() REPRESENTATION_CONTEXT('2D SPACE',''
  ) );
#15465 = PCURVE('',#15466,#15471);
#15466 = PLANE('',#15467);
#15467 = AXIS2_PLACEMENT_3D('',#15468,#15469,#15470);
#15468 = CARTESIAN_POINT('',(75.012552301255,0.150627615063,0.));
#15469 = DIRECTION('',(1.868832444887E-02,0.999825358015,-0.));
#15470 = DIRECTION('',(0.999825358015,-1.868832444887E-02,0.));
#15471 = DEFINITIONAL_REPRESENTATION('',(#15472),#15476);
#15472 = LINE('',#15473,#15474);
#15473 = CARTESIAN_POINT('',(0.,0.));
#15474 = VECTOR('',#15475,1.);
#15475 = DIRECTION('',(0.,-1.));
#15476 = ( GEOMETRIC_REPRESENTATION_CONTEXT(2) 
PARAMETRIC_REPRESENTATION_CONTEXT() REPRESENTATION_CONTEXT('2D SPACE',''
  ) );
#15477 = ORIENTED_EDGE('',*,*,#15478,.F.);
#15478 = EDGE_CURVE('',#15375,#15451,#15479,.T.);
#15479 = SURFACE_CURVE('',#15480,(#15484,#15491),.PCURVE_S1.);
#15480 = LINE('',#15481,#15482);
#15481 = CARTESIAN_POINT('',(74.635983263598,0.753138075314,0.));
#15482 = VECTOR('',#15483,1.);
#15483 = DIRECTION('',(0.529998940003,-0.847998304005,0.));
#15484 = PCURVE('',#15390,#15485);
#15485 = DEFINITIONAL_REPRESENTATION('',(#15486),#15490);
#15486 = LINE('',#15487,#15488);
#15487 = CARTESIAN_POINT('',(0.,0.));
#15488 = VECTOR('',#15489,1.);
#15489 = DIRECTION('',(1.,0.));
#15490 = ( GEOMETRIC_REPRESENTATION_CONTEXT(2) 
PARAMETRIC_REPRESENTATION_CONTEXT() REPRESENTATION_CONTEXT('2D SPACE',''
  ) );
#15491 = PCURVE('',#14879,#15492);
#15492 = DEFINITIONAL_REPRESENTATION('',(#15493),#15497);
#15493 = LINE('',#15494,#15495);
#15494 = CARTESIAN_POINT('',(-10.95764631633,-16.00609158708));
#15495 = VECTOR('',#15496,1.);
#15496 = DIRECTION('',(0.529998940003,-0.847998304005));
#15497 = ( GEOMETRIC_REPRESENTATION_CONTEXT(2) 
PARAMETRIC_REPRESENTATION_CONTEXT() REPRESENTATION_CONTEXT('2D SPACE',''
  ) );
#15498 = ADVANCED_FACE('',(#15499),#15466,.F.);
#15499 = FACE_BOUND('',#15500,.F.);
#15500 = EDGE_LOOP('',(#15501,#15502,#15525,#15553));
#15501 = ORIENTED_EDGE('',*,*,#15450,.T.);
#15502 = ORIENTED_EDGE('',*,*,#15503,.T.);
#15503 = EDGE_CURVE('',#15428,#15504,#15506,.T.);
#15504 = VERTEX_POINT('',#15505);
#15505 = CARTESIAN_POINT('',(83.071129707113,0.,3.));
#15506 = SURFACE_CURVE('',#15507,(#15511,#15518),.PCURVE_S1.);
#15507 = LINE('',#15508,#15509);
#15508 = CARTESIAN_POINT('',(75.012552301255,0.150627615063,3.));
#15509 = VECTOR('',#15510,1.);
#15510 = DIRECTION('',(0.999825358015,-1.868832444887E-02,0.));
#15511 = PCURVE('',#15466,#15512);
#15512 = DEFINITIONAL_REPRESENTATION('',(#15513),#15517);
#15513 = LINE('',#15514,#15515);
#15514 = CARTESIAN_POINT('',(0.,-3.));
#15515 = VECTOR('',#15516,1.);
#15516 = DIRECTION('',(1.,0.));
#15517 = ( GEOMETRIC_REPRESENTATION_CONTEXT(2) 
PARAMETRIC_REPRESENTATION_CONTEXT() REPRESENTATION_CONTEXT('2D SPACE',''
  ) );
#15518 = PCURVE('',#14825,#15519);
#15519 = DEFINITIONAL_REPRESENTATION('',(#15520),#15524);
#15520 = LINE('',#15521,#15522);
#15521 = CARTESIAN_POINT('',(-10.58107727867,-16.60860204733));
#15522 = VECTOR('',#15523,1.);
#15523 = DIRECTION('',(0.999825358015,-1.868832444887E-02));
#15524 = ( GEOMETRIC_REPRESENTATION_CONTEXT(2) 
PARAMETRIC_REPRESENTATION_CONTEXT() REPRESENTATION_CONTEXT('2D SPACE',''
  ) );
#15525 = ORIENTED_EDGE('',*,*,#15526,.F.);
#15526 = EDGE_CURVE('',#15527,#15504,#15529,.T.);
#15527 = VERTEX_POINT('',#15528);
#15528 = CARTESIAN_POINT('',(83.071129707113,0.,0.));
#15529 = SURFACE_CURVE('',#15530,(#15534,#15541),.PCURVE_S1.);
#15530 = LINE('',#15531,#15532);
#15531 = CARTESIAN_POINT('',(83.071129707113,0.,0.));
#15532 = VECTOR('',#15533,1.);
#15533 = DIRECTION('',(0.,0.,1.));
#15534 = PCURVE('',#15466,#15535);
#15535 = DEFINITIONAL_REPRESENTATION('',(#15536),#15540);
#15536 = LINE('',#15537,#15538);
#15537 = CARTESIAN_POINT('',(8.059985017642,0.));
#15538 = VECTOR('',#15539,1.);
#15539 = DIRECTION('',(0.,-1.));
#15540 = ( GEOMETRIC_REPRESENTATION_CONTEXT(2) 
PARAMETRIC_REPRESENTATION_CONTEXT() REPRESENTATION_CONTEXT('2D SPACE',''
  ) );
#15541 = PCURVE('',#15542,#15547);
#15542 = PLANE('',#15543);
#15543 = AXIS2_PLACEMENT_3D('',#15544,#15545,#15546);
#15544 = CARTESIAN_POINT('',(83.071129707113,0.,0.));
#15545 = DIRECTION('',(-0.171341174751,0.98521175482,0.));
#15546 = DIRECTION('',(0.98521175482,0.171341174751,0.));
#15547 = DEFINITIONAL_REPRESENTATION('',(#15548),#15552);
#15548 = LINE('',#15549,#15550);
#15549 = CARTESIAN_POINT('',(0.,0.));
#15550 = VECTOR('',#15551,1.);
#15551 = DIRECTION('',(0.,-1.));
#15552 = ( GEOMETRIC_REPRESENTATION_CONTEXT(2) 
PARAMETRIC_REPRESENTATION_CONTEXT() REPRESENTATION_CONTEXT('2D SPACE',''
  ) );
#15553 = ORIENTED_EDGE('',*,*,#15554,.F.);
#15554 = EDGE_CURVE('',#15451,#15527,#15555,.T.);
#15555 = SURFACE_CURVE('',#15556,(#15560,#15567),.PCURVE_S1.);
#15556 = LINE('',#15557,#15558);
#15557 = CARTESIAN_POINT('',(75.012552301255,0.150627615063,0.));
#15558 = VECTOR('',#15559,1.);
#15559 = DIRECTION('',(0.999825358015,-1.868832444887E-02,0.));
#15560 = PCURVE('',#15466,#15561);
#15561 = DEFINITIONAL_REPRESENTATION('',(#15562),#15566);
#15562 = LINE('',#15563,#15564);
#15563 = CARTESIAN_POINT('',(0.,0.));
#15564 = VECTOR('',#15565,1.);
#15565 = DIRECTION('',(1.,0.));
#15566 = ( GEOMETRIC_REPRESENTATION_CONTEXT(2) 
PARAMETRIC_REPRESENTATION_CONTEXT() REPRESENTATION_CONTEXT('2D SPACE',''
  ) );
#15567 = PCURVE('',#14879,#15568);
#15568 = DEFINITIONAL_REPRESENTATION('',(#15569),#15573);
#15569 = LINE('',#15570,#15571);
#15570 = CARTESIAN_POINT('',(-10.58107727867,-16.60860204733));
#15571 = VECTOR('',#15572,1.);
#15572 = DIRECTION('',(0.999825358015,-1.868832444887E-02));
#15573 = ( GEOMETRIC_REPRESENTATION_CONTEXT(2) 
PARAMETRIC_REPRESENTATION_CONTEXT() REPRESENTATION_CONTEXT('2D SPACE',''
  ) );
#15574 = ADVANCED_FACE('',(#15575),#15542,.F.);
#15575 = FACE_BOUND('',#15576,.F.);
#15576 = EDGE_LOOP('',(#15577,#15578,#15601,#15629));
#15577 = ORIENTED_EDGE('',*,*,#15526,.T.);
#15578 = ORIENTED_EDGE('',*,*,#15579,.T.);
#15579 = EDGE_CURVE('',#15504,#15580,#15582,.T.);
#15580 = VERTEX_POINT('',#15581);
#15581 = CARTESIAN_POINT('',(84.803347280335,0.301255230126,3.));
#15582 = SURFACE_CURVE('',#15583,(#15587,#15594),.PCURVE_S1.);
#15583 = LINE('',#15584,#15585);
#15584 = CARTESIAN_POINT('',(83.071129707113,0.,3.));
#15585 = VECTOR('',#15586,1.);
#15586 = DIRECTION('',(0.98521175482,0.171341174751,0.));
#15587 = PCURVE('',#15542,#15588);
#15588 = DEFINITIONAL_REPRESENTATION('',(#15589),#15593);
#15589 = LINE('',#15590,#15591);
#15590 = CARTESIAN_POINT('',(0.,-3.));
#15591 = VECTOR('',#15592,1.);
#15592 = DIRECTION('',(1.,0.));
#15593 = ( GEOMETRIC_REPRESENTATION_CONTEXT(2) 
PARAMETRIC_REPRESENTATION_CONTEXT() REPRESENTATION_CONTEXT('2D SPACE',''
  ) );
#15594 = PCURVE('',#14825,#15595);
#15595 = DEFINITIONAL_REPRESENTATION('',(#15596),#15600);
#15596 = LINE('',#15597,#15598);
#15597 = CARTESIAN_POINT('',(-2.522499872819,-16.75922966239));
#15598 = VECTOR('',#15599,1.);
#15599 = DIRECTION('',(0.98521175482,0.171341174751));
#15600 = ( GEOMETRIC_REPRESENTATION_CONTEXT(2) 
PARAMETRIC_REPRESENTATION_CONTEXT() REPRESENTATION_CONTEXT('2D SPACE',''
  ) );
#15601 = ORIENTED_EDGE('',*,*,#15602,.F.);
#15602 = EDGE_CURVE('',#15603,#15580,#15605,.T.);
#15603 = VERTEX_POINT('',#15604);
#15604 = CARTESIAN_POINT('',(84.803347280335,0.301255230126,0.));
#15605 = SURFACE_CURVE('',#15606,(#15610,#15617),.PCURVE_S1.);
#15606 = LINE('',#15607,#15608);
#15607 = CARTESIAN_POINT('',(84.803347280335,0.301255230126,0.));
#15608 = VECTOR('',#15609,1.);
#15609 = DIRECTION('',(0.,0.,1.));
#15610 = PCURVE('',#15542,#15611);
#15611 = DEFINITIONAL_REPRESENTATION('',(#15612),#15616);
#15612 = LINE('',#15613,#15614);
#15613 = CARTESIAN_POINT('',(1.758218540073,0.));
#15614 = VECTOR('',#15615,1.);
#15615 = DIRECTION('',(0.,-1.));
#15616 = ( GEOMETRIC_REPRESENTATION_CONTEXT(2) 
PARAMETRIC_REPRESENTATION_CONTEXT() REPRESENTATION_CONTEXT('2D SPACE',''
  ) );
#15617 = PCURVE('',#15618,#15623);
#15618 = PLANE('',#15619);
#15619 = AXIS2_PLACEMENT_3D('',#15620,#15621,#15622);
#15620 = CARTESIAN_POINT('',(84.803347280335,0.301255230126,0.));
#15621 = DIRECTION('',(-0.391862065125,0.92002397899,0.));
#15622 = DIRECTION('',(0.92002397899,0.391862065125,0.));
#15623 = DEFINITIONAL_REPRESENTATION('',(#15624),#15628);
#15624 = LINE('',#15625,#15626);
#15625 = CARTESIAN_POINT('',(0.,0.));
#15626 = VECTOR('',#15627,1.);
#15627 = DIRECTION('',(0.,-1.));
#15628 = ( GEOMETRIC_REPRESENTATION_CONTEXT(2) 
PARAMETRIC_REPRESENTATION_CONTEXT() REPRESENTATION_CONTEXT('2D SPACE',''
  ) );
#15629 = ORIENTED_EDGE('',*,*,#15630,.F.);
#15630 = EDGE_CURVE('',#15527,#15603,#15631,.T.);
#15631 = SURFACE_CURVE('',#15632,(#15636,#15643),.PCURVE_S1.);
#15632 = LINE('',#15633,#15634);
#15633 = CARTESIAN_POINT('',(83.071129707113,0.,0.));
#15634 = VECTOR('',#15635,1.);
#15635 = DIRECTION('',(0.98521175482,0.171341174751,0.));
#15636 = PCURVE('',#15542,#15637);
#15637 = DEFINITIONAL_REPRESENTATION('',(#15638),#15642);
#15638 = LINE('',#15639,#15640);
#15639 = CARTESIAN_POINT('',(0.,0.));
#15640 = VECTOR('',#15641,1.);
#15641 = DIRECTION('',(1.,0.));
#15642 = ( GEOMETRIC_REPRESENTATION_CONTEXT(2) 
PARAMETRIC_REPRESENTATION_CONTEXT() REPRESENTATION_CONTEXT('2D SPACE',''
  ) );
#15643 = PCURVE('',#14879,#15644);
#15644 = DEFINITIONAL_REPRESENTATION('',(#15645),#15649);
#15645 = LINE('',#15646,#15647);
#15646 = CARTESIAN_POINT('',(-2.522499872819,-16.75922966239));
#15647 = VECTOR('',#15648,1.);
#15648 = DIRECTION('',(0.98521175482,0.171341174751));
#15649 = ( GEOMETRIC_REPRESENTATION_CONTEXT(2) 
PARAMETRIC_REPRESENTATION_CONTEXT() REPRESENTATION_CONTEXT('2D SPACE',''
  ) );
#15650 = ADVANCED_FACE('',(#15651),#15618,.F.);
#15651 = FACE_BOUND('',#15652,.F.);
#15652 = EDGE_LOOP('',(#15653,#15654,#15677,#15705));
#15653 = ORIENTED_EDGE('',*,*,#15602,.T.);
#15654 = ORIENTED_EDGE('',*,*,#15655,.T.);
#15655 = EDGE_CURVE('',#15580,#15656,#15658,.T.);
#15656 = VERTEX_POINT('',#15657);
#15657 = CARTESIAN_POINT('',(88.870292887029,2.033472803347,3.));
#15658 = SURFACE_CURVE('',#15659,(#15663,#15670),.PCURVE_S1.);
#15659 = LINE('',#15660,#15661);
#15660 = CARTESIAN_POINT('',(84.803347280335,0.301255230126,3.));
#15661 = VECTOR('',#15662,1.);
#15662 = DIRECTION('',(0.92002397899,0.391862065125,0.));
#15663 = PCURVE('',#15618,#15664);
#15664 = DEFINITIONAL_REPRESENTATION('',(#15665),#15669);
#15665 = LINE('',#15666,#15667);
#15666 = CARTESIAN_POINT('',(0.,-3.));
#15667 = VECTOR('',#15668,1.);
#15668 = DIRECTION('',(1.,0.));
#15669 = ( GEOMETRIC_REPRESENTATION_CONTEXT(2) 
PARAMETRIC_REPRESENTATION_CONTEXT() REPRESENTATION_CONTEXT('2D SPACE',''
  ) );
#15670 = PCURVE('',#14825,#15671);
#15671 = DEFINITIONAL_REPRESENTATION('',(#15672),#15676);
#15672 = LINE('',#15673,#15674);
#15673 = CARTESIAN_POINT('',(-0.790282299597,-16.45797443226));
#15674 = VECTOR('',#15675,1.);
#15675 = DIRECTION('',(0.92002397899,0.391862065125));
#15676 = ( GEOMETRIC_REPRESENTATION_CONTEXT(2) 
PARAMETRIC_REPRESENTATION_CONTEXT() REPRESENTATION_CONTEXT('2D SPACE',''
  ) );
#15677 = ORIENTED_EDGE('',*,*,#15678,.F.);
#15678 = EDGE_CURVE('',#15679,#15656,#15681,.T.);
#15679 = VERTEX_POINT('',#15680);
#15680 = CARTESIAN_POINT('',(88.870292887029,2.033472803347,0.));
#15681 = SURFACE_CURVE('',#15682,(#15686,#15693),.PCURVE_S1.);
#15682 = LINE('',#15683,#15684);
#15683 = CARTESIAN_POINT('',(88.870292887029,2.033472803347,0.));
#15684 = VECTOR('',#15685,1.);
#15685 = DIRECTION('',(0.,0.,1.));
#15686 = PCURVE('',#15618,#15687);
#15687 = DEFINITIONAL_REPRESENTATION('',(#15688),#15692);
#15688 = LINE('',#15689,#15690);
#15689 = CARTESIAN_POINT('',(4.420477834894,0.));
#15690 = VECTOR('',#15691,1.);
#15691 = DIRECTION('',(0.,-1.));
#15692 = ( GEOMETRIC_REPRESENTATION_CONTEXT(2) 
PARAMETRIC_REPRESENTATION_CONTEXT() REPRESENTATION_CONTEXT('2D SPACE',''
  ) );
#15693 = PCURVE('',#15694,#15699);
#15694 = PLANE('',#15695);
#15695 = AXIS2_PLACEMENT_3D('',#15696,#15697,#15698);
#15696 = CARTESIAN_POINT('',(88.870292887029,2.033472803347,0.));
#15697 = DIRECTION('',(-0.732186738163,0.681103942477,0.));
#15698 = DIRECTION('',(0.681103942477,0.732186738163,0.));
#15699 = DEFINITIONAL_REPRESENTATION('',(#15700),#15704);
#15700 = LINE('',#15701,#15702);
#15701 = CARTESIAN_POINT('',(0.,0.));
#15702 = VECTOR('',#15703,1.);
#15703 = DIRECTION('',(0.,-1.));
#15704 = ( GEOMETRIC_REPRESENTATION_CONTEXT(2) 
PARAMETRIC_REPRESENTATION_CONTEXT() REPRESENTATION_CONTEXT('2D SPACE',''
  ) );
#15705 = ORIENTED_EDGE('',*,*,#15706,.F.);
#15706 = EDGE_CURVE('',#15603,#15679,#15707,.T.);
#15707 = SURFACE_CURVE('',#15708,(#15712,#15719),.PCURVE_S1.);
#15708 = LINE('',#15709,#15710);
#15709 = CARTESIAN_POINT('',(84.803347280335,0.301255230126,0.));
#15710 = VECTOR('',#15711,1.);
#15711 = DIRECTION('',(0.92002397899,0.391862065125,0.));
#15712 = PCURVE('',#15618,#15713);
#15713 = DEFINITIONAL_REPRESENTATION('',(#15714),#15718);
#15714 = LINE('',#15715,#15716);
#15715 = CARTESIAN_POINT('',(0.,0.));
#15716 = VECTOR('',#15717,1.);
#15717 = DIRECTION('',(1.,0.));
#15718 = ( GEOMETRIC_REPRESENTATION_CONTEXT(2) 
PARAMETRIC_REPRESENTATION_CONTEXT() REPRESENTATION_CONTEXT('2D SPACE',''
  ) );
#15719 = PCURVE('',#14879,#15720);
#15720 = DEFINITIONAL_REPRESENTATION('',(#15721),#15725);
#15721 = LINE('',#15722,#15723);
#15722 = CARTESIAN_POINT('',(-0.790282299597,-16.45797443226));
#15723 = VECTOR('',#15724,1.);
#15724 = DIRECTION('',(0.92002397899,0.391862065125));
#15725 = ( GEOMETRIC_REPRESENTATION_CONTEXT(2) 
PARAMETRIC_REPRESENTATION_CONTEXT() REPRESENTATION_CONTEXT('2D SPACE',''
  ) );
#15726 = ADVANCED_FACE('',(#15727),#15694,.F.);
#15727 = FACE_BOUND('',#15728,.F.);
#15728 = EDGE_LOOP('',(#15729,#15730,#15753,#15781));
#15729 = ORIENTED_EDGE('',*,*,#15678,.T.);
#15730 = ORIENTED_EDGE('',*,*,#15731,.T.);
#15731 = EDGE_CURVE('',#15656,#15732,#15734,.T.);
#15732 = VERTEX_POINT('',#15733);
#15733 = CARTESIAN_POINT('',(91.882845188285,5.271966527197,3.));
#15734 = SURFACE_CURVE('',#15735,(#15739,#15746),.PCURVE_S1.);
#15735 = LINE('',#15736,#15737);
#15736 = CARTESIAN_POINT('',(88.870292887029,2.033472803347,3.));
#15737 = VECTOR('',#15738,1.);
#15738 = DIRECTION('',(0.681103942477,0.732186738163,0.));
#15739 = PCURVE('',#15694,#15740);
#15740 = DEFINITIONAL_REPRESENTATION('',(#15741),#15745);
#15741 = LINE('',#15742,#15743);
#15742 = CARTESIAN_POINT('',(0.,-3.));
#15743 = VECTOR('',#15744,1.);
#15744 = DIRECTION('',(1.,0.));
#15745 = ( GEOMETRIC_REPRESENTATION_CONTEXT(2) 
PARAMETRIC_REPRESENTATION_CONTEXT() REPRESENTATION_CONTEXT('2D SPACE',''
  ) );
#15746 = PCURVE('',#14825,#15747);
#15747 = DEFINITIONAL_REPRESENTATION('',(#15748),#15752);
#15748 = LINE('',#15749,#15750);
#15749 = CARTESIAN_POINT('',(3.276663307098,-14.72575685904));
#15750 = VECTOR('',#15751,1.);
#15751 = DIRECTION('',(0.681103942477,0.732186738163));
#15752 = ( GEOMETRIC_REPRESENTATION_CONTEXT(2) 
PARAMETRIC_REPRESENTATION_CONTEXT() REPRESENTATION_CONTEXT('2D SPACE',''
  ) );
#15753 = ORIENTED_EDGE('',*,*,#15754,.F.);
#15754 = EDGE_CURVE('',#15755,#15732,#15757,.T.);
#15755 = VERTEX_POINT('',#15756);
#15756 = CARTESIAN_POINT('',(91.882845188285,5.271966527197,0.));
#15757 = SURFACE_CURVE('',#15758,(#15762,#15769),.PCURVE_S1.);
#15758 = LINE('',#15759,#15760);
#15759 = CARTESIAN_POINT('',(91.882845188285,5.271966527197,0.));
#15760 = VECTOR('',#15761,1.);
#15761 = DIRECTION('',(0.,0.,1.));
#15762 = PCURVE('',#15694,#15763);
#15763 = DEFINITIONAL_REPRESENTATION('',(#15764),#15768);
#15764 = LINE('',#15765,#15766);
#15765 = CARTESIAN_POINT('',(4.423043405531,0.));
#15766 = VECTOR('',#15767,1.);
#15767 = DIRECTION('',(0.,-1.));
#15768 = ( GEOMETRIC_REPRESENTATION_CONTEXT(2) 
PARAMETRIC_REPRESENTATION_CONTEXT() REPRESENTATION_CONTEXT('2D SPACE',''
  ) );
#15769 = PCURVE('',#15770,#15775);
#15770 = PLANE('',#15771);
#15771 = AXIS2_PLACEMENT_3D('',#15772,#15773,#15774);
#15772 = CARTESIAN_POINT('',(91.882845188285,5.271966527197,0.));
#15773 = DIRECTION('',(-0.922194381829,0.386726676251,0.));
#15774 = DIRECTION('',(0.386726676251,0.922194381829,0.));
#15775 = DEFINITIONAL_REPRESENTATION('',(#15776),#15780);
#15776 = LINE('',#15777,#15778);
#15777 = CARTESIAN_POINT('',(0.,0.));
#15778 = VECTOR('',#15779,1.);
#15779 = DIRECTION('',(0.,-1.));
#15780 = ( GEOMETRIC_REPRESENTATION_CONTEXT(2) 
PARAMETRIC_REPRESENTATION_CONTEXT() REPRESENTATION_CONTEXT('2D SPACE',''
  ) );
#15781 = ORIENTED_EDGE('',*,*,#15782,.F.);
#15782 = EDGE_CURVE('',#15679,#15755,#15783,.T.);
#15783 = SURFACE_CURVE('',#15784,(#15788,#15795),.PCURVE_S1.);
#15784 = LINE('',#15785,#15786);
#15785 = CARTESIAN_POINT('',(88.870292887029,2.033472803347,0.));
#15786 = VECTOR('',#15787,1.);
#15787 = DIRECTION('',(0.681103942477,0.732186738163,0.));
#15788 = PCURVE('',#15694,#15789);
#15789 = DEFINITIONAL_REPRESENTATION('',(#15790),#15794);
#15790 = LINE('',#15791,#15792);
#15791 = CARTESIAN_POINT('',(0.,0.));
#15792 = VECTOR('',#15793,1.);
#15793 = DIRECTION('',(1.,0.));
#15794 = ( GEOMETRIC_REPRESENTATION_CONTEXT(2) 
PARAMETRIC_REPRESENTATION_CONTEXT() REPRESENTATION_CONTEXT('2D SPACE',''
  ) );
#15795 = PCURVE('',#14879,#15796);
#15796 = DEFINITIONAL_REPRESENTATION('',(#15797),#15801);
#15797 = LINE('',#15798,#15799);
#15798 = CARTESIAN_POINT('',(3.276663307098,-14.72575685904));
#15799 = VECTOR('',#15800,1.);
#15800 = DIRECTION('',(0.681103942477,0.732186738163));
#15801 = ( GEOMETRIC_REPRESENTATION_CONTEXT(2) 
PARAMETRIC_REPRESENTATION_CONTEXT() REPRESENTATION_CONTEXT('2D SPACE',''
  ) );
#15802 = ADVANCED_FACE('',(#15803),#15770,.F.);
#15803 = FACE_BOUND('',#15804,.F.);
#15804 = EDGE_LOOP('',(#15805,#15806,#15829,#15857));
#15805 = ORIENTED_EDGE('',*,*,#15754,.T.);
#15806 = ORIENTED_EDGE('',*,*,#15807,.T.);
#15807 = EDGE_CURVE('',#15732,#15808,#15810,.T.);
#15808 = VERTEX_POINT('',#15809);
#15809 = CARTESIAN_POINT('',(92.861924686192,7.606694560669,3.));
#15810 = SURFACE_CURVE('',#15811,(#15815,#15822),.PCURVE_S1.);
#15811 = LINE('',#15812,#15813);
#15812 = CARTESIAN_POINT('',(91.882845188285,5.271966527197,3.));
#15813 = VECTOR('',#15814,1.);
#15814 = DIRECTION('',(0.386726676251,0.922194381829,0.));
#15815 = PCURVE('',#15770,#15816);
#15816 = DEFINITIONAL_REPRESENTATION('',(#15817),#15821);
#15817 = LINE('',#15818,#15819);
#15818 = CARTESIAN_POINT('',(0.,-3.));
#15819 = VECTOR('',#15820,1.);
#15820 = DIRECTION('',(1.,0.));
#15821 = ( GEOMETRIC_REPRESENTATION_CONTEXT(2) 
PARAMETRIC_REPRESENTATION_CONTEXT() REPRESENTATION_CONTEXT('2D SPACE',''
  ) );
#15822 = PCURVE('',#14825,#15823);
#15823 = DEFINITIONAL_REPRESENTATION('',(#15824),#15828);
#15824 = LINE('',#15825,#15826);
#15825 = CARTESIAN_POINT('',(6.289215608353,-11.48726313519));
#15826 = VECTOR('',#15827,1.);
#15827 = DIRECTION('',(0.386726676251,0.922194381829));
#15828 = ( GEOMETRIC_REPRESENTATION_CONTEXT(2) 
PARAMETRIC_REPRESENTATION_CONTEXT() REPRESENTATION_CONTEXT('2D SPACE',''
  ) );
#15829 = ORIENTED_EDGE('',*,*,#15830,.F.);
#15830 = EDGE_CURVE('',#15831,#15808,#15833,.T.);
#15831 = VERTEX_POINT('',#15832);
#15832 = CARTESIAN_POINT('',(92.861924686192,7.606694560669,0.));
#15833 = SURFACE_CURVE('',#15834,(#15838,#15845),.PCURVE_S1.);
#15834 = LINE('',#15835,#15836);
#15835 = CARTESIAN_POINT('',(92.861924686192,7.606694560669,0.));
#15836 = VECTOR('',#15837,1.);
#15837 = DIRECTION('',(0.,0.,1.));
#15838 = PCURVE('',#15770,#15839);
#15839 = DEFINITIONAL_REPRESENTATION('',(#15840),#15844);
#15840 = LINE('',#15841,#15842);
#15841 = CARTESIAN_POINT('',(2.531709235577,0.));
#15842 = VECTOR('',#15843,1.);
#15843 = DIRECTION('',(0.,-1.));
#15844 = ( GEOMETRIC_REPRESENTATION_CONTEXT(2) 
PARAMETRIC_REPRESENTATION_CONTEXT() REPRESENTATION_CONTEXT('2D SPACE',''
  ) );
#15845 = PCURVE('',#15846,#15851);
#15846 = PLANE('',#15847);
#15847 = AXIS2_PLACEMENT_3D('',#15848,#15849,#15850);
#15848 = CARTESIAN_POINT('',(92.861924686192,7.606694560669,0.));
#15849 = DIRECTION('',(-0.983547166232,0.180651520328,0.));
#15850 = DIRECTION('',(0.180651520328,0.983547166232,0.));
#15851 = DEFINITIONAL_REPRESENTATION('',(#15852),#15856);
#15852 = LINE('',#15853,#15854);
#15853 = CARTESIAN_POINT('',(0.,0.));
#15854 = VECTOR('',#15855,1.);
#15855 = DIRECTION('',(0.,-1.));
#15856 = ( GEOMETRIC_REPRESENTATION_CONTEXT(2) 
PARAMETRIC_REPRESENTATION_CONTEXT() REPRESENTATION_CONTEXT('2D SPACE',''
  ) );
#15857 = ORIENTED_EDGE('',*,*,#15858,.F.);
#15858 = EDGE_CURVE('',#15755,#15831,#15859,.T.);
#15859 = SURFACE_CURVE('',#15860,(#15864,#15871),.PCURVE_S1.);
#15860 = LINE('',#15861,#15862);
#15861 = CARTESIAN_POINT('',(91.882845188285,5.271966527197,0.));
#15862 = VECTOR('',#15863,1.);
#15863 = DIRECTION('',(0.386726676251,0.922194381829,0.));
#15864 = PCURVE('',#15770,#15865);
#15865 = DEFINITIONAL_REPRESENTATION('',(#15866),#15870);
#15866 = LINE('',#15867,#15868);
#15867 = CARTESIAN_POINT('',(0.,0.));
#15868 = VECTOR('',#15869,1.);
#15869 = DIRECTION('',(1.,0.));
#15870 = ( GEOMETRIC_REPRESENTATION_CONTEXT(2) 
PARAMETRIC_REPRESENTATION_CONTEXT() REPRESENTATION_CONTEXT('2D SPACE',''
  ) );
#15871 = PCURVE('',#14879,#15872);
#15872 = DEFINITIONAL_REPRESENTATION('',(#15873),#15877);
#15873 = LINE('',#15874,#15875);
#15874 = CARTESIAN_POINT('',(6.289215608353,-11.48726313519));
#15875 = VECTOR('',#15876,1.);
#15876 = DIRECTION('',(0.386726676251,0.922194381829));
#15877 = ( GEOMETRIC_REPRESENTATION_CONTEXT(2) 
PARAMETRIC_REPRESENTATION_CONTEXT() REPRESENTATION_CONTEXT('2D SPACE',''
  ) );
#15878 = ADVANCED_FACE('',(#15879),#15846,.F.);
#15879 = FACE_BOUND('',#15880,.F.);
#15880 = EDGE_LOOP('',(#15881,#15882,#15905,#15933));
#15881 = ORIENTED_EDGE('',*,*,#15830,.T.);
#15882 = ORIENTED_EDGE('',*,*,#15883,.T.);
#15883 = EDGE_CURVE('',#15808,#15884,#15886,.T.);
#15884 = VERTEX_POINT('',#15885);
#15885 = CARTESIAN_POINT('',(93.539748953975,11.297071129707,3.));
#15886 = SURFACE_CURVE('',#15887,(#15891,#15898),.PCURVE_S1.);
#15887 = LINE('',#15888,#15889);
#15888 = CARTESIAN_POINT('',(92.861924686192,7.606694560669,3.));
#15889 = VECTOR('',#15890,1.);
#15890 = DIRECTION('',(0.180651520328,0.983547166232,0.));
#15891 = PCURVE('',#15846,#15892);
#15892 = DEFINITIONAL_REPRESENTATION('',(#15893),#15897);
#15893 = LINE('',#15894,#15895);
#15894 = CARTESIAN_POINT('',(0.,-3.));
#15895 = VECTOR('',#15896,1.);
#15896 = DIRECTION('',(1.,0.));
#15897 = ( GEOMETRIC_REPRESENTATION_CONTEXT(2) 
PARAMETRIC_REPRESENTATION_CONTEXT() REPRESENTATION_CONTEXT('2D SPACE',''
  ) );
#15898 = PCURVE('',#14825,#15899);
#15899 = DEFINITIONAL_REPRESENTATION('',(#15900),#15904);
#15900 = LINE('',#15901,#15902);
#15901 = CARTESIAN_POINT('',(7.268295106261,-9.152535101724));
#15902 = VECTOR('',#15903,1.);
#15903 = DIRECTION('',(0.180651520328,0.983547166232));
#15904 = ( GEOMETRIC_REPRESENTATION_CONTEXT(2) 
PARAMETRIC_REPRESENTATION_CONTEXT() REPRESENTATION_CONTEXT('2D SPACE',''
  ) );
#15905 = ORIENTED_EDGE('',*,*,#15906,.F.);
#15906 = EDGE_CURVE('',#15907,#15884,#15909,.T.);
#15907 = VERTEX_POINT('',#15908);
#15908 = CARTESIAN_POINT('',(93.539748953975,11.297071129707,0.));
#15909 = SURFACE_CURVE('',#15910,(#15914,#15921),.PCURVE_S1.);
#15910 = LINE('',#15911,#15912);
#15911 = CARTESIAN_POINT('',(93.539748953975,11.297071129707,0.));
#15912 = VECTOR('',#15913,1.);
#15913 = DIRECTION('',(0.,0.,1.));
#15914 = PCURVE('',#15846,#15915);
#15915 = DEFINITIONAL_REPRESENTATION('',(#15916),#15920);
#15916 = LINE('',#15917,#15918);
#15917 = CARTESIAN_POINT('',(3.752109401296,0.));
#15918 = VECTOR('',#15919,1.);
#15919 = DIRECTION('',(0.,-1.));
#15920 = ( GEOMETRIC_REPRESENTATION_CONTEXT(2) 
PARAMETRIC_REPRESENTATION_CONTEXT() REPRESENTATION_CONTEXT('2D SPACE',''
  ) );
#15921 = PCURVE('',#15922,#15927);
#15922 = PLANE('',#15923);
#15923 = AXIS2_PLACEMENT_3D('',#15924,#15925,#15926);
#15924 = CARTESIAN_POINT('',(93.539748953975,11.297071129707,0.));
#15925 = DIRECTION('',(-1.,0.,0.));
#15926 = DIRECTION('',(0.,1.,0.));
#15927 = DEFINITIONAL_REPRESENTATION('',(#15928),#15932);
#15928 = LINE('',#15929,#15930);
#15929 = CARTESIAN_POINT('',(0.,0.));
#15930 = VECTOR('',#15931,1.);
#15931 = DIRECTION('',(0.,-1.));
#15932 = ( GEOMETRIC_REPRESENTATION_CONTEXT(2) 
PARAMETRIC_REPRESENTATION_CONTEXT() REPRESENTATION_CONTEXT('2D SPACE',''
  ) );
#15933 = ORIENTED_EDGE('',*,*,#15934,.F.);
#15934 = EDGE_CURVE('',#15831,#15907,#15935,.T.);
#15935 = SURFACE_CURVE('',#15936,(#15940,#15947),.PCURVE_S1.);
#15936 = LINE('',#15937,#15938);
#15937 = CARTESIAN_POINT('',(92.861924686192,7.606694560669,0.));
#15938 = VECTOR('',#15939,1.);
#15939 = DIRECTION('',(0.180651520328,0.983547166232,0.));
#15940 = PCURVE('',#15846,#15941);
#15941 = DEFINITIONAL_REPRESENTATION('',(#15942),#15946);
#15942 = LINE('',#15943,#15944);
#15943 = CARTESIAN_POINT('',(0.,0.));
#15944 = VECTOR('',#15945,1.);
#15945 = DIRECTION('',(1.,0.));
#15946 = ( GEOMETRIC_REPRESENTATION_CONTEXT(2) 
PARAMETRIC_REPRESENTATION_CONTEXT() REPRESENTATION_CONTEXT('2D SPACE',''
  ) );
#15947 = PCURVE('',#14879,#15948);
#15948 = DEFINITIONAL_REPRESENTATION('',(#15949),#15953);
#15949 = LINE('',#15950,#15951);
#15950 = CARTESIAN_POINT('',(7.268295106261,-9.152535101724));
#15951 = VECTOR('',#15952,1.);
#15952 = DIRECTION('',(0.180651520328,0.983547166232));
#15953 = ( GEOMETRIC_REPRESENTATION_CONTEXT(2) 
PARAMETRIC_REPRESENTATION_CONTEXT() REPRESENTATION_CONTEXT('2D SPACE',''
  ) );
#15954 = ADVANCED_FACE('',(#15955),#15922,.F.);
#15955 = FACE_BOUND('',#15956,.F.);
#15956 = EDGE_LOOP('',(#15957,#15958,#15981,#16004));
#15957 = ORIENTED_EDGE('',*,*,#15906,.T.);
#15958 = ORIENTED_EDGE('',*,*,#15959,.T.);
#15959 = EDGE_CURVE('',#15884,#15960,#15962,.T.);
#15960 = VERTEX_POINT('',#15961);
#15961 = CARTESIAN_POINT('',(93.539748953975,34.719665271967,3.));
#15962 = SURFACE_CURVE('',#15963,(#15967,#15974),.PCURVE_S1.);
#15963 = LINE('',#15964,#15965);
#15964 = CARTESIAN_POINT('',(93.539748953975,11.297071129707,3.));
#15965 = VECTOR('',#15966,1.);
#15966 = DIRECTION('',(0.,1.,0.));
#15967 = PCURVE('',#15922,#15968);
#15968 = DEFINITIONAL_REPRESENTATION('',(#15969),#15973);
#15969 = LINE('',#15970,#15971);
#15970 = CARTESIAN_POINT('',(0.,-3.));
#15971 = VECTOR('',#15972,1.);
#15972 = DIRECTION('',(1.,0.));
#15973 = ( GEOMETRIC_REPRESENTATION_CONTEXT(2) 
PARAMETRIC_REPRESENTATION_CONTEXT() REPRESENTATION_CONTEXT('2D SPACE',''
  ) );
#15974 = PCURVE('',#14825,#15975);
#15975 = DEFINITIONAL_REPRESENTATION('',(#15976),#15980);
#15976 = LINE('',#15977,#15978);
#15977 = CARTESIAN_POINT('',(7.946119374043,-5.462158532686));
#15978 = VECTOR('',#15979,1.);
#15979 = DIRECTION('',(0.,1.));
#15980 = ( GEOMETRIC_REPRESENTATION_CONTEXT(2) 
PARAMETRIC_REPRESENTATION_CONTEXT() REPRESENTATION_CONTEXT('2D SPACE',''
  ) );
#15981 = ORIENTED_EDGE('',*,*,#15982,.F.);
#15982 = EDGE_CURVE('',#15983,#15960,#15985,.T.);
#15983 = VERTEX_POINT('',#15984);
#15984 = CARTESIAN_POINT('',(93.539748953975,34.719665271967,0.));
#15985 = SURFACE_CURVE('',#15986,(#15990,#15997),.PCURVE_S1.);
#15986 = LINE('',#15987,#15988);
#15987 = CARTESIAN_POINT('',(93.539748953975,34.719665271967,0.));
#15988 = VECTOR('',#15989,1.);
#15989 = DIRECTION('',(0.,0.,1.));
#15990 = PCURVE('',#15922,#15991);
#15991 = DEFINITIONAL_REPRESENTATION('',(#15992),#15996);
#15992 = LINE('',#15993,#15994);
#15993 = CARTESIAN_POINT('',(23.422594142259,0.));
#15994 = VECTOR('',#15995,1.);
#15995 = DIRECTION('',(0.,-1.));
#15996 = ( GEOMETRIC_REPRESENTATION_CONTEXT(2) 
PARAMETRIC_REPRESENTATION_CONTEXT() REPRESENTATION_CONTEXT('2D SPACE',''
  ) );
#15997 = PCURVE('',#14797,#15998);
#15998 = DEFINITIONAL_REPRESENTATION('',(#15999),#16003);
#15999 = LINE('',#16000,#16001);
#16000 = CARTESIAN_POINT('',(0.,0.));
#16001 = VECTOR('',#16002,1.);
#16002 = DIRECTION('',(0.,-1.));
#16003 = ( GEOMETRIC_REPRESENTATION_CONTEXT(2) 
PARAMETRIC_REPRESENTATION_CONTEXT() REPRESENTATION_CONTEXT('2D SPACE',''
  ) );
#16004 = ORIENTED_EDGE('',*,*,#16005,.F.);
#16005 = EDGE_CURVE('',#15907,#15983,#16006,.T.);
#16006 = SURFACE_CURVE('',#16007,(#16011,#16018),.PCURVE_S1.);
#16007 = LINE('',#16008,#16009);
#16008 = CARTESIAN_POINT('',(93.539748953975,11.297071129707,0.));
#16009 = VECTOR('',#16010,1.);
#16010 = DIRECTION('',(0.,1.,0.));
#16011 = PCURVE('',#15922,#16012);
#16012 = DEFINITIONAL_REPRESENTATION('',(#16013),#16017);
#16013 = LINE('',#16014,#16015);
#16014 = CARTESIAN_POINT('',(0.,0.));
#16015 = VECTOR('',#16016,1.);
#16016 = DIRECTION('',(1.,0.));
#16017 = ( GEOMETRIC_REPRESENTATION_CONTEXT(2) 
PARAMETRIC_REPRESENTATION_CONTEXT() REPRESENTATION_CONTEXT('2D SPACE',''
  ) );
#16018 = PCURVE('',#14879,#16019);
#16019 = DEFINITIONAL_REPRESENTATION('',(#16020),#16024);
#16020 = LINE('',#16021,#16022);
#16021 = CARTESIAN_POINT('',(7.946119374043,-5.462158532686));
#16022 = VECTOR('',#16023,1.);
#16023 = DIRECTION('',(0.,1.));
#16024 = ( GEOMETRIC_REPRESENTATION_CONTEXT(2) 
PARAMETRIC_REPRESENTATION_CONTEXT() REPRESENTATION_CONTEXT('2D SPACE',''
  ) );
#16025 = ADVANCED_FACE('',(#16026),#14797,.F.);
#16026 = FACE_BOUND('',#16027,.F.);
#16027 = EDGE_LOOP('',(#16028,#16029,#16050,#16051));
#16028 = ORIENTED_EDGE('',*,*,#15982,.T.);
#16029 = ORIENTED_EDGE('',*,*,#16030,.T.);
#16030 = EDGE_CURVE('',#15960,#14777,#16031,.T.);
#16031 = SURFACE_CURVE('',#16032,(#16036,#16043),.PCURVE_S1.);
#16032 = LINE('',#16033,#16034);
#16033 = CARTESIAN_POINT('',(93.539748953975,34.719665271967,3.));
#16034 = VECTOR('',#16035,1.);
#16035 = DIRECTION('',(-0.707106781187,0.707106781187,0.));
#16036 = PCURVE('',#14797,#16037);
#16037 = DEFINITIONAL_REPRESENTATION('',(#16038),#16042);
#16038 = LINE('',#16039,#16040);
#16039 = CARTESIAN_POINT('',(0.,-3.));
#16040 = VECTOR('',#16041,1.);
#16041 = DIRECTION('',(1.,0.));
#16042 = ( GEOMETRIC_REPRESENTATION_CONTEXT(2) 
PARAMETRIC_REPRESENTATION_CONTEXT() REPRESENTATION_CONTEXT('2D SPACE',''
  ) );
#16043 = PCURVE('',#14825,#16044);
#16044 = DEFINITIONAL_REPRESENTATION('',(#16045),#16049);
#16045 = LINE('',#16046,#16047);
#16046 = CARTESIAN_POINT('',(7.946119374043,17.960435609573));
#16047 = VECTOR('',#16048,1.);
#16048 = DIRECTION('',(-0.707106781187,0.707106781187));
#16049 = ( GEOMETRIC_REPRESENTATION_CONTEXT(2) 
PARAMETRIC_REPRESENTATION_CONTEXT() REPRESENTATION_CONTEXT('2D SPACE',''
  ) );
#16050 = ORIENTED_EDGE('',*,*,#14774,.F.);
#16051 = ORIENTED_EDGE('',*,*,#16052,.F.);
#16052 = EDGE_CURVE('',#15983,#14775,#16053,.T.);
#16053 = SURFACE_CURVE('',#16054,(#16058,#16065),.PCURVE_S1.);
#16054 = LINE('',#16055,#16056);
#16055 = CARTESIAN_POINT('',(93.539748953975,34.719665271967,0.));
#16056 = VECTOR('',#16057,1.);
#16057 = DIRECTION('',(-0.707106781187,0.707106781187,0.));
#16058 = PCURVE('',#14797,#16059);
#16059 = DEFINITIONAL_REPRESENTATION('',(#16060),#16064);
#16060 = LINE('',#16061,#16062);
#16061 = CARTESIAN_POINT('',(0.,0.));
#16062 = VECTOR('',#16063,1.);
#16063 = DIRECTION('',(1.,0.));
#16064 = ( GEOMETRIC_REPRESENTATION_CONTEXT(2) 
PARAMETRIC_REPRESENTATION_CONTEXT() REPRESENTATION_CONTEXT('2D SPACE',''
  ) );
#16065 = PCURVE('',#14879,#16066);
#16066 = DEFINITIONAL_REPRESENTATION('',(#16067),#16071);
#16067 = LINE('',#16068,#16069);
#16068 = CARTESIAN_POINT('',(7.946119374043,17.960435609573));
#16069 = VECTOR('',#16070,1.);
#16070 = DIRECTION('',(-0.707106781187,0.707106781187));
#16071 = ( GEOMETRIC_REPRESENTATION_CONTEXT(2) 
PARAMETRIC_REPRESENTATION_CONTEXT() REPRESENTATION_CONTEXT('2D SPACE',''
  ) );
#16072 = ADVANCED_FACE('',(#16073),#14879,.F.);
#16073 = FACE_BOUND('',#16074,.F.);
#16074 = EDGE_LOOP('',(#16075,#16076,#16077,#16078,#16079,#16080,#16081,
    #16082,#16083,#16084,#16085,#16086,#16087,#16088,#16089,#16090,
    #16091));
#16075 = ORIENTED_EDGE('',*,*,#14865,.T.);
#16076 = ORIENTED_EDGE('',*,*,#14946,.T.);
#16077 = ORIENTED_EDGE('',*,*,#15022,.T.);
#16078 = ORIENTED_EDGE('',*,*,#15098,.T.);
#16079 = ORIENTED_EDGE('',*,*,#15174,.T.);
#16080 = ORIENTED_EDGE('',*,*,#15250,.T.);
#16081 = ORIENTED_EDGE('',*,*,#15326,.T.);
#16082 = ORIENTED_EDGE('',*,*,#15402,.T.);
#16083 = ORIENTED_EDGE('',*,*,#15478,.T.);
#16084 = ORIENTED_EDGE('',*,*,#15554,.T.);
#16085 = ORIENTED_EDGE('',*,*,#15630,.T.);
#16086 = ORIENTED_EDGE('',*,*,#15706,.T.);
#16087 = ORIENTED_EDGE('',*,*,#15782,.T.);
#16088 = ORIENTED_EDGE('',*,*,#15858,.T.);
#16089 = ORIENTED_EDGE('',*,*,#15934,.T.);
#16090 = ORIENTED_EDGE('',*,*,#16005,.T.);
#16091 = ORIENTED_EDGE('',*,*,#16052,.T.);
#16092 = ADVANCED_FACE('',(#16093),#14825,.T.);
#16093 = FACE_BOUND('',#16094,.T.);
#16094 = EDGE_LOOP('',(#16095,#16096,#16097,#16098,#16099,#16100,#16101,
    #16102,#16103,#16104,#16105,#16106,#16107,#16108,#16109,#16110,
    #16111));
#16095 = ORIENTED_EDGE('',*,*,#14809,.T.);
#16096 = ORIENTED_EDGE('',*,*,#14895,.T.);
#16097 = ORIENTED_EDGE('',*,*,#14971,.T.);
#16098 = ORIENTED_EDGE('',*,*,#15047,.T.);
#16099 = ORIENTED_EDGE('',*,*,#15123,.T.);
#16100 = ORIENTED_EDGE('',*,*,#15199,.T.);
#16101 = ORIENTED_EDGE('',*,*,#15275,.T.);
#16102 = ORIENTED_EDGE('',*,*,#15351,.T.);
#16103 = ORIENTED_EDGE('',*,*,#15427,.T.);
#16104 = ORIENTED_EDGE('',*,*,#15503,.T.);
#16105 = ORIENTED_EDGE('',*,*,#15579,.T.);
#16106 = ORIENTED_EDGE('',*,*,#15655,.T.);
#16107 = ORIENTED_EDGE('',*,*,#15731,.T.);
#16108 = ORIENTED_EDGE('',*,*,#15807,.T.);
#16109 = ORIENTED_EDGE('',*,*,#15883,.T.);
#16110 = ORIENTED_EDGE('',*,*,#15959,.T.);
#16111 = ORIENTED_EDGE('',*,*,#16030,.T.);
#16112 = ( GEOMETRIC_REPRESENTATION_CONTEXT(3) 
GLOBAL_UNCERTAINTY_ASSIGNED_CONTEXT((#16116)) 
GLOBAL_UNIT_ASSIGNED_CONTEXT((#16113,#16114,#16115)) 
REPRESENTATION_CONTEXT('Context #1',
  '3D Context with UNIT and UNCERTAINTY') );
#16113 = ( LENGTH_UNIT() NAMED_UNIT(*) SI_UNIT(.MILLI.,.METRE.) );
#16114 = ( NAMED_UNIT(*) PLANE_ANGLE_UNIT() SI_UNIT($,.RADIAN.) );
#16115 = ( NAMED_UNIT(*) SI_UNIT($,.STERADIAN.) SOLID_ANGLE_UNIT() );
#16116 = UNCERTAINTY_MEASURE_WITH_UNIT(LENGTH_MEASURE(1.E-07),#16113,
  'distance_accuracy_value','confusion accuracy');
#16117 = CONTEXT_DEPENDENT_SHAPE_REPRESENTATION(#16118,#16120);
#16118 = ( REPRESENTATION_RELATIONSHIP('','',#5803,#10) 
REPRESENTATION_RELATIONSHIP_WITH_TRANSFORMATION(#16119) 
SHAPE_REPRESENTATION_RELATIONSHIP() );
#16119 = ITEM_DEFINED_TRANSFORMATION('','',#11,#19);
#16120 = PRODUCT_DEFINITION_SHAPE('Placement','Placement of an item',
  #16121);
#16121 = NEXT_ASSEMBLY_USAGE_OCCURRENCE('2','red','',#5,#5798,$);
#16122 = PRODUCT_RELATED_PRODUCT_CATEGORY('part',$,(#5800));
#16123 = MECHANICAL_DESIGN_GEOMETRIC_PRESENTATION_REPRESENTATION('',(
    #16124,#16132,#16139),#5785);
#16124 = STYLED_ITEM('color',(#16125),#37);
#16125 = PRESENTATION_STYLE_ASSIGNMENT((#16126));
#16126 = SURFACE_STYLE_USAGE(.BOTH.,#16127);
#16127 = SURFACE_SIDE_STYLE('',(#16128));
#16128 = SURFACE_STYLE_FILL_AREA(#16129);
#16129 = FILL_AREA_STYLE('',(#16130));
#16130 = FILL_AREA_STYLE_COLOUR('',#16131);
#16131 = COLOUR_RGB('',0.101960784187,0.298039221799,0.541176465727);
#16132 = STYLED_ITEM('color',(#16133),#757);
#16133 = PRESENTATION_STYLE_ASSIGNMENT((#16134));
#16134 = SURFACE_STYLE_USAGE(.BOTH.,#16135);
#16135 = SURFACE_SIDE_STYLE('',(#16136));
#16136 = SURFACE_STYLE_FILL_AREA(#16137);
#16137 = FILL_AREA_STYLE('',(#16138));
#16138 = FILL_AREA_STYLE_COLOUR('',#16131);
#16139 = STYLED_ITEM('color',(#16140),#2491);
#16140 = PRESENTATION_STYLE_ASSIGNMENT((#16141));
#16141 = SURFACE_STYLE_USAGE(.BOTH.,#16142);
#16142 = SURFACE_SIDE_STYLE('',(#16143));
#16143 = SURFACE_STYLE_FILL_AREA(#16144);
#16144 = FILL_AREA_STYLE('',(#16145));
#16145 = FILL_AREA_STYLE_COLOUR('',#16131);
#16146 = MECHANICAL_DESIGN_GEOMETRIC_PRESENTATION_REPRESENTATION('',(
    #16147,#16155,#16162,#16169,#16176),#16112);
#16147 = STYLED_ITEM('color',(#16148),#5804);
#16148 = PRESENTATION_STYLE_ASSIGNMENT((#16149));
#16149 = SURFACE_STYLE_USAGE(.BOTH.,#16150);
#16150 = SURFACE_SIDE_STYLE('',(#16151));
#16151 = SURFACE_STYLE_FILL_AREA(#16152);
#16152 = FILL_AREA_STYLE('',(#16153));
#16153 = FILL_AREA_STYLE_COLOUR('',#16154);
#16154 = COLOUR_RGB('',0.882352934796,0.219607846375,0.207843135047);
#16155 = STYLED_ITEM('color',(#16156),#7928);
#16156 = PRESENTATION_STYLE_ASSIGNMENT((#16157));
#16157 = SURFACE_STYLE_USAGE(.BOTH.,#16158);
#16158 = SURFACE_SIDE_STYLE('',(#16159));
#16159 = SURFACE_STYLE_FILL_AREA(#16160);
#16160 = FILL_AREA_STYLE('',(#16161));
#16161 = FILL_AREA_STYLE_COLOUR('',#16154);
#16162 = STYLED_ITEM('color',(#16163),#10520);
#16163 = PRESENTATION_STYLE_ASSIGNMENT((#16164));
#16164 = SURFACE_STYLE_USAGE(.BOTH.,#16165);
#16165 = SURFACE_SIDE_STYLE('',(#16166));
#16166 = SURFACE_STYLE_FILL_AREA(#16167);
#16167 = FILL_AREA_STYLE('',(#16168));
#16168 = FILL_AREA_STYLE_COLOUR('',#16154);
#16169 = STYLED_ITEM('color',(#16170),#11786);
#16170 = PRESENTATION_STYLE_ASSIGNMENT((#16171));
#16171 = SURFACE_STYLE_USAGE(.BOTH.,#16172);
#16172 = SURFACE_SIDE_STYLE('',(#16173));
#16173 = SURFACE_STYLE_FILL_AREA(#16174);
#16174 = FILL_AREA_STYLE('',(#16175));
#16175 = FILL_AREA_STYLE_COLOUR('',#16154);
#16176 = STYLED_ITEM('color',(#16177),#14768);
#16177 = PRESENTATION_STYLE_ASSIGNMENT((#16178));
#16178 = SURFACE_STYLE_USAGE(.BOTH.,#16179);
#16179 = SURFACE_SIDE_STYLE('',(#16180));
#16180 = SURFACE_STYLE_FILL_AREA(#16181);
#16181 = FILL_AREA_STYLE('',(#16182));
#16182 = FILL_AREA_STYLE_COLOUR('',#16154);
ENDSEC;
END-ISO-10303-21;
